Hashtag,Title,Publication Date,Link
#bangladeshhindus,'We want peace': How Bangladesh's Hindus are seeing the upcoming election | BBC News India,2026-02-09,https://www.youtube.com/watch?v=sB-Y6ocBu0E
#bangladeshhindus,Bangladesh Erupts: Hindu Man Killed After Blasphemy Accusation As Mob Violence Spreads | Osman Hadi,2026-01-10,https://www.youtube.com/watch?v=-IRh5MZA2Ps
#bangladeshhindus,Bangladesh Hindus Targeted? Unrest As Monk Held For 'Sedition'| ISKCON Seeks India's Intervention?,2025-03-11,https://www.youtube.com/watch?v=E4cFTHikxZ0
#bangladeshhindus,Bangladesh HORROR: Another Hindu Man Killed by Vigilante Crowd in Bangladesh | WION Originals,2026-01-10,https://www.youtube.com/watch?v=1Z7LYsxEIF4
#bangladeshhindus,Bangladeshi Hindu Man Stabbed And Burnt On New Year's Eve | 4th Attack On Minorities In Two Weeks,2026-01-10,https://www.youtube.com/watch?v=bp6aSj_pWl4
#bangladeshhindus,Bangladesh Protests: Anger Over Killing Of Hindu Man in Bangladesh | WION News,2026-01-10,https://www.youtube.com/watch?v=t2RiJz7tCkU
#bangladeshhindus,Bangladesh Protests | Hindu Man Lynched In Bangladesh: Will Killers be Punished?,2026-01-10,https://www.youtube.com/watch?v=TCcKRqk6c7g
#bangladeshhindus,"Bangladesh HORROR: Hindu Auto Driver Beaten to Death, Minority Killings Mount | WION Originals",2026-02-09,https://www.youtube.com/watch?v=S4wKyQzvB5s
#bangladeshhindus,"Bangladesh Chaos: Hindu Worker Tied, Beaten & Burned Alive Amid Pakistan-Backed Unrest | N18G",2026-01-10,https://www.youtube.com/watch?v=iCt7aPHhLXM
#bangladeshhindus,"Bangladesh Crisis: Hindu Widow Woman Allegedly Assaulted, Tied To Tree And Hair Chopped Off",2026-01-10,https://www.youtube.com/watch?v=wEaI_HZ1Vmw
#bangladeshhindus,"India Protests Against Lynching Of Hindus In Bangladesh, Demands Justice | New Delhi | Dhaka",2026-01-10,https://www.youtube.com/watch?v=aeT6XbdFWyY
#bangladeshhindus,"India Responds to Attack on Hindus in Bangladesh, Expresses 'Grave Concern'",2026-01-10,https://www.youtube.com/watch?v=AKb1xscTYTw
#bangladeshhindus,HINDU MAN LYNCHED TO DEATH IN BANGLADESH OVER ALLEGED BLASPHEMY; 7 ARRESTED,2026-01-10,https://www.youtube.com/watch?v=mLStBhBNdHw
#bangladeshhindus,"Bangladesh: Amid Attacks on Minorities, Hindus Form Party | WION NEWS",2026-01-10,https://www.youtube.com/watch?v=Cpy0ODloPiQ
#bangladeshhindus,"Bangladesh Election | ""We Don't Feel Safe"": Bangladeshi Hindus Voice Fear Ahead Of Polls",2026-02-18,https://www.youtube.com/watch?v=atksJ2IvBuQ
#bangladeshhindus,"Bangladesh's Hindu Man Killed Over 'Work Rivalry', Family Demands Justice | Dipu Chandra Das",2026-01-10,https://www.youtube.com/watch?v=lYyygnp3yLE
#bangladeshhindus,Bangladesh Protests: Kolkata Demonstrates Against Violence On Hindu Minorities | Dhaka,2026-01-10,https://www.youtube.com/watch?v=O6bsXPN47xQ
#bangladeshhindus,This Is Exclusive: Anti-Hindu Radicals Storm Indian Embassy in Dhaka | Bangladesh Unrest,2026-01-10,https://www.youtube.com/watch?v=hqUe-sverVc
#bangladeshhindus,Bangladesh News: India-Bangladesh Tensions Rise After Hindu Lynching | Bangladesh Violence,2026-01-10,https://www.youtube.com/watch?v=9zGNPx3_8dc
#bangladeshhindus,Hindu Killed In Bangladesh | Another Hindu Man Beaten To Death In Bangladesh: Local Reports,2026-01-10,https://www.youtube.com/watch?v=3LpV2xLZVSU
#bangladeshhindus,"Bangladesh Crisis: Journalist Muktadir Rashid Claims 'Secular Lynching' Of Hindu Man, Denies",2026-01-10,https://www.youtube.com/watch?v=E6oM08rVzoQ
#bangladeshhindus,Interim Regime Silent as Another Hindu Killed in Bangladesh | Vantage With Palki Sharma,2026-01-10,https://www.youtube.com/watch?v=GoDskmQ158Q
#bangladeshhindus,HINDU Dipu Chandra Das Lynching: Truth Behind Bangladesh Mob Violence | Hindu in Bangladesh,2026-01-10,https://www.youtube.com/watch?v=lc01aSN24G0
#bangladeshhindus,Bangladesh Unrest: Hindu Man Killed With Shovel While Trying To Save His Employee| Horror In Visuals,2026-02-09,https://www.youtube.com/watch?v=8LFuLhGs6go
#bangladeshhindus,"Bangladesh: From Burning Dipu Chandra Das To Attacking Hindi Songs, Hindus On Survival Mode in Dhaka",2026-01-10,https://www.youtube.com/watch?v=GlmPykarrE8
#bangladeshhindus,Bangladesh Embassy Protests | Protests At Bangladesh High Commission Over Hindu Man's Lynching,2026-01-10,https://www.youtube.com/watch?v=cCVE7rNX6Sg
#bangladeshhindus,"Bangladesh: Hindu Families Wake Up To Horror- Locked Up Homes Set Ablaze, Mob Chants Slogans| Watch",2026-01-10,https://www.youtube.com/watch?v=aZ625Jc-IK8
#bangladeshhindus,Why Was Hindu Man Lynched In Bangladesh Violence | Xplained By NewsX,2026-01-10,https://www.youtube.com/watch?v=yB6eoeu4cnw
#bangladeshhindus,Bangladeshi Hindu | 'Lord Ram Is With Us': Bangladeshi Hindus Speak To NDTV,2026-01-10,https://www.youtube.com/watch?v=jTl-arsli9M
#bangladeshhindus,Protests Near Bangladeshi High Commission After Hindu Man's Lynching | Vantage with Palki Sharma,2026-01-10,https://www.youtube.com/watch?v=HZopD-YtxpU
#bangladeshhindus,"Bangladeshi Hindu | ""Attack On Hindus Worrisome"": India After 2 Men Lynched In Bangladesh",2026-01-10,https://www.youtube.com/watch?v=wfxfGxv0l5o
#bangladeshhindus,From Bengal To Gujarat: Protests Against Violence On Hindus In Bangladesh | Sheikh Hasina | PM Modi,2026-01-10,https://www.youtube.com/watch?v=tof9tOtVfu8
#bangladeshhindus,Bangladesh Violence | NDTV Exclusive: Bangladeshi Hindus' Hidden Fears Amid Mob Tensions,2026-01-10,https://www.youtube.com/watch?v=mowei2gPU7g
#bangladeshhindus,Bangladesh Elections | Dhaka: Hindu Lawmaker Dismisses Communalism in Bangladesh | Race to Power,2026-02-18,https://www.youtube.com/watch?v=ZfSzfQDO1pQ
#bangladeshhindus,"Bangladeshi Hindu Doc's Gut-Wrenching Murder Sends Shockwaves, Sparks Outrage, First Stabbed Then...",2026-01-10,https://www.youtube.com/watch?v=GZvm4J9Ib20
#bangladeshhindus,BREAKING: Hindu Youth Brutally Killed By A Mob In Bangladesh Amid Anti-india Protests | News18,2026-01-10,https://www.youtube.com/watch?v=--7xyQVqqic
#bangladeshhindus,Bangladesh Horror: Why Are Hindus Being Targeted in Bangladesh?What’s Happening and Why?,2026-02-09,https://www.youtube.com/watch?v=CWho9Ouygyk
#bangladeshhindus,Hindu Man Burnt Alive: Bangladesh Violent Protests Target India | Osman Hadi Killing & Funeral ,2026-01-10,https://www.youtube.com/watch?v=V8oAF7RjZkw
#bangladeshhindus,Sixth Hindu Killed In Bangladesh; Minority Safety Alarms Raised | News9,2026-01-10,https://www.youtube.com/watch?v=bCFZ2QD2DlE
#bangladeshhindus,Another Hindu Man Beaten to Death in Bangladesh | Vantage with Palki Sharma | N18G,2026-01-10,https://www.youtube.com/watch?v=ySGin-aY3jg
#bangladeshhindus,Bangladesh | How Hindu Worker Dipu Chadra Das Was Lynched Over Blasphemy Charge | MOJO STORY,2026-01-10,https://www.youtube.com/watch?v=npaEJ0IFAs0
#bangladeshhindus,Bangladesh Boils: Shockwaves As Another Hindu Man Beaten To Death Days After Dipu Chandra Lynched,2026-01-10,https://www.youtube.com/watch?v=5CRQEiye_bo
#bangladeshhindus,Bangladesh Shocker: 23-Year-Old Hindu Man Burnt Alive While Sleeping | N18G,2026-02-09,https://www.youtube.com/watch?v=3VF90mx6jlY
#bangladeshhindus,"Bangladesh Violence: Hindu Man Lynched Over Blasphemy Rumour, Govt Calls It 'Isolated'",2026-01-10,https://www.youtube.com/watch?v=yLVHxzni4rw
#bangladeshhindus,‘Save Hindus in Bangladesh!’ Massive Outrage Over Hindu Youth Lynching in Bangladesh |Protests Erupt,2026-01-10,https://www.youtube.com/watch?v=30upz2iO1So
#bangladeshhindus,"Bangladesh Unrest: Press Offices Torched, Hindu Man Lynched | Vantage with Palki Sharma | N18G",2026-01-10,https://www.youtube.com/watch?v=UC5E0x512xs
#bangladeshhindus,Another Hindu Man Attacked in Bangladesh; Wife Recounts the Harrowing Ordeal,2026-01-10,https://www.youtube.com/watch?v=Fx6LDNKKJRU
#bangladeshhindus,Bangladesh Hindu Man Burnt Alive; Family Calls it 'Planned Murder'  Seeks Justice From Govt | Watch,2026-02-09,https://www.youtube.com/watch?v=geMPjOEfEA8
#bangladeshhindus,Life of Hindu’s In Bangladesh 🇧🇩 | Haryanvi Voyager,2025-11-11,https://www.youtube.com/watch?v=XELEOM9IpDA
#bangladeshhindus,Bangladesh On Boil After Hindu Man Lynched; War On Streets Of Dhaka | ‘No Mercy…’,2026-01-10,https://www.youtube.com/watch?v=CxwJ4VjY-eI
#bangladeshhindus,"Bangladesh Horror: Hindu Rickshaw Puller Thrashed, Branded 'RAW Agent' Days After Dipu Das' Lynching",2026-01-10,https://www.youtube.com/watch?v=7auTzSLqt7Q
#bangladeshhindus,Bangladesh Mob Lynching: Who Is Behind The Killing Of Hindu Man In Mymensingh?,2026-01-10,https://www.youtube.com/watch?v=M2k8Zk6l5IM
#bangladeshhindus,Bangladesh: Hindu Man Set on Fire; 4th attack in 2 Weeks | Firstpost Live | N18G,2026-01-10,https://www.youtube.com/watch?v=cz9RdY4INjg
#bangladeshhindus,"Another Hindu Man Attacked In Bangladesh, Mob Sets Him Ablaze With Petrol | Vantage By Palki Sharma",2026-01-10,https://www.youtube.com/watch?v=bnBGk47MVh8
#bangladeshhindus,"Hindus Form Bangladesh Minority Janta Party, BMJP to Contest Upcoming Polls | WION News",2026-01-10,https://www.youtube.com/watch?v=TFjT4-04wd8
#bangladeshhindus,Bangladeshi Hindu | NDTV Ground Report: What's It Like To Be A Hindu In Bangladesh,2026-01-10,https://www.youtube.com/watch?v=ADnoWBIFK8k
#bangladeshhindus,"Bangladesh News | Hindu Family Wakes Up To Burning Homes In Bangladesh, Locked In, Escapes",2026-01-10,https://www.youtube.com/watch?v=ApaRDowjpCg
#bangladeshhindus,Bangladesh Protest LIVE: Protest in Bangladesh After Hindu Man's Lynching |Vantage with Palki Sharma,2026-01-10,https://www.youtube.com/watch?v=MaowuyAD-rw
#bangladeshhindus,Khalistanis Disrupt London Protest by Hindus Over Minority Killings in Bangladesh | News18,2026-01-10,https://www.youtube.com/watch?v=iJbzz1QZ8AQ
#bangladeshhindus,Bangladesh: Fear among Hindus as religious festival starts | DW Documentary,2023-03-12,https://www.youtube.com/watch?v=VoPyuD6flUk
#bangladeshhindus,"Bangladesh Burns After Hadi Death: Newsrooms Attacked, Hindu Lynched, India Targeted | 4K | N18G",2026-01-10,https://www.youtube.com/watch?v=X2p2XpFpgYs
#bangladeshhindus,BREAKING: Another Hindu Lynched To Death In Bangladesh,2026-02-09,https://www.youtube.com/watch?v=lRyuti4704A
#bangladeshhindus,Bangladesh Violence: Hindu Man Drowns to Death While Escaping Mob | World DNA,2026-01-10,https://www.youtube.com/watch?v=D1f5b17mldI
#bangladeshhindus,Huge Protest Outside Bangladesh High Commission In Delhi Over Hindu Man's Lynching| Dipu Das | India,2026-01-10,https://www.youtube.com/watch?v=NpkcDAq9phw
#bangladeshhindus,Siliguri Protest Against Attacks On Hindus In Bangladesh | No Human Rights For Hindus In Bangladesh?,2026-01-10,https://www.youtube.com/watch?v=VfjpqXlQdE0
#bangladeshhindus,"Bangladesh's new party aims to unite Hindus, minorities",2026-01-10,https://www.youtube.com/watch?v=uXyFGoBetu8
#bangladeshhindus,Arnab's Ultimate Call-Out Of Liberal Hypocrisy On Killings of Hindus In Bangladesh,2026-01-10,https://www.youtube.com/watch?v=17jsjwfy8zc
#bangladeshhindus,Bangladesh News: 'Attack On Hindus A Matter Of...' MEA's Warning After 2 Men Lynched In B'desh,2026-01-10,https://www.youtube.com/watch?v=SrznveFwvz0
#bangladeshhindus,Bangladesh Violence News LIVE: India Condemns Atrocities Against Hindus in Bangladesh | MEA Briefing,2026-01-10,https://www.youtube.com/watch?v=JDZKXPK-5Yo
#bangladeshhindus,Bangladesh Elections | Hindus At Risk After Jamaat's Return & Sheikh Hasina's Fall? | BNP | 4K,2026-02-18,https://www.youtube.com/watch?v=iZexZbvVqLo
#bangladeshhindus,Hindu Teacher’s House Set on Fire in Bangladesh | Hindus Face Growing Violence in Bangladesh | News9,2026-02-09,https://www.youtube.com/watch?v=StYz-6S2vsE
#bangladeshhindus,Misleading reports of attacks on Bangladesh Hindus circulates in India | Al Jazeera Newsfeed,2025-03-11,https://www.youtube.com/watch?v=63vKHCbAwn4
#bangladeshhindus,"Bangladesh Hindu Attack: Khokon Das Attacked And Burned Alive By Recognized Assailants, Dies",2026-01-10,https://www.youtube.com/watch?v=poUl7oRQD8Q
#bangladeshhindus,Are Hindus Safe In Bangladesh Now? | Hindu BNP MP Gayeshwar Chandra Roy Answers India's Concerns,2026-02-18,https://www.youtube.com/watch?v=g4CRHTl56JQ
#bangladeshhindus,"Christians And Hindus Attacked, Churches Vandalised Amid Rising Unrest In Bangladesh | News18",2026-01-10,https://www.youtube.com/watch?v=NtWikONmpDI
#bangladeshhindus,Bangladesh Hindu Businessman Attacked by Mob While Heading Home | WION,2026-01-10,https://www.youtube.com/watch?v=4eUT3UkOaMc
#bangladeshhindus,Celebrities Condemn Attack On Hindus In Bangladesh | Bangladesh Unrest | #thehardfacts | News18,2026-01-10,https://www.youtube.com/watch?v=UM4gg5NYr-o
#bangladeshhindus,BREAKING: AIMIM Chief Owaisi Condemns Murder Of Hindu Youth In Bangladesh,2026-01-10,https://www.youtube.com/watch?v=3WnnU0T6NhQ
#bangladeshhindus,Exposed: How attacks on Hindus in Bangladesh are driven by fake news,2025-03-11,https://www.youtube.com/watch?v=OssR80j7MU0
#bangladeshhindus,From Dhaka To Delhi: Protests Erupt Over Atrocities Against Hindus In Bangladesh,2026-01-10,https://www.youtube.com/watch?v=hwkiWfVMx5o
#bangladeshhindus,LIVE | Bollywood Celebrities Condemns Violence Against Hindus Taking Place In Bangladesh | N18G,2026-01-10,https://www.youtube.com/watch?v=QRzb2llQk8s
#bangladeshhindus,"Pawan Kalyan, Priyanka Gandhi Condemn Lynching of Hindu Worker in Bangladesh | India Today News",2026-01-10,https://www.youtube.com/watch?v=Kz5cpid-ZpE
#bangladeshhindus,BREAKING: Hindu Youth Brutally Killed By A Mob In Bangladesh Amid Anti-india Protests | News18,2026-01-10,https://www.youtube.com/watch?v=O68w2Bo1H5U
#bangladeshhindus,"Hindu Killed In Bangladesh | 9 Hindu NTPC Officials, Engineers Leave Dhaka Amid Rising Atrocities",2026-02-09,https://www.youtube.com/watch?v=fICICV8wvEg
#bangladeshhindus,"Bangladesh Foreign Ministry Reacts After Shocking Hindu Man Lynching, Calls It 'Isolated Attack'",2026-01-10,https://www.youtube.com/watch?v=gL0A8dQVJTw
#bangladeshhindus,Bangladesh News | Fresh Allegations Of Targeted Violence Against Hindus In Bangladesh Have Surfaced,2026-01-10,https://www.youtube.com/watch?v=oNLWrkjybkc
#bangladeshhindus,Bangladesh Crisis: No End To Hindu Killings | Yunus Regime | Sheikh Hasina | The Hard Facts,2026-01-10,https://www.youtube.com/watch?v=8ao7xOvQRjQ
#bangladeshhindus,Bangladesh Election: Bangladesh and Minority Safety: Where Do Hindus Stand? Dhakeshwari Temple,2026-02-09,https://www.youtube.com/watch?v=9WidI_29oeo
#bangladeshhindus,Hindus In Danger: Dhaka 'Inaction' Sanctions This? | Bangladesh | Brass Tacks | News18,2026-01-10,https://www.youtube.com/watch?v=jeGhDHPti9Q
#bangladeshhindus,Is Bangladesh Still Safe for Hindus? | All Eyes on Bangladesh Hindus | Dipu Chandra Das,2026-01-10,https://www.youtube.com/watch?v=ccT2AewSpoY
#bangladeshhindus,BREAKING: Another Hindu Man Stabbed And Set Ablaze In Bangladesh,2026-01-10,https://www.youtube.com/watch?v=n3MdzuXhjcw
#bangladeshhindus,Bangladesh Embassy | Nationwide Protests Over Atrocities Against Hindus In Bangladesh,2026-01-10,https://www.youtube.com/watch?v=uJLic5zVAng
#bangladeshhindus,"India Today Reports: Bangladesh Tense As Hindu Man Lynched, Youth Leader Shot | Bangladesh Unrest",2026-01-10,https://www.youtube.com/watch?v=AvQ3nE_JsBE
#bangladeshhindus,Bangladesh Unrest: Hindu Man Killed Over Extortion Bid | WION,2026-01-10,https://www.youtube.com/watch?v=HSoVK-i7TgA
#Bangladeshminorities,Bangladesh Violence: Minorities Continue to Face Mob Attacks in Bangladesh | WION NEWS,2026-01-10,https://www.youtube.com/watch?v=JMPw7KD9xmQ
#Bangladeshminorities,"Bangladesh: Amid Attacks on Minorities, Hindus Form Party | WION NEWS",2026-01-10,https://www.youtube.com/watch?v=Cpy0ODloPiQ
#Bangladeshminorities,Why Minorities Are Under Threat in Bangladesh | Violence After Osman Hadi’s Killing | Jist,2026-01-10,https://www.youtube.com/watch?v=jAuQfIz8veM
#Bangladeshminorities,People Protest In Siliguri Against Attacks On Minorities In Bangladesh | Bangladesh News | 4K,2026-01-10,https://www.youtube.com/watch?v=q6i98Nz7oxM
#Bangladeshminorities,"Bangladesh HORROR: Hindu Auto Driver Beaten to Death, Minority Killings Mount | WION Originals",2026-02-09,https://www.youtube.com/watch?v=S4wKyQzvB5s
#Bangladeshminorities,Bangladesh Violence: Minorities Continue to Face Mob Attacks in Bangladesh | WION,2026-01-10,https://www.youtube.com/watch?v=J7X6NshvtoU
#Bangladeshminorities,"Hindus Form Bangladesh Minority Janta Party, BMJP to Contest Upcoming Polls | WION News",2026-01-10,https://www.youtube.com/watch?v=TFjT4-04wd8
#Bangladeshminorities,Inside the violence against minorities in Bangladesh | BBC News India,2025-03-11,https://www.youtube.com/watch?v=eguaYBIieuo
#Bangladeshminorities,"India Summons Bangladesh Envoy After Hindu Lynching, Fear Grips Dhaka Minorities | India Today",2026-01-10,https://www.youtube.com/watch?v=rtwF0KCIgDM
#Bangladeshminorities,"MEA Randhir Jaiswal: 2,900 Attacks on Minorities in Bangladesh; Condemns Killing of Hindu Youth",2026-01-10,https://www.youtube.com/watch?v=eAYcB8d9wqA
#Bangladeshminorities,Bangladesh Protests: Kolkata Demonstrates Against Violence On Hindu Minorities | Dhaka,2026-01-10,https://www.youtube.com/watch?v=O6bsXPN47xQ
#Bangladeshminorities,Bangladesh Protest | Hindu Family Homes Torched In Bangladesh Amid Attacks On Minorities,2026-01-10,https://www.youtube.com/watch?v=S6Q1n5E9mCc
#Bangladeshminorities,Bangladesh News | Post-Poll Bangladesh: Minority Student Speaks On Fear Ahead Of February 12 Vote,2026-02-09,https://www.youtube.com/watch?v=kjF6UDtoypA
#Bangladeshminorities,"Bangladesh Polls: Jamaat Chief Rejects 'Minority' Tag, Promises Equal Rights For All Citizens",2026-02-09,https://www.youtube.com/watch?v=44vmTZGpKAA
#Bangladeshminorities,Bangladesh's Hindu minority in fear as attacks rise and national election nears,2026-02-09,https://www.youtube.com/watch?v=jl1wtkTbAL8
#Bangladeshminorities,"Hindu Minorities in Bangladesh Face Crisis, Says Canadian MP Melissa Lantsman",2026-01-10,https://www.youtube.com/watch?v=tIhVdLpNSBc
#Bangladeshminorities,Bangladesh News: India Responds To Minority Attacks In Bangladesh | India Bangladesh News,2026-01-10,https://www.youtube.com/watch?v=lvemQOOmzmQ
#Bangladeshminorities,"Breaking: Attacks on Minorities Continue in Bangladesh, Chandra Dad Killed Inside His Shop | WION",2026-02-09,https://www.youtube.com/watch?v=O7UFhs1IsW4
#Bangladeshminorities,"Bangladesh minorities protest lynching of Hindu man in Mymensingh, demand justice and security",2026-01-10,https://www.youtube.com/watch?v=8brCL0UpXiw
#Bangladeshminorities,Two Hindu Men Lynched in Bangladesh Within Week as Violence Against Minorities Escalates Sharply,2026-01-10,https://www.youtube.com/watch?v=ouB3RuYn5Ng
#Bangladeshminorities,"Bangladesh Elections 2026 | Jamaat Candidate Speaks To NDTV On Women, Minorities, & Change",2026-02-09,https://www.youtube.com/watch?v=vrwzpOEkfnk
#Bangladeshminorities,Bangladesh News | Minority Violence: Two Hindu Men Killed in Separate Bangladesh Incidents,2026-01-10,https://www.youtube.com/watch?v=T7NkEtlk7_A
#Bangladeshminorities,Bangladesh Protests: Chilling Scenes Emerge After Thousands March In Dhaka Against Minority Sect,2025-12-11,https://www.youtube.com/watch?v=ba-a0oyEsb0
#Bangladeshminorities,"Sheikh Hasina’s Unfiltered Interview: “Minorities Live In Fear, Mob Terror Rules Bangladesh” | WION",2026-02-09,https://www.youtube.com/watch?v=O1ChLOZ8xtY
#Bangladeshminorities,Bangladesh - Dawn of Islamism | DW Documentary,2019-03-13,https://www.youtube.com/watch?v=J6DxXI6wD8U
#Bangladeshminorities,Bangladesh: Thousands Protest Against Minority Ahmadiya Muslims in Dhaka | Firstpost | N18G,2025-12-11,https://www.youtube.com/watch?v=R3ZusyDWaXA
#Bangladeshminorities,Exiled Taslima Nasreen Condemns Lynching of Hindu Worker in Bangladesh | Minority Violence Report,2026-01-10,https://www.youtube.com/watch?v=o_kmvRsco1Q
#Bangladeshminorities,"Bangladesh's new party aims to unite Hindus, minorities",2026-01-10,https://www.youtube.com/watch?v=uXyFGoBetu8
#Bangladeshminorities,"Human Rights Report From Bangladesh Says 116 Minority Citizens Killed In 7 Months, Flags Violence",2026-02-09,https://www.youtube.com/watch?v=0xOshIEqQVI
#Bangladeshminorities,Bangladesh Violence: Sheikh Hasina Accuses Yunus Regime Of Burning Minorities Alive | Watch,2026-01-10,https://www.youtube.com/watch?v=5V04jTPuJT4
#Bangladeshminorities,Explained: Why Hindu & Buddhist Ministers in Bangladesh Cabinet Matter,2026-02-18,https://www.youtube.com/watch?v=YVB5e1gL9uY
#Bangladeshminorities,Bangladesh Acknowledges 88 Incidents Of Violence Against Hindus & Minorities | India Bangladesh News,2025-03-11,https://www.youtube.com/watch?v=rhCWIDp-D_E
#Bangladeshminorities,Bangladesh Minorities Protest Lynching of Hindu Man in Mymensingh | Demand Justice & Security,2026-01-10,https://www.youtube.com/watch?v=54nm10O7Zv0
#Bangladeshminorities,India Flags Recurring Attacks On Minorities In Bangladesh | MEA Expresses Concern,2026-01-10,https://www.youtube.com/watch?v=j9TtGBVP7T0
#Bangladeshminorities,Attacks On Hindu Minorities In Bangladesh Ahead Of Elections | ON POINT | News9,2026-02-09,https://www.youtube.com/watch?v=PdusGn6MhwU
#Bangladeshminorities,Bangladesh Election: Bangladesh and Minority Safety: Where Do Hindus Stand? Dhakeshwari Temple,2026-02-09,https://www.youtube.com/watch?v=9WidI_29oeo
#Bangladeshminorities,Bangladesh Crisis: Canada MP Raises Alarm on Violence Against Religious Minorities,2025-03-11,https://www.youtube.com/watch?v=V-2efY-19Kw
#Bangladeshminorities,"Bangladesh Elections 2026: Security, Minority Concerns ahead of voting | DD India",2026-02-09,https://www.youtube.com/watch?v=GsCeJ2R0UXk
#Bangladeshminorities,"Bangladesh Releases Report on Crimes Against Minorities, Yunus Points to Non-Communal Reasons | WION",2026-02-09,https://www.youtube.com/watch?v=PTLYxmxBegc
#Bangladeshminorities,"Bangladesh Unrest Grows As Minorities Protest Lynching, Demand Action Against Extremism",2026-01-10,https://www.youtube.com/watch?v=CgmHi48wNXk
#Bangladeshminorities,"LIVE: Bangladesh Minorities Protest Over Hindu Man Lynching in Mymensingh, Demand Justice",2026-01-10,https://www.youtube.com/watch?v=2WAXNcc4ul0
#Bangladeshminorities,BREAKING: Hindu’s Death in Bangladesh Sparks Global Condemnation | Rights Groups Warn of Pattern,2026-01-10,https://www.youtube.com/watch?v=JNBGfPWn1GM
#Bangladeshminorities,Bangladesh Minorities Protest Mob Lynching of Hindu Youth Dipu Chandra Das in Dhaka,2026-01-10,https://www.youtube.com/watch?v=VP-XjK5ZT-Q
#Bangladeshminorities,"Bangladesh Elections News | ""Minorities Will Be Safe Before And After Polls"": Muhammad Yunus Aide",2026-02-09,https://www.youtube.com/watch?v=SSGeB53YjRs
#Bangladeshminorities,Why Is India Worried About Minority Violence In Bangladesh? Latest Updates | NewsX,2026-01-10,https://www.youtube.com/watch?v=plReLKMsV90
#Bangladeshminorities,"India Condemns Bangladesh Media Propaganda, Calls for Protection of Hindu Minorities",2026-01-10,https://www.youtube.com/watch?v=s6mOW_DjfPk
#Bangladeshminorities,Hindu Minority Party Enters Bangladesh Elections | BMJP To Contest 2026 Polls | KATV India,2026-01-10,https://www.youtube.com/watch?v=OD7-zHS4rJA
#Bangladeshminorities,"“Bangladesh Is At The Brink”: Taslima Nasreen Warns of Extremism, Minority Persecution",2026-01-10,https://www.youtube.com/watch?v=3ktKj1H84SM
#Bangladeshminorities,"Bangladesh News | As Polling Day Approaches, Bangladesh Minorities Express Fear",2026-02-09,https://www.youtube.com/watch?v=hXEjdzb3Qa8
#Bangladeshminorities,"Bangladesh Violence: Canadian MP Warns of Minority Persecution, Islamist Surge",2026-01-10,https://www.youtube.com/watch?v=CYRLpzCb2I4
#Bangladeshminorities,Minorities fear for safety amid unrest in Bangladesh,2026-01-10,https://www.youtube.com/watch?v=u8W_tqsIiis
#Bangladeshminorities,"Bangladesh Crisis: Journalist Muktadir Rashid Claims 'Secular Lynching' Of Hindu Man, Denies",2026-01-10,https://www.youtube.com/watch?v=E6oM08rVzoQ
#Bangladeshminorities,2 Hindu Men Killed In 24 Hours In Bangladesh | Minority Killing | Bangladesh Atrocities | LIVE,2026-01-10,https://www.youtube.com/watch?v=YmeB1kEFmSE
#Bangladeshminorities,"Hindus in Bangladesh: UK parliament raises concerns on attacks on minorities, calls for intervention",2025-03-11,https://www.youtube.com/watch?v=l3Xic806OEw
#Bangladeshminorities,Bangladesh Unrest | Minority Attacks Spike | Dhaka University Students Speak Out | Bangladesh News,2026-01-10,https://www.youtube.com/watch?v=ZevT3W_cCw8
#Bangladeshminorities,"MEA Briefs Media, Claims Attacks On Minorities In Bangladesh Is A Great Concern | News18",2026-01-10,https://www.youtube.com/watch?v=vEX47CVidZM
#Bangladeshminorities,Will Bangladesh Minorities Be Safe Under BNP-Jamaat? India's Border Dilemma | Statecraft Ep 296,2026-02-18,https://www.youtube.com/watch?v=90eBfS5fSFA
#Bangladeshminorities,Bangladesh Protests: London Rally Demands End To Attacks On Religious Minorities In Ba'desh | NewsX,2026-01-10,https://www.youtube.com/watch?v=qbMSPp_poLo
#Bangladeshminorities,"Bangladesh Unrest | No End To Bangladesh Crisis, Minorities Targeted Again",2026-01-10,https://www.youtube.com/watch?v=_UGi_hhaDzk
#Bangladeshminorities,Growing attacks on minorities in Bangladesh,2026-01-10,https://www.youtube.com/watch?v=C59ryqdAvgE
#Bangladeshminorities,India First Debate: Hindus Unsafe In Bangladesh Under Md Yunus Govt? | Hindu Killings In Bangladesh,2026-01-10,https://www.youtube.com/watch?v=1qTIMqXEOXY
#Bangladeshminorities,Khalistanis Disrupt London Protest by Hindus Over Minority Killings in Bangladesh | News18,2026-01-10,https://www.youtube.com/watch?v=iJbzz1QZ8AQ
#Bangladeshminorities,"Bangladesh Polls: Minority Safety, Political Shift and Future Direction in Spotlight | Brass Tacks",2026-02-18,https://www.youtube.com/watch?v=3ucrM8LqDe8
#Bangladeshminorities,Bangladesh: Hindu-Owned House Torched As Mob Violence Against Minorities Continue | Shocking Video,2026-01-10,https://www.youtube.com/watch?v=GR8iiMU9IAs
#Bangladeshminorities,Kolkata Protest: Congress Workers Stage Protest  Against Atrocities on Minorities in Bangladesh,2026-01-10,https://www.youtube.com/watch?v=F-2WolULfMU
#Bangladeshminorities,Bangladesh Unrest: Hindu Family Homes Torched In Bangladesh Amid Attacks On Minorities,2026-01-10,https://www.youtube.com/watch?v=VkZ1Mvopfao
#Bangladeshminorities,Massive Protest Breaks Out In London Against Violence On Minorities In Bangladesh; Slogans Raised,2026-01-10,https://www.youtube.com/watch?v=VeuWQYxrkFo
#Bangladeshminorities,"Exclusive Interview: BNP Adviser on Tarique Rahman, India-Bangladesh Ties & Minorities",2026-02-09,https://www.youtube.com/watch?v=LZLX9FQ6i04
#Bangladeshminorities,Bangladesh Elections | Safety Of Minorities Under Spotlight As Bangladesh Gears-Up For Polls,2026-02-09,https://www.youtube.com/watch?v=suPJL2Ciyi0
#Bangladeshminorities,Bangladesh Minorities Under Threat: Sylhet Teacher’s Home Torched | News9,2026-02-09,https://www.youtube.com/watch?v=dS8ElhMo5UU
#Bangladeshminorities,Bangladesh’s First Post-Uprising Election: A Major Test for Democracy & Minority Rights,2026-02-09,https://www.youtube.com/watch?v=T366CcE5C4k
#Bangladeshminorities,"TROUBLED BORDERS in 2026 ? India, Pakistan, China & Bangladesh - Astrology Predictions @ManeezaAhuja",2026-03-07,https://www.youtube.com/watch?v=e5AmFSoeNMY
#Bangladeshminorities,Hindu Minorities Murder In Bangladesh Flagged By US Congressman Thomas Suozzi | Bangladesh Unrest,2026-01-10,https://www.youtube.com/watch?v=c-cdaFh36p4
#Bangladeshminorities,ATTACK ON MINORITIES CONTINUE IN BANGLADESH: HINDU AUTO DRIVER KILLED,2026-02-09,https://www.youtube.com/watch?v=sK43aiDNnL8
#Bangladeshminorities,LIVE : Rising Attacks on Bangladesh’s Minorities | Is Govt in Denial? | News9,2025-04-15,https://www.youtube.com/watch?v=XCoIoOfh-II
#Bangladeshminorities,India urges Bangladesh government to protect minorities,2025-03-11,https://www.youtube.com/watch?v=6Doz-o4pcOk
#Bangladeshminorities,Bangladesh Votes: What This Election Means For Minorities | News9,2026-02-18,https://www.youtube.com/watch?v=CwxAXZnZdKg
#Bangladeshminorities,Bangladesh Polls Begin February 12 Amid Minority Safety Concerns After 18 Months of Interim Rule,2026-02-09,https://www.youtube.com/watch?v=QIuZb2Xa0yQ
#BuddhistsOfBangladesh,বৌদ্ধ কীর্তন ( Shakyamitra Barua ) শ্রদ্ধেয় শিল্পী : শাক্য মিত্র বড়ুয়া । Bangla Buddhist New Song,2025-08-13,https://www.youtube.com/watch?v=L2hYmdHJI9o
#BuddhistsOfBangladesh,Life of Buddhist in Bangladesh ?,2025-03-11,https://www.youtube.com/watch?v=S3ZxRhiCPfE
#BuddhistsOfBangladesh,Visiting Buddha Temple in Bangladesh With Orphan Kids 🇧🇩,2024-03-11,https://www.youtube.com/watch?v=wJpEzuzO0Og
#BuddhistsOfBangladesh,Buddhist temple destroyed in Bangladesh,2013-03-14,https://www.youtube.com/watch?v=YPaZC2M0ZIU
#BuddhistsOfBangladesh,Bangla Buddhist Sutra By jyoti sar Sraman,2016-03-13,https://www.youtube.com/watch?v=Tl_Zc-YtG2E
#BuddhistsOfBangladesh,Bangladesh: Buddhist Monastery Feeds Muslims for Ramadan in DHAKA | AK1G,2025-04-15,https://www.youtube.com/watch?v=F7-C8x7cH3M
#BuddhistsOfBangladesh,"Bangladesh: Army Fires on Hindus, Buddhists Protesting Rape, Temple Attacks | India Today News",2025-10-12,https://www.youtube.com/watch?v=_rDV5XIc8ac
#BuddhistsOfBangladesh,Buddhist Day Celebration in Bangladesh 2023,2024-03-11,https://www.youtube.com/watch?v=HfgJSg-HaHI
#BuddhistsOfBangladesh,দখল নিয়ে ফের উ'ত্ত'প্ত চট্টগ্রামের বৌদ্ধ বিহার | Buddhist Temple | Conflict |  Chittagong | Somoy TV,2025-03-11,https://www.youtube.com/watch?v=rT1WYWSPjig
#BuddhistsOfBangladesh,"If Buddha Was Nepalese, Karna Was Bangladeshi (LOL)",2023-03-12,https://www.youtube.com/watch?v=WuHyUS-GHjQ
#BuddhistsOfBangladesh,Buddhist Heritage & Culture in Bangladesh,2024-03-11,https://www.youtube.com/watch?v=zqPEYXSkmY0
#BuddhistsOfBangladesh,Buddhism in Bangladesh 270418,2019-03-13,https://www.youtube.com/watch?v=S04AG9OqGxg
#BuddhistsOfBangladesh,I studied Buddhism for 1 month. It changed me.,2024-03-11,https://www.youtube.com/watch?v=gBMzPJf2mXc
#BuddhistsOfBangladesh,সকাল-সন্ধ্যা বু্দ্ধ বন্দনা ভদন্ত এস. লোকজিৎ থেরো। Sokal-Shondha Buddha Bondana। Van.S.Lokajith Thero,2022-03-12,https://www.youtube.com/watch?v=H1PQ-3E_VXM
#BuddhistsOfBangladesh,বৌদ্ধ ধর্মের ইতিহাস। Buddhism religion history bangla. History of The believers. ইহুদি ধর্ম। গৌতম।,2022-03-12,https://www.youtube.com/watch?v=tUJ_IIbqEtw
#BuddhistsOfBangladesh,How Bengal became Muslim Bangladesh (Part 1: The Buddhist Bengal) #Bengal #bangladesh #Dhaka,2024-03-11,https://www.youtube.com/watch?v=qR6XeJ7gfHQ
#BuddhistsOfBangladesh,Buddhist Heritage of Bangladesh,2017-03-13,https://www.youtube.com/watch?v=i9m8g2R3zvw
#BuddhistsOfBangladesh,Explained: Why Hindu & Buddhist Ministers in Bangladesh Cabinet Matter,2026-02-18,https://www.youtube.com/watch?v=YVB5e1gL9uY
#BuddhistsOfBangladesh,বাংলাদেশের সেরা ৫ বৌদ্ধ মন্দির । Top 5 Amazing Buddhist Temple In Bangladesh,2022-03-12,https://www.youtube.com/watch?v=IfQHF9usZNU
#BuddhistsOfBangladesh,Elderly Buddhist Monk Hacked To Death In Bangladesh,2017-03-13,https://www.youtube.com/watch?v=YEFk1qBwOE8
#BuddhistsOfBangladesh,People in Bangladesh take to streets against attacks on Hindu and Buddhist shrines,2014-03-14,https://www.youtube.com/watch?v=y6ahnhGrvX0
#BuddhistsOfBangladesh,Buddhist monk killed in Bangladesh by unidentified miscreants,2017-03-13,https://www.youtube.com/watch?v=GuIQJmfD6tA
#BuddhistsOfBangladesh,PBS.The.Buddha.2010.BD.MiniSD-TLF,2014-03-14,https://www.youtube.com/watch?v=lcEzXe3gZT4
#BuddhistsOfBangladesh,bangladesh muslims attack buddhists..burn temples,2013-03-14,https://www.youtube.com/watch?v=Dr9YfC-DHbA
#BuddhistsOfBangladesh,গৌতম বুদ্ধ কেনো বলতেন ঈশ্বর নেই ! Goutam Buddha Motivational Story ! Buddhist Story on God,2025-03-11,https://www.youtube.com/watch?v=W9JD2ZusFM8
#BuddhistsOfBangladesh,Lumbini Nepal গৌতম বুদ্ধের জন্মস্থান | Mayadevi temple | Lumbini hotel | Kapilabastu,2023-03-12,https://www.youtube.com/watch?v=zC1NbZTl4ZI
#BuddhistsOfBangladesh,Bangladesh Buddhist monk walk for peach 🇧🇩 ,2026-02-28,https://www.youtube.com/watch?v=WvI91_Y5TzE
#BuddhistsOfBangladesh,Buddhist monk humiliated by Bangladesh Army and Settlers,2010-03-15,https://www.youtube.com/watch?v=kNmxginM_u0
#BuddhistsOfBangladesh,Buddhist distribution iftar to Muslim in Bangladesh every year!!! Mind blowing Task!!!!!,2017-03-13,https://www.youtube.com/watch?v=SigAe36KARQ
#BuddhistsOfBangladesh,Bangladeshi Buddhist Monk,2012-03-14,https://www.youtube.com/watch?v=769as8LlEko
#BuddhistsOfBangladesh,মুখোমুখি প্রত্নতত্ত্ব বিভাগ ও ভার্চুয়াল মিউজিয়াম | Paharpur Buddhist Monastery | Naogaon |Channel 24,2024-03-11,https://www.youtube.com/watch?v=q8Y4fxqmq10
#BuddhistsOfBangladesh,Hamas Negotiates Again | Islamist Attacks Target Buddhists in Bangladesh,2025-10-12,https://www.youtube.com/watch?v=BPh57UKAjCM
#BuddhistsOfBangladesh,Massacre Of Buddhists By Muslims In Bangladesh,2013-03-14,https://www.youtube.com/watch?v=4xE3wvTHHaA
#BuddhistsOfBangladesh,EMPATHY TRIP -The Burmese Buddhists Travel to Bangladesh to meet the Rohingyas- #WeAreRohingya,2022-03-12,https://www.youtube.com/watch?v=U5ZOrL6DX44
#BuddhistsOfBangladesh,Buddhist Chant Maha Mangla Suttua 2,2013-03-14,https://www.youtube.com/watch?v=FSzUJSDUYRs
#BuddhistsOfBangladesh,আসলেন বুদ্ধ উদ্ধার করলেন জীব জগৎ |Old kirtan |Buddhist BD| Buddhist song,2022-03-12,https://www.youtube.com/watch?v=Ax04fV3cWwk
#BuddhistsOfBangladesh,Bengali Buddhist Wedding Video | Suman & Uma | Bengali Buddhist Full Cinematic Wedding Video Kolkata,2022-03-12,https://www.youtube.com/watch?v=zgWE0tjST3M
#BuddhistsOfBangladesh,"Best Bangladeshi Buddhist Wedding Trailer / Cinematography - ""Mayukh & Saptarsi"" Coming Soon!",2018-03-13,https://www.youtube.com/watch?v=VGZAgVqD-Zk
#BuddhistsOfBangladesh,Bangla Buddhist Song Kerton Poritosh Barua ( পরিতোষ বড়ুয়া ),2016-03-13,https://www.youtube.com/watch?v=OVvd4D9kA9Q
#BuddhistsOfBangladesh,গৌতম বুদ্ধের জীবনের সেরা 5 টি গল্প ! Gautam Buddha Motivational Story ! Life Changing Video,2025-05-15,https://www.youtube.com/watch?v=LoVj9u6XJBk
#BuddhistsOfBangladesh,সকাল সন্ধ্যা বুদ্ধের বন্দনা Buddhist Chanting Bangladeshi monks Honourable Saranangkar Thera,2021-03-12,https://www.youtube.com/watch?v=YSw6Rm4bMOA
#BuddhistsOfBangladesh,Bangla Buddhist Song : Aaj Ei Dine Buddha : Singer Jony & Subarna : Tune & Music Ashru Barua Rupak,2019-03-13,https://www.youtube.com/watch?v=UsJJpDAALRg
#BuddhistsOfBangladesh,"Bangladesh Hindus, Buddhists, Christians Unity Council USA [GA Chapter] 1-26-14",2014-03-14,https://www.youtube.com/watch?v=hjJiKgLN3Tg
#BuddhistsOfBangladesh,BANGLA BUDDHIST SONG,2011-03-15,https://www.youtube.com/watch?v=w71zo_e4Kc0
#BuddhistsOfBangladesh,"Buddhist stupa discovered in Nateshwar,Munshiganj ,Bangladesh #vlog004",2018-03-13,https://www.youtube.com/watch?v=JKj1iQRP_lw
#BuddhistsOfBangladesh,Biography of Gautama Buddha | True History | Founder of Buddhism | Biography of Gautama Buddha | ...,2022-03-12,https://www.youtube.com/watch?v=v7ChvrRrSN0
#BuddhistsOfBangladesh,Bangladeshi Buddhist Sutta..03,2011-03-15,https://www.youtube.com/watch?v=hIX1yP9e_2o
#BuddhistsOfBangladesh, Bangla Buddhist Song Non Stop l বৌদ্ধ ধর্মীয় গান l Buddha Song,2025-12-11,https://www.youtube.com/watch?v=ZbZIWTkWrE4
#BuddhistsOfBangladesh,Buddhism & Buddhists of India &  Bangladesh,2016-03-13,https://www.youtube.com/watch?v=1k_ilvGLgNQ
#BuddhistsOfBangladesh,"নিজেকে বদলাও,দুনিয়া নিজে নিজেই বদলে যাবে | goutam buddha bani | moral story in bengali |",2024-03-11,https://www.youtube.com/watch?v=D_ABoW2dfr4
#BuddhistsOfBangladesh,"Shokale Dupure, Shondha Prohore || ভগবান বুদ্ধ নাম বিলাওরে || Buddha Kirtan || Dipra || Durjoy",2022-03-12,https://www.youtube.com/watch?v=6hI5N6Gdxng
#BuddhistsOfBangladesh,বুদ্ধং শরণং গচ্ছামি । Samiran Barua । বৌদ্ধ কীর্তন অ্যালবাম । Bangla Buddhist song । সমীরণ বড়ুয়া,2025-05-15,https://www.youtube.com/watch?v=z8XoMXH7RGA
#BuddhistsOfBangladesh,Probarona | Nishita Barua | প্রবারণা | নিশীতা বড়ুয়া | নতুন ধর্মীয় গান,2021-03-12,https://www.youtube.com/watch?v=AsnYFTqkwmo
#BuddhistsOfBangladesh,Buddha Vandana | Trisaran Panchashil with English translations | बुद्ध वंदना - त्रीशरण पंचशील,2023-03-12,https://www.youtube.com/watch?v=dFFohsbExOM
#BuddhistsOfBangladesh,Bangla Buddhist Song-shesh Bicharer dine........mpg,2011-03-15,https://www.youtube.com/watch?v=NiFlMO3ebjA
#BuddhistsOfBangladesh,"Jihadi Groups Target Buddhists, Hindus on Myanmar-Bangladesh Border",2025-03-11,https://www.youtube.com/watch?v=XbMpETCaH08
#BuddhistsOfBangladesh,Blessings to the World | Bhante Indarathana,2023-03-12,https://www.youtube.com/watch?v=AlcdKfRLdpg
#BuddhistsOfBangladesh,Wedding Cermony of Bangladesh Buddhist ( Part-3 ),2018-03-13,https://www.youtube.com/watch?v=h1dz2WNWAyU
#BuddhistsOfBangladesh,Dharma tissa vante suttra,2020-03-12,https://www.youtube.com/watch?v=82kGeraHFUo
#BuddhistsOfBangladesh,How Siddhartha Became Gautama Buddha Story Bengali | Gautam Buddha Stories Bengali | Bangla Stories,2021-03-12,https://www.youtube.com/watch?v=t7GUVdxf_aM
#BuddhistsOfBangladesh,Buddha Purnima  Bangladesh Buddhist Association France,2016-03-13,https://www.youtube.com/watch?v=PttdyCTS10I
#BuddhistsOfBangladesh,The Buddha in the Quran | Dr Imtiyaz Yusuf,2021-03-12,https://www.youtube.com/watch?v=JNGEtg8gjyc
#BuddhistsOfBangladesh,Ogo Buddho | নতুন সুরে ধর্মীয় গান | Bangla Buddhist Song 2025 বুদ্ধ l ,2025-11-11,https://www.youtube.com/watch?v=jzyRZ5HpeMo
#BuddhistsOfBangladesh,""" সকাল - সন্ধ্যা বন্দনা "" কন্ঠে - এস.লোকজিৎ ভিক্ষু ।",2022-03-12,https://www.youtube.com/watch?v=GFPn63NkloE
#BuddhistsOfBangladesh,"Bodhi Children : Buddhist e-Academy, Thursday Blossom Batch 02, Lesson 88",2026-02-18,https://www.youtube.com/watch?v=55axfKoVtBQ
#BuddhistsOfBangladesh,"Bangladesh: Tarique Rahman's Message To Hindus, Christians, Buddhists Amid Communal Violence| Zia",2026-01-10,https://www.youtube.com/watch?v=ythjQkKgCjI
#BuddhistsOfBangladesh,#bangladesh #buddha ,2026-02-09,https://www.youtube.com/watch?v=l-Ns-2BGJZ4
#BuddhistsOfBangladesh,Buddhist monks arrive in Gilbert on Walk for Peace,2026-01-10,https://www.youtube.com/watch?v=EqWXqusGLBo
#BuddhistsOfBangladesh,Buddhist Ratna Sutta,2013-03-14,https://www.youtube.com/watch?v=8ILWR9kJ3C8
#BuddhistsOfBangladesh,গৌতম বুদ্ধের জীবনের সেরা 3 টি গল্প ! Goutam Buddha Motivational Story ! Life Changing Video,2023-03-12,https://www.youtube.com/watch?v=cH-yWecgj0c
#BuddhistsOfBangladesh,Buddhist Sutra-Part 4- Bangladesh,2011-03-15,https://www.youtube.com/watch?v=cedVwTylguo
#BuddhistsOfBangladesh,কুমিল্লায় ৭ম শতাব্দীর পুনর্নির্মিত বৌদ্ধ মন্দির 7th Century  Buddhist Temple  in Bangladesh 🇧🇩,2021-03-12,https://www.youtube.com/watch?v=TkmlwQcoSFg
#BuddhistsOfBangladesh,Non Stop Bangla Buddhist Song | বৌদ্ধ ধর্মীয় গান | বুদ্ধ ধর্মীয় গান,2025-12-11,https://www.youtube.com/watch?v=PleWZYNEJ8Q
#BuddhistsOfBangladesh,Attack of Bangladesh High Commission with Stones by Buddhist monks,2013-03-14,https://www.youtube.com/watch?v=w9bc5_dx76M
#BuddhistsOfBangladesh,BANGLA BUDDHIST SONG N 5,2010-03-15,https://www.youtube.com/watch?v=TAlR4zBLXG4
#BuddhistsOfBangladesh,Bangladesh buddhists scale back festival in display of compassion for rohingyaby New Chanel,2018-03-13,https://www.youtube.com/watch?v=xtakyKYc0PQ
#BuddhistsOfBangladesh,Marma Buddhists in Bangladesh celebrate Kathina Chibar Dan Festival 2020.,2021-03-12,https://www.youtube.com/watch?v=tXjG8M6O6hs
#BuddhistsOfBangladesh,"Bodhi Children : Buddhist e-Academy, Thursday Blossom Batch 01, Lesson 88",2026-02-18,https://www.youtube.com/watch?v=tylRS8sfXtE
#BuddhistsOfBangladesh,"Bodhi Children : Buddhist e-Academy, Thursday Blossom Batch 01, Lesson 89",2026-02-27,https://www.youtube.com/watch?v=YkqpbyPCgQA
#BuddhistsOfBangladesh,Bangla Buddhist Song : Mohakarunik Buddha : Singer SUMANGOL & PRIYA : Tune & Music ASHRU BARUA RUPAK,2017-03-13,https://www.youtube.com/watch?v=8IytFCviDiM
#BuddhistsOfBangladesh,Bangla Buddhist Song Bangladesh   Tomra Sabai Koro,2014-03-14,https://www.youtube.com/watch?v=r1JyEykrKsg
#BuddhistsOfBangladesh,Attacked Buddhist Religious Sites In Bangladesh Now Under Construction,2014-03-14,https://www.youtube.com/watch?v=zW3aUiMrG28
#BuddhistsOfBangladesh,"Bodhi Children : Buddhist e-Academy, Thursday Blossom Batch 02, Lesson 89",2026-02-27,https://www.youtube.com/watch?v=EtVzEDcLoUE
#BuddhistsOfBangladesh,"মহামঙ্গল পরিত্রাণ Mohamongol Paritran Sutta chanting by Saranankar Mahathera, শরণংকর মহাথের ",2025-03-11,https://www.youtube.com/watch?v=oabtS-dvjkI
#BuddhistsOfBangladesh,Bangla Buddhist Song-Amra Sabai Korbo Aj..,2011-03-15,https://www.youtube.com/watch?v=MCOyV8NB2U0
#BuddhistsOfBangladesh,"The biggest celebration of Buddhists people at Rangamati Rajbon Bihar  Chittagong,Bangladesh",2018-03-13,https://www.youtube.com/watch?v=SQs5TBUN3w4
#BuddhistsOfBangladesh,Buddhist monks' 'Walk for Peace' stops in Selma,2026-01-10,https://www.youtube.com/watch?v=qsRfMpqkeYk
#BuddhistsOfBangladesh,"Bodhi Children : Buddhist e-Academy, Canada Batch, Lesson 183",2026-02-28,https://www.youtube.com/watch?v=RftqxQkDCH0
#BuddhistsOfBangladesh,Basabo Buddhist Monastery at Dhaka in Bangladesh,2017-03-13,https://www.youtube.com/watch?v=9iR8WDyDzpU
#BuddhistsOfBangladesh,Buddhist Sutra-Part 1- Bangladesh,2011-03-15,https://www.youtube.com/watch?v=I3YJedlsfKY
#BuddhistsOfBangladesh,Nishita Barua Buddha kirtan ( বুঝবি যখন দরদী মন ) Bangla Buddhist song । বুদ্ধ ধর্মের গান @GhuniaTV ,2025-09-12,https://www.youtube.com/watch?v=sspeX44Hw50
#BuddhistsOfBangladesh,Bangla Chakma  Buddhist Song-buddhan saranag gachchami.mpg,2011-03-15,https://www.youtube.com/watch?v=NHaes_Qjo2U
#BuddhistsOfBangladesh,কে আনিলো রে মধুমাখা বুদ্ধের নাম।। Modhumakha Buddher Naam ।। Bd Buddhist,2022-03-12,https://www.youtube.com/watch?v=3bc4lByzomY
#BuddhistsOfBangladesh,Buddhist Chant Jayamangala Atta Gatha,2013-03-14,https://www.youtube.com/watch?v=nZJPoOa-rMs
#BuddhistsOfBangladesh,Muslim People's Destroying Buddhist Temple in Bangladesh ( Rubel Barua ),2013-03-14,https://www.youtube.com/watch?v=z6oXa85BO3Q
#BuddhistsOfBangladesh,"Peace Dog: Meet Aloka, the Rescue Dog Leading Buddhist Monks Across America | WION",2026-01-10,https://www.youtube.com/watch?v=MBjr3UQhrIs
#BuddhistsOfBangladesh,Bangladesh Rakhine nation Buddhists protest voices.# သိန္​း,2021-03-12,https://www.youtube.com/watch?v=aDpSLVhgZSE
#BuddhistsOfBangladesh,Bangla Buddhist Song-O Bishaka-Bangladesh 1,2011-03-15,https://www.youtube.com/watch?v=KHdNDGNlJg0
#BuddhistsOfBangladesh,Buddhist Ratna Sutta By Priya Barua,2016-03-13,https://www.youtube.com/watch?v=YIcPy-Wx4io
#BuddhistsOfBangladesh,Bangladeshi Immigrants Enter Assam Disguised As Buddhist Monks,2020-03-12,https://www.youtube.com/watch?v=MGSmOznf8Ss
#BuddhistsOfBangladesh,Bangladesh Buddhists stand for Rohingya Victims of Genocide,2019-03-13,https://www.youtube.com/watch?v=4gSK5M95hAw
#BuddhistsOfBangladesh,Buddhist Sutra-Part 7- Bangladesh,2011-03-15,https://www.youtube.com/watch?v=YsEXg1bLyl0
#BuddhistsOfBangladesh,At least 24 killed as army paraglider bombs Myanmar Buddhist festival | BBC News,2025-10-12,https://www.youtube.com/watch?v=rJfBe-Hqs_E
#BuddhistsOfBangladesh,Bangladesh Buddhist Nation || Buddhist Tara || Buddha Desona || Great Buddhist religious ceremony ,2026-02-09,https://www.youtube.com/watch?v=iYFwDuqFOeA
#BuddhistsOfBangladesh,Bangla Buddhist Song Non Stop | বৌদ্ধ ধর্মীয় গান | Buddha Song Bangla | বৌদ্ধ সংগীত সমগ্র,2026-02-09,https://www.youtube.com/watch?v=tQxKnjBe3mc
#BuddhistsOfBangladesh,"Buddha Instrumental Music BEST Collection ⭐ Buddhism Crystals Music Playlist, Buddhist Songs BGM",2022-03-12,https://www.youtube.com/watch?v=k783W5arEI4
#BuddhistsOfBangladesh,Jaya Mangala Gatha-Verses of Auspicious Victory (rare Pali version)-Buddhist Chant,2012-03-14,https://www.youtube.com/watch?v=_OH9kdeLEX4
#BuddhistsOfBangladesh,BANGLA BUDDHA SONG 2 jaldi,2011-03-15,https://www.youtube.com/watch?v=KIzLbN4LyNs
#BuddhistsOfBangladesh,Bangladesh Buddhist Song. Ahinsha poromo dormo,2010-03-15,https://www.youtube.com/watch?v=u4DNpJLhF08
#BuddhistsOfBangladesh,"Bodhi Children : Buddhist e-Academy, UK Friday Batch, Lesson 213",2026-02-25,https://www.youtube.com/watch?v=0WHzZBChZhg
#BuddhistsOfBangladesh,Bangla Buddhist Song Buddham saranam gachchami  বুদ্ধং শরণং গচ্ছামি,2016-03-13,https://www.youtube.com/watch?v=-Q7tJWFuGHc
#BuddhistsOfBangladesh,Bangladesh Replace Sheikh Mujib with Hindu & Buddhist temples from Currency Notes | Shubhendra,2025-06-14,https://www.youtube.com/watch?v=N2d66KE1-ek
#BuddhistsOfBangladesh,buddha sutra🙏🙏🙏 #treanding #viralvideo #buddha #buddhism #respect #viral_video #buddiststory #fyp,2014-03-14,https://www.youtube.com/watch?v=ekcgIvBLVQA
#BuddhistsOfBangladesh,Ithipiso bhagawa araham samma sambuddho,2014-03-14,https://www.youtube.com/watch?v=XTjyqOwuluA
#BuddhistsOfBangladesh,"চিন্তাকে বুঝতে শিখুন,সারাজীবন চিন্তামুক্ত থাকবেন-গৌতম বুদ্ধ | Buddha story on anxiety and dipression",2024-03-11,https://www.youtube.com/watch?v=zPeRqMwZtU4
#BuddhistsOfBangladesh,Bangladesh Buddhists Monks Rallied at The Embassy of Bangladesh ( Rubel Barua ),2013-03-14,https://www.youtube.com/watch?v=m912Tqrwae0
#BuddhistsOfBangladesh,নতুনভাবে এক নজরে ১৭টি সূত্র রেকডিং করে দিলাম|| কন্ঠে ভদন্ত সমাধি নন্দ ভান্তে|| Buddha sutra…,2023-03-12,https://www.youtube.com/watch?v=eCaC18UJdCE
#BuddhistsOfBangladesh,'Walk for Peace' Buddhist Monks pass through CSRA on Monday,2026-01-10,https://www.youtube.com/watch?v=4HSQ94T_9-o
#BuddhistsOfBangladesh,Bangladesh association Temple Buddhist religious Cox's Bazar,2026-02-18,https://www.youtube.com/watch?v=VAuH4MN1A-8
#BuddhistsOfBangladesh,Global Silence Over Bangladesh Hindu Lynching | India Should Demand Justice For Dipu Das | NewsX,2026-01-10,https://www.youtube.com/watch?v=YgIGMuXPqxg
#BuddhistsOfBangladesh,"Buddha Purnima||বুদ্ধ পূর্ণিমা||হে ভগবান,শুভ হোক তোমার জন্মদিন,মহান বুদ্ধ পূর্ণিমা",2021-03-12,https://www.youtube.com/watch?v=BEFJ3r58GEE
#BuddhistsOfBangladesh,BANGLADESH BUDDHIST SONG KERTON part 6 adit by cipon barua,2010-03-15,https://www.youtube.com/watch?v=9aSKfvPR1kg
#BuddhistsOfBangladesh,Jihad Against Hindus and Buddhists: Arakan Army Strikes Bangladesh | Major Gaurav Arya |,2025-03-11,https://www.youtube.com/watch?v=BPH0uYhU850
#BuddhistsOfBangladesh,Part 2- Bangladeshi buddhist monk Ven. Banabhante's(Sadhanananda Mahathera) final moments,2015-03-14,https://www.youtube.com/watch?v=Ar3nINAg5Y0
#BuddhistsOfBangladesh,"Bodhi Children : Buddhist e-Academy, UK Friday Batch, Lesson 214",2026-02-28,https://www.youtube.com/watch?v=L7nuwFuMIHc
#BuddhistsOfBangladesh,Bangla Buddhist Song-Jonmo Lobine Jodi-Bangladesh,2011-03-15,https://www.youtube.com/watch?v=vVw-EO-h_9k
#BuddhistsOfBangladesh,Bangladesh Muslims Torch Buddhist Shrines ( 30-sep-2012 ),2013-03-14,https://www.youtube.com/watch?v=BeOExvrsdzQ
#BuddhistsOfBangladesh,Wonder of Bangladesh |Welcome to Bangladesh| explore the world,2026-03-05,https://www.youtube.com/watch?v=bPesZVkhw6s
#BuddhistsOfBangladesh,"""I Thought Religion Was Just a Business!"" - From Buddhism to Muslim Samurai",2025-11-11,https://www.youtube.com/watch?v=wKJbjzSYRPs
#BuddhistsOfBangladesh,"Bangladesh Buddhist song by Ripon BaruaShikup,Banskhali",2013-03-14,https://www.youtube.com/watch?v=_OA8cy16UEA
#BuddhistsOfBangladesh,"Atanatiya sutra by shilananda vante।শীলানন্দ ভান্তের কন্ঠে আটানাটিয় সূত্রপাঠ। অন্তরায়, উপদ্রব বিনাশক",2020-03-12,https://www.youtube.com/watch?v=2MRF3hKPAjY
#BuddhistsOfBangladesh,Hindus and Buddhists join to protest ongoing attacks by Muslims in Bangladesh,2019-03-13,https://www.youtube.com/watch?v=3TXIpJZ7Hvg
#BuddhistsOfBangladesh,Bangla Buddhist Song-Ai babo sansaro.....mpg,2011-03-15,https://www.youtube.com/watch?v=yUC7j2AfFcQ
#BuddhistsOfBangladesh,Real Buddhist Monks Share Their BIGGEST Mistakes,2025-03-11,https://www.youtube.com/watch?v=CwMq4s1apmE
#BuddhistsOfBangladesh,"Bodhi Children : Buddhist e-Academy; UK Bodhi Youth, Lesson 43",2026-02-27,https://www.youtube.com/watch?v=x56gy9WoKmQ
#BuddhistsOfBangladesh,Buddhist Sutra-Part 2- Bangladesh,2011-03-15,https://www.youtube.com/watch?v=GV3WG688pso
#BuddhistsOfBangladesh,Blessings to the world | Buddhist Chanting by Bhante Indarathana,2021-03-12,https://www.youtube.com/watch?v=9uVDuMLK5W8
#BuddhistsOfBangladesh,Islam vs Buddhism vs Hinduism vs Christianity || Religion Comparison ||—part 1_US,2025-04-15,https://www.youtube.com/watch?v=FQ77qlLZBbM
#BuddhistsOfBangladesh,Bangladesh Erupts: Hindu Man Killed After Blasphemy Accusation As Mob Violence Spreads | Osman Hadi,2026-01-10,https://www.youtube.com/watch?v=-IRh5MZA2Ps
#BuddhistsOfBangladesh,Documentary Buddhism in Bangladesh of Harualchari Buddha Jetaban Vihar ศาสนาพุทธในบังกลาเทศ,2016-03-13,https://www.youtube.com/watch?v=sHco6FqgKZw
#BuddhistsOfBangladesh,অভিধর্ম পিটকের - পট্ঠান পাঠ । কন্ঠে - ভদন্ত এস.লোকজিৎ ভিক্ষু ।।,2022-03-12,https://www.youtube.com/watch?v=8xtqkBNxMHE
#BuddhistsOfBangladesh,"Bodhi Children : Buddhist e-Academy, UK Saturday Batch, Lesson 213",2026-02-18,https://www.youtube.com/watch?v=uX2rDfH-2Lw
#BuddhistsOfBangladesh,Bangladesh Buddhist Song.BOGOBHAN.mpg,2011-03-15,https://www.youtube.com/watch?v=QMzvVEDHE8I
#BuddhistsOfBangladesh,"Bodhi Children : Buddhist e-Academy, Global Batch, Lesson 159",2026-02-25,https://www.youtube.com/watch?v=b7iL-kAaKA0
#BuddhistsOfBangladesh,Buddhist monks on 'Walk for Peace' arrive in Kountze on day 30 of their journey,2025-12-11,https://www.youtube.com/watch?v=TclyddheZaI
#BuddhistsOfBangladesh,হে বুদ্ধ পৃথিবী তোমাকে খুঁজেছে । Hinshar Dabanole Prithibi Jolche । Bangla Buddhist Song ধর্মের গান,2023-03-12,https://www.youtube.com/watch?v=IeIOcV7r_DA
#BuddhistsOfBangladesh,Tarun Kanti Chowdhury (President of the Bangladesh Hindu Buddhist Christian Unity Council),2017-03-13,https://www.youtube.com/watch?v=tY-92YDyW7o
#BuddhistsOfBangladesh,Buddhist monks walking tousands of miles on Walk for Peace,2026-02-09,https://www.youtube.com/watch?v=T3QNw0wJQMQ
#BuddhistsOfBangladesh,Girimananda Sutta গিরিমানন্দ সূত্র  ৷৷ ভদন্ত শ্রদ্ধেন্দ্রিয় ভিক্ষু,2025-03-11,https://www.youtube.com/watch?v=bwbEDkyenxE
#BuddhistsOfBangladesh,বাংলায় রাজত্ব করা বৌদ্ধধর্ম কিভাবে বাংলা থেকে বিলুপ্ত হয়ে গেল | Buddhism in Bengal | BPB.,2024-03-11,https://www.youtube.com/watch?v=ZEEzdw8kLIw
#BuddhistsOfBangladesh,"Ancient Ruins in Cumilla Bangladesh, Buddhists Monasteri, Buddha Temple #touristplace #tourism",2024-03-11,https://www.youtube.com/watch?v=sdrRFQs_Y1o
#BuddhistsOfBangladesh,Buddhist Sutra-Part 6- Bangladesh,2011-03-15,https://www.youtube.com/watch?v=xDwVwvhQYAk
#BuddhistsOfBangladesh,Buddhist Dharma Song | Jinghani an bana hakkone By Parky Chakma,2020-03-12,https://www.youtube.com/watch?v=vtwMYLgJP5c
#BuddhistsOfBangladesh,Bangla Buddhist Song.mpg,2010-03-15,https://www.youtube.com/watch?v=XerWB-2yEaY
#BuddhistsOfBangladesh,Buddha Bondona by shilananda vante। বুদ্ধ বন্দনা। শীলানন্দ ভান্তের কন্ঠে বুদ্ধ বন্দনা। ধর্মবাণী।,2020-03-12,https://www.youtube.com/watch?v=s6SF4D2F_zM
#BuddhistsOfBangladesh,"Bodhi Children : Buddhist e-Academy, Canada Batch, Lesson 182",2026-02-25,https://www.youtube.com/watch?v=8lI2Qzk0CH4
#BuddhistsOfBangladesh,"Bodhi Children : Buddhist e-Academy; Canada Bodhi Youth, Lesson 48",2026-02-18,https://www.youtube.com/watch?v=WCs0CngOiLs
#BuddhistsOfBangladesh,Buddhism of Bangladesh,2014-03-14,https://www.youtube.com/watch?v=2BI-V-e-n-Q
#BuddhistsOfBangladesh,Bangla Buddhist Song-kormo pole Nikandabe Hai.mpg,2011-03-15,https://www.youtube.com/watch?v=fETZdJv0lbo
#BuddhistsOfBangladesh,Sotyer Dip Tumi Jele Gele ♪ Bangla Buddhist Song ♪ সত্যের দীপ তুমি জ্বেলে গেলে ♪ বৌদ্ধধর্মীয় গান,2021-03-12,https://www.youtube.com/watch?v=tGpgevGiG8w
#BuddhistsOfBangladesh,বৌদ্ধ কীর্তন || Bangla Buddha Kirtan,2022-03-12,https://www.youtube.com/watch?v=4LBwvwVeEuw
#BuddhistsOfBangladesh,Buddha Purnima in Bangladesh.....,2017-03-13,https://www.youtube.com/watch?v=YfwtOulpzLk
#BuddhistsOfBangladesh,Bangla Buddhist Song-Tomar deule bukkhu koriya naw.mpg,2011-03-15,https://www.youtube.com/watch?v=V3rR1R5NNpM
#BuddhistsOfBangladesh,Bangladesh: PM Gave Tk 1 Crore for Buddhist Festival,2021-03-12,https://www.youtube.com/watch?v=FOeWM91xsHU
#BuddhistsOfBangladesh,Monks Protest at Bangladesh Embassy in Yangon,2013-03-14,https://www.youtube.com/watch?v=iIgI2CB_s00
#BuddhistsOfBangladesh,Bangla Buddhist Song-Akane to kew tomar noi.mpg,2011-03-15,https://www.youtube.com/watch?v=Xwd7XnjY_sI
#BuddhistsOfBangladesh,lecture on buddhism life history of gautam buddha|BANGLA|,2018-03-13,https://www.youtube.com/watch?v=-VTx5zpI1o0
#BuddhistsOfBangladesh,Listening to the Navaratna Sutra in the morning and evening will ward off the nine planets and pr...,2024-03-11,https://www.youtube.com/watch?v=Jp4p4FgoZMk
#BuddhistsOfBangladesh,"'Serious concerns over violence against Hindus, Buddhists, minorities in Bangladesh', says RSS |CVR",2025-03-11,https://www.youtube.com/watch?v=as-iNnmutOE
#BuddhistsOfBangladesh,Ven Nandapal Mahathero one of the most Influential Buddhist monk in Bangladesh teaching the devotees,2021-03-12,https://www.youtube.com/watch?v=Xu3-NMBA430
#BuddhistsOfBangladesh,Buddhist monks and their dog captivate Americans while on peace walk,2026-02-09,https://www.youtube.com/watch?v=sRWkCbwaAHY
#BuddhistsOfBangladesh,First time social activities done for Bangladesh Buddha Sasana by Ven. Saccananda Bhante ( Part II),2012-03-14,https://www.youtube.com/watch?v=O6bcjAkPRn0
#BuddhistsOfBangladesh,Demonstration in Kathmandu against the violence against Hindus and Buddhists in Bangladesh,2025-03-11,https://www.youtube.com/watch?v=J_MX6x-H-wM
#BuddhistsOfBangladesh,Today is buddhist purnima | News & Current Affairs,2017-03-13,https://www.youtube.com/watch?v=YpFK5v90JeM
#BuddhistsOfBangladesh,Buddhists offer Myanmar Muslims shelter in monastery,2014-03-14,https://www.youtube.com/watch?v=Jz3l4Ib3WU4
#BuddhistsOfBangladesh,Banglar Hindu Banglar Buddha | Patriotic Songs of Bangladesh,2020-03-12,https://www.youtube.com/watch?v=eb5ubcx6RjU
#BuddhistsOfBangladesh,Wedding Cormony of Bangladesh Buddhist ( Part-2 ),2018-03-13,https://www.youtube.com/watch?v=_URZtKZHd9s
#BuddhistsOfBangladesh,Bangla Buddhist Song-Ashlen Buddho........,2011-03-15,https://www.youtube.com/watch?v=Z3auB3vDLtE
#BuddhistsOfBangladesh,Bangla Chakma  Buddhist Song-duruttun eicha garbagun.mpg,2011-03-15,https://www.youtube.com/watch?v=MYlfUL6APgs
#BuddhistsOfBangladesh,Buddha Gaya | যেখানে সিদ্ধার্থ সাধনায় দিব্য জ্ঞান লাভ করে বুদ্ধ হয়েছিলেন | Buddha Gaya Tourist Place,2025-09-12,https://www.youtube.com/watch?v=9Aj-wc__HJs
#BuddhistsOfBangladesh,"Meet Aloka, the dog who joins Buddhist monks on a 3,700 km US walk to spread peace and kindness",2026-01-10,https://www.youtube.com/watch?v=0MAABdP60V4
#BuddhistsOfBangladesh,Buddhism in bangladesh nayanbarua pomra rangunia chittagong,2011-03-15,https://www.youtube.com/watch?v=JW7U2NxDFaI
#BuddhistsOfBangladesh,New Buddhist religious 4K video song by Rubel Chakma & Poni Chakma. Buddhar aaruk banelong...,2022-03-12,https://www.youtube.com/watch?v=zgd1Tqlajrw
#BuddhistsOfBangladesh,Dhamma Song by Nishita Barua. নিশিতা বড়ুয়া #Nishita_Barua #নিশিতা_বড়ুয়া #ধর্মীয়_গান,2020-03-12,https://www.youtube.com/watch?v=7AHa2pLuYrU
#BuddhistsOfBangladesh,Islam vs Buddhism - Religion Comparison,2024-03-11,https://www.youtube.com/watch?v=2cE_Hx2tpm4
#BuddhistsOfBangladesh,Bangladesh Golden Temple Buddha Dhatu Jadi,2011-03-15,https://www.youtube.com/watch?v=IPQDY-YDcV8
#BuddhistsOfBangladesh,JAYAMANGALA GATHA with PALI TEXT | Chanted by Bhante Indaratana,2021-03-12,https://www.youtube.com/watch?v=5NcQT4EuQiE
#BuddhistsOfBangladesh,Bangla Buddha Kirton-N Buddhist History part 2.mpg,2011-03-15,https://www.youtube.com/watch?v=cTEsLJyjF90
#BuddhistsOfBangladesh,28 Buddha Sutta Buddhist Chanting Pali....Bangladesh,2013-03-14,https://www.youtube.com/watch?v=OM3bWEPxCgY
#BuddhistsOfBangladesh,Theravada Buddhists Celebrate Magha Puja Day,2022-03-12,https://www.youtube.com/watch?v=RIGWCbu9Ho4
#BuddhistsOfBangladesh,How to calm your mind? Goutam Buddha Motivational Story in Bengali | Calm Your Mind Instantly,2025-03-11,https://www.youtube.com/watch?v=2VpVE0ALk4g
#BuddhistsOfBangladesh,"Bodhi Children : Buddhist e-Academy, Canada Batch, Lesson 181",2026-02-18,https://www.youtube.com/watch?v=OjkEG9h2iSs
#BuddhistsOfBangladesh,Muslim Invasion and Persecution of Hindus-Buddhists | Story Of Bangladesh | Part 2 | Saurabh Kaushik,2022-03-12,https://www.youtube.com/watch?v=axBdgBUa7xk
#BuddhistsOfBangladesh,Bangladeshi Marma Nation Festivel (Buddhism).,2013-03-14,https://www.youtube.com/watch?v=z5-T0ewns8Y
#BuddhistsOfBangladesh,"Bangladesh Violence: Banners- posters openly threaten genocide against 200,000 Hindus & Buddhists",2026-01-10,https://www.youtube.com/watch?v=psyCDkl1xsw
#BuddhistsOfBangladesh,"Attack of Chakma Buddhists in Chittagong, Bangladesh Sparks Widespread Protests.",2025-03-11,https://www.youtube.com/watch?v=bbWlbntVzTY
#BuddhistsOfBangladesh,Chakma Dukkha- Parbatya Bhikkhu Sangha(PBS) in Bangladesh,2008-03-15,https://www.youtube.com/watch?v=tAASaUrjDRE
#BuddhistsOfBangladesh,Bangladesh Buddhist monastery Bodhgaya #bodhgaya #surjal #bodhgayatourism,2026-02-09,https://www.youtube.com/watch?v=UYSZqcTdxZE
#BuddhistsOfBangladesh,"LIVE: Buddhist monks' 'Walk for Peace' in Dumfries, Virginia | FOX 5 DC",2026-02-09,https://www.youtube.com/watch?v=k0rFTCU6f_M
#BuddhistsOfBangladesh,Buddhist devotional song Bangla - By Laboni Barua,2011-03-15,https://www.youtube.com/watch?v=CT7HV_hL47s
#BuddhistsOfBangladesh,RATANA Suttang(রতন সূত্র) by Darmaratna thero| Buddah bandhana|Bangla Budda sutta,2019-03-13,https://www.youtube.com/watch?v=bptZ75p2N7U
#BuddhistsOfBangladesh,BUDDHA BANA BHANTE SHABANOT..new song.Rubel chakma,2025-03-11,https://www.youtube.com/watch?v=BApz3twDEds
#BuddhistsOfBangladesh,Bangla Buddhist Song Nishita Barua,2013-03-14,https://www.youtube.com/watch?v=SJTJh51jxxE
#BuddhistsOfBangladesh,Bangla Buddha Song 1,2012-03-14,https://www.youtube.com/watch?v=Zsy7HRrblBg
#BuddhistsOfBangladesh,WHY Buddhists in CHT Bangladesh Cancels Katina Cibar Dhana 2024 ?  Chakma Cultural Buddhist Festival,2025-03-11,https://www.youtube.com/watch?v=QrqD_kJeQU0
#BuddhistsOfBangladesh,Anti-Muslim monk preaches hate: Ashin Wirathu,2018-03-13,https://www.youtube.com/watch?v=16YhQ4JWHYU
#BuddhistsOfBangladesh,Bangla Chakma  BUddhist Song-jei jei......mpg,2011-03-15,https://www.youtube.com/watch?v=8_f17p4EZHs
#BuddhistsOfBangladesh,নবগ্রহ সূত্র: সকল অশান্তি ও বিপদের আত্মরক্ষার মন্ত্র | Powerful Buddha Mantra |,2025-03-11,https://www.youtube.com/watch?v=62ru4tJvw7U
#BuddhistsOfBangladesh,Bangladesh Sangharaja Dr. Dharmasen Mohastavir',2011-03-15,https://www.youtube.com/watch?v=XT3ztEY80j0
#BuddhistsOfBangladesh,Buddha Dharmo Shanga Bine-Bangla Buddhist Song,2011-03-15,https://www.youtube.com/watch?v=45cdiC6-vSs
#BuddhistsOfBangladesh,Somapura Mahavihara - Sompur Bihar,2016-03-13,https://www.youtube.com/watch?v=uFXLJ4qyZ6A
#BuddhistsOfBangladesh,Secret Diet of Myanmar MONKS!!! Live to 100!!,2021-03-12,https://www.youtube.com/watch?v=MkY373SFzzU
#BuddhistsOfBangladesh,Buddhist chanting Bangladeshi monk Bono Vante  বন্দনা Sammaditthi. Tv,2018-03-13,https://www.youtube.com/watch?v=WDX__P-wxGc
#BuddhistsOfBangladesh,Bangla  Buddha Sutta Triratna Gatha  Mala  Voice By  S  Lokajit  Bhikkhu  Part 02,2011-03-15,https://www.youtube.com/watch?v=LKuaRenCiZY
#BuddhistsOfBangladesh,seevali sutra By Buddhassara Bhikku  Bangla Buddhist sutta,2016-03-13,https://www.youtube.com/watch?v=N8ev8vfX9oY
#BuddhistsOfBangladesh,Buddhist extremists protest against Rohingya in Bangladesh,2018-03-13,https://www.youtube.com/watch?v=JMhHm45CPbQ
#BuddhistsOfBangladesh,Buddhist monks' cross-country Walk for Peace draws crowds in Fayette County,2026-01-10,https://www.youtube.com/watch?v=iOxvU6Zkrbc
#BuddhistsOfBangladesh,Bangla Buddhist Song Bangladesh,2011-03-15,https://www.youtube.com/watch?v=Lil9n8OAECE
#BuddhistsOfBangladesh,জগতের সকল প্রাণী সুখী হোক l Jagoter Shokol Prani Sukhi Hok l New Bangla Buddhist Song l,2025-11-11,https://www.youtube.com/watch?v=RFXKYxKaJIo
#BuddhistsOfBangladesh,Buddham Saranam Gachchhami - Lata Mangeshkar | New Buddhist Song 2021,2022-03-12,https://www.youtube.com/watch?v=gzhqSwJmCUY
#BuddhistsOfBangladesh,Bangla Buddhist Song : Noyan Jole :  Singer S B Rumen : Tune & Music Ashru Barua Rupak,2019-03-13,https://www.youtube.com/watch?v=nv5S6NLi2V0
#BuddhistsOfBangladesh,What is the future of Buddhists in Bangladesh?Senbagh Buddhist society is on the verge of extinction,2023-03-12,https://www.youtube.com/watch?v=xtET3i5SgkU
#BuddhistsOfBangladesh,bangla buddhist song-songsare sob mayar kela.mpg,2011-03-15,https://www.youtube.com/watch?v=sqcIXCwwqWs
#BuddhistsOfBangladesh,Dalai Lama Speaks On Tibet at Buddhist Summit | Russia Bombs Its Own City |Vantage with Palki Sharma,2024-03-11,https://www.youtube.com/watch?v=Ibn5rZZuXmU
#BuddhistsOfBangladesh,Are illegal Bangladeshis entering Assam in the guise of Buddhist monks?,2020-03-12,https://www.youtube.com/watch?v=Fj7rSCEtpe4
#BuddhistsOfBangladesh,Go for Alms Pindapata part 1,2020-03-12,https://www.youtube.com/watch?v=u4UvtzJm0i4
#BuddhistsOfBangladesh,Kathina Robe Offering 2024 | New Chakma Buddhist Song by Rubel | Kathina Festival in Arunachal | |,2025-03-11,https://www.youtube.com/watch?v=ELsUZG8Br3M
#BuddhistsOfBangladesh,Theravada Buddhist Tradition of Bangladesh,2020-03-12,https://www.youtube.com/watch?v=74tHKNO0TTg
#BuddhistsOfBangladesh,Buddhist extremist views on the rise,2020-03-12,https://www.youtube.com/watch?v=ZQ35qygOvM4
#BuddhistsOfBangladesh,BANGLADESH BUDDHIST SONG KERTON part 4,2010-03-15,https://www.youtube.com/watch?v=iorlqDRKm_4
#BuddhistsOfBangladesh,BANGLADESH BUDDHIST SONG KERTON part 3,2010-03-15,https://www.youtube.com/watch?v=R3sg--8CoOk
#BuddhistsOfBangladesh,সকাল সন্ধ্যা বুদ্ধ বন্দনা | কন্ঠে এস লোকজিৎ মহাথের |Morning & Evening Chanting |Bhikkhu Dhammananda,2022-03-12,https://www.youtube.com/watch?v=DNsvUicUdMo
#BuddhistsOfBangladesh,"Top 10 Tourist Places in Sajek Valley & Khagrachari , Bangladesh",2017-03-13,https://www.youtube.com/watch?v=7V7hwEJN18Y
#BuddhistsOfBangladesh,Wedding Trailer of Shoumittra & Aishi ( Bangladesh Buddhist Wedding),2021-03-12,https://www.youtube.com/watch?v=KMnTtlYKA4Y
#BuddhistsOfBangladesh,Bangla Buddhist Song Tumi Abar Esho Singer PAPRI Tune & Music ASHRU BARUA RUPAK,2019-03-13,https://www.youtube.com/watch?v=XnvLmAjoBjM
#BuddhistsOfBangladesh,Jai Jai Buddha Potoka,2011-03-15,https://www.youtube.com/watch?v=WdjU6AYOebE
#BuddhistsOfBangladesh,Buddha Bolo।। বুদ্ধ বল ।। -Buddhist Song by Econ Babu,2020-03-12,https://www.youtube.com/watch?v=zPnGKCiy720
#BuddhistsOfBangladesh,Buddhist Peaceful Chakma Song Full Album,2017-03-13,https://www.youtube.com/watch?v=I4I_PiZdZDc
#BuddhistsOfBangladesh,Why Monks Walk for Peace (And What You Can Learn From It),2026-02-18,https://www.youtube.com/watch?v=EFrtuxiOegc
#BuddhistsOfBangladesh,New Chakma Buddhist Song Album 2022 #Chakma_Traveler,2023-03-12,https://www.youtube.com/watch?v=03MttL1rUvY
#BuddhistsOfBangladesh,Today Live Murli DT. 03.03.2026,2026-03-03,https://www.youtube.com/watch?v=6SORBVzn0No
#BuddhistsOfBangladesh,Buddha Poornima Celebrations Day 2 - 4 May 2015,2016-03-13,https://www.youtube.com/watch?v=zbeZVm8Rp5o
#BuddhistsOfBangladesh,Kotbari Salban Bihar  | Hidden Beauty of Cumilla,2026-02-18,https://www.youtube.com/watch?v=H_kHVyodNV8
#BuddhistsOfBangladesh,What Western Media Won't Tell You About Bangladesh 🇧🇩| Bandarban বান্দরবান বাংলাদেশ,2022-03-12,https://www.youtube.com/watch?v=tB47r6ugPoM
#BuddhistsOfBangladesh,A day Dhamma Dipa international Buddhist university visit || India bai bangladesh border//Day-3 vlog,2025-03-11,https://www.youtube.com/watch?v=LlkIZXxZLfI
#BuddhistsOfBangladesh,আজ শুভ বুদ্ধ পূর্ণিমা | Buddha Purnima | News | Ekattor TV,2022-03-12,https://www.youtube.com/watch?v=23BRBWiaHFU
#BuddhistsOfBangladesh,"Tripitaka Publishing Ceremony of all Budhism at Rajbana  Vihara, Rangamati- 2017",2018-03-13,https://www.youtube.com/watch?v=0xr2JOpoziM
#BuddhistsOfBangladesh,BANGLADESH BUDDHA KIRTON jaldi,2010-03-15,https://www.youtube.com/watch?v=bNxwXVvieAc
#BuddhistsOfBangladesh,Culture of Impunity: Will Extremists Use Bangladeshi Protests to their Advantage?,2014-03-14,https://www.youtube.com/watch?v=GZt_X918bPM
#BuddhistsOfBangladesh,Bangladesh Election 2026: US Lawmaker Suhas Subramanyam Warns Of Anti-Hindu Violence | India Today,2026-02-09,https://www.youtube.com/watch?v=0_8uMcAuga4
#BuddhistsOfBangladesh,Glorious Archaeology - Travel in Bangladesh Historical Destinations #bookingMentor,2018-03-13,https://www.youtube.com/watch?v=59iL782FuvA
#BuddhistsOfBangladesh,New Chakma Music Video || By Rubel Chakma Performance In Bangladesh || New Buddhist Song 2026 ||,2026-02-26,https://www.youtube.com/watch?v=qiUD1Vz6EWI
#BuddhistsOfBangladesh,Bangladesh Crisis: B'deshi Americans urge Trump to intervene; appeal for Chinmoy Das’ release,2025-03-11,https://www.youtube.com/watch?v=rheW18ekcpM
#BuddhistsOfBangladesh,What happened to the Bowl of Buddha – From Kesariya Stupa to Kandahar and Taliban,2023-03-12,https://www.youtube.com/watch?v=PPfnK_pBBEw
#BuddhistsOfBangladesh,"""Top 100 Buddha"" Tallest Statues in the World | Authorized First & Only Video Available on Internet",2022-03-12,https://www.youtube.com/watch?v=48FHVciRRzY
#BuddhistsOfBangladesh,VIPASSANA | What is it? how to do it,2024-03-11,https://www.youtube.com/watch?v=NnuD0SgcyyQ
#BuddhistsOfBangladesh,126 Feet Buddha Statue || Subalong Shaka Bana Vihar Jurachori Upazila || Rangamati Bangladesh ||,2023-03-12,https://www.youtube.com/watch?v=ObcMdtlo_nQ
#BuddhistsOfBangladesh,Buddhist Song -Bangladesh,2011-03-15,https://www.youtube.com/watch?v=k2oW05Hb3ps
#BuddhistsOfBangladesh,France Bangladeshi Buddhist People in Wat Thammapathip,2012-03-14,https://www.youtube.com/watch?v=vhokROvwu8M
#BuddhistsOfBangladesh,Bangla Buddhist Song-Kormo chara nahi dhormo sansare...mpg,2011-03-15,https://www.youtube.com/watch?v=VbvaYxadcR8
#BuddhistsOfBangladesh,Nerdfighters in Bangladesh - Project for Awesome,2011-03-15,https://www.youtube.com/watch?v=Yzi2BNkyq7s
#BuddhistsOfBangladesh,BANGLADESH BUDDHIST SONG KERTON part 2,2010-03-15,https://www.youtube.com/watch?v=tAOFSSDFslM
#BuddhistsOfBangladesh,Ogo Buddha | Bangla Buddhist song  kirtan | Buddhist BD | Song,2022-03-12,https://www.youtube.com/watch?v=3ba3Pf7YrDo
#BuddhistsOfBangladesh,Bangla  Buddha Sutta Monghal Paritran  Voice By  S  Lokajit  Bhikkhu  Part 01,2011-03-15,https://www.youtube.com/watch?v=1PLA09savrw
#BuddhistsOfBangladesh,"Bangladesh Buddha Vikkhu ""Chrimoth Dhormmo Thirsho Sthobir - Maha Sathipattana Sutro""",2014-03-14,https://www.youtube.com/watch?v=0DI0nPS-QtM
#BuddhistsOfBangladesh,"If your mind is restless, listen to this story - Goutam Buddha Motivational Story about Overcome ...",2023-03-12,https://www.youtube.com/watch?v=DikVKwVq2pk
#BuddhistsOfBangladesh,Peace-walking monks’ dog is recovering after surgery,2026-02-09,https://www.youtube.com/watch?v=pnAxbhaDTEE
#BuddhistsOfBangladesh,2006 06 18 Nepal Tape10 Day2,2026-02-25,https://www.youtube.com/watch?v=V2E749CyRPY
#BuddhistsOfBangladesh,বৌদ্ধদেবের দোষ দিয়া | কন্ঠে:পরিতোষ বড়ুয়া | বৌদ্ধ কীর্তন| Buddhist BD|Old Buddhist Kirton Song2024,2024-03-11,https://www.youtube.com/watch?v=RzujPYM-kJc
#BuddhistsOfBangladesh,Bangladesh  Buddhist  song  Keaton ||Buddhist BD|| song,2022-03-12,https://www.youtube.com/watch?v=FOh6GeVbicM
#BuddhistsOfBangladesh,"Buddhist Song-2024| 126feet Buddha Statue| Rubel, Jonaki| Jurachori Upazila| Rangamati Bangladesh|",2025-03-11,https://www.youtube.com/watch?v=hxl-Ha-FEYA
#BuddhistsOfBangladesh,tumi amar Buddho probhu | Buddhist BD| Buddhist song,2022-03-12,https://www.youtube.com/watch?v=VW95uqw0Iyo
#BuddhistsOfBangladesh,Bangla Buddhist Song-Tumi Amar Buddho Probu -Bangladesh,2011-03-15,https://www.youtube.com/watch?v=mawfk1uhPFI
#BuddhistsOfBangladesh,বিক্রামপুর বৌদ্ধ বিহার। Buddhist Bihara of munshiganj। মুন্সিগঞ্জ। Historical Place।,2021-03-12,https://www.youtube.com/watch?v=tJ3jGrBtFm4
#BuddhistsOfBangladesh,Best Bangla Buddhist Song : Tune & Music ASHRU BARUA RUPAK,2017-03-13,https://www.youtube.com/watch?v=UMSh0ul1jNU
#BuddhistsOfBangladesh,সমাধি নন্দ স্থবির ভান্তের কন্ঠে এক নজরে সূত্রপাঠ।,2024-03-11,https://www.youtube.com/watch?v=26Id6kcynzw
#BuddhistsOfBangladesh,Buddhist monks help Muslims during riots,2019-03-13,https://www.youtube.com/watch?v=_9ULrAz0YL0
#BuddhistsOfBangladesh,#ဘင်္ဂလာဒေ့ကရှေးဟောင်းဗုဒ္ဓကျောင်းတော်များအနားမှာNear ancient Buddhist temples in Bangladesh,2023-03-12,https://www.youtube.com/watch?v=7oZZu1bWVFQ
#BuddhistsOfBangladesh,AGAIN: Elderly Buddhist Monk Hacked to Death in Bangladesh,2017-03-13,https://www.youtube.com/watch?v=KwdnwZH-D_Y
#BuddhistsOfBangladesh,"Exhibition Tour—Tree & Serpent: Early Buddhist Art in India, 200 BCE–400 CE | Met Exhibitions",2024-03-11,https://www.youtube.com/watch?v=WzBjUPDvqAY
#BuddhistsOfBangladesh,Dr  Jinabodhi Mohastavir's Speech at Unainpura Lankharam,2011-03-15,https://www.youtube.com/watch?v=2s9bQ0owpHc
#BuddhistsOfBangladesh,Bangla Buddhist Song-Bishaka chinta kore ki....mpg,2011-03-15,https://www.youtube.com/watch?v=pYGusNpBB8o
#BuddhistsOfBangladesh,Exploring Cox's Bazar: Hidden Buddha & Best Tandoori Cha In Bangladesh | Carrie Patsalis,2023-03-12,https://www.youtube.com/watch?v=w5JU86XkTQs
#BuddhistsOfBangladesh,EXCLUSIVE: Inside the Venuvan Buddha Vihara. 12-hour Buddhist monks chanting first time in Tripura,2023-03-12,https://www.youtube.com/watch?v=AAYn7A7NYpA
#BuddhistsOfBangladesh,Bhasan Char: The Bangladeshi State's Remote Island for Burmese Refugees | DISPATCH | HD Documentary,2025-03-11,https://www.youtube.com/watch?v=DeQZR7JZX1Q
#BuddhistsOfBangladesh,Do not Remain Poor | Motivation Cube Video | Best Motivational Speech Bangla | Buddha Story,2022-03-12,https://www.youtube.com/watch?v=0Zpf7lG3yb0
#BuddhistsOfBangladesh,නරසීහ ගාථා බන්ගලාදේශ දරුවෙකුගේ හඩින් | Naraseeha Gatha | Buddha | Pirith | Dharma deshana | 2021,2022-03-12,https://www.youtube.com/watch?v=5WZUFGJQfIA
#BuddhistsOfBangladesh,"PM Narendra Modi unveils  Buddha statue jointly with President of Mongolia, Khaltmaagiin Battulga",2020-03-12,https://www.youtube.com/watch?v=8izYiNqakrg
#BuddhistsOfBangladesh,Mono Chittobo Uju Gorine.... | Buddhist Religious Song | Chakma Video HD,2018-03-13,https://www.youtube.com/watch?v=PX2s2O0EZCo
#BuddhistsOfBangladesh,Bangladesh | Stand With Mro Buddhists and Indigenous Community | Say No To 5 Star Hotel | Save Mro |,2021-03-12,https://www.youtube.com/watch?v=sgw5-o-UQpw
#BuddhistsOfBangladesh,Bangla Chakma  Buddhiat Song-sarga puri......mpg,2011-03-15,https://www.youtube.com/watch?v=UCBCGOwaet8
#BuddhistsOfBangladesh,"MEA CONDEMNS ATTACKS ON MINORITIES IN BANGLADESH INCLUDING HINDUS, BUDDHISTS, ETC",2026-01-10,https://www.youtube.com/watch?v=PzXU3kc59lY
#BuddhistsOfBangladesh,সাধনা বন-৩ শিল্পী -তাপসী চাকমা মডেল-মিষ্টি চাকমা,2019-03-13,https://www.youtube.com/watch?v=okZCWBwZaa4
#BuddhistsOfBangladesh,Joyoto Buddha   Full Mixed Album   ASHRU BARUA RUPAK Bangla Buddhist Song,2017-03-13,https://www.youtube.com/watch?v=iSndpiMArak
#BuddhistsOfBangladesh,Moheshkhali Buddist Golden tample #travel #adventurechallenge #bangladesh #nature #entertainment ,2026-02-25,https://www.youtube.com/watch?v=6GIwL7BCGUM
#BuddhistsOfBangladesh,ওগো মানব ফিরে তাকাও ।জগতের সকল প্রাণী সুখী হোক | বুদ্ধ ধর্মীয় গান। Bangla Buddhist Song,2025-12-11,https://www.youtube.com/watch?v=tX9u2Pn0ul0
#BuddhistsOfBangladesh,Bangla Murli 02.09.25 BK Ranjita Didi ,2025-09-12,https://www.youtube.com/watch?v=BHThKARjZdk
#BuddhistsOfBangladesh,CHAKMA NEW BUDDHIST SONG 2024. Benne potte ranga belan voiced rubel Chakma,2025-03-11,https://www.youtube.com/watch?v=4--UuC1mg8g
#BuddhistsOfBangladesh,BANGLADESH BUDDHIST SONG KERTON part 5 adit by cipon barua,2010-03-15,https://www.youtube.com/watch?v=YlsBOSGA7cE
#BuddhistsOfBangladesh,On The Buddha’s Enlightenment And Yours - Kapil Gupta,2023-03-12,https://www.youtube.com/watch?v=YOqNYI5cAvo
#BuddhistsOfBangladesh,Why Are Chakmas Buddhists of CHT Bangladesh Ignored  by BJP & Congress ? @PrakashAmbedkarofficial,2025-03-11,https://www.youtube.com/watch?v=EbiPTEolpU4
#BuddhistsOfBangladesh,Buddhist Chari Arakkha Bhavana with Nice voice,2013-03-14,https://www.youtube.com/watch?v=jAIFbvX4nqg
#BuddhistsOfBangladesh,Bangla  Buddha Sutta Monghal Paritran  Voice By  S  Lokajit  Bhikkhu  Part 08,2011-03-15,https://www.youtube.com/watch?v=42lfiZ53icM
#BuddhistsOfBangladesh,Buddha Kirton | Nikash Barua | Dipak Barua | Ripon Barua | Pritom Barua Pranto | sunmoon bangla,2021-03-12,https://www.youtube.com/watch?v=ripNbPT1LXw
#BuddhistsOfBangladesh,"Guru Bhante (Bandarban) Desana (Marma & Bangla) at Mahasanghadan, KWK, Bandarban. 11-9-16",2017-03-13,https://www.youtube.com/watch?v=1fm-4Sm36YY
#BuddhistsOfBangladesh,CANADA Chakma Buddhists Protested  against Human Right Violation in CHT Bangladesh | Student Protest,2025-03-11,https://www.youtube.com/watch?v=6b3awju-qyM
#BuddhistsOfBangladesh,Best of Rubel Chakma || Top 10 Chakma Buddhist MP4 Song 2025 ||,2025-03-11,https://www.youtube.com/watch?v=je_l6-bGfBQ
#BuddhistsOfBangladesh,Ratana Sutta with Pali Text  | Chanted by Bhante Indarathana| මහානුභාව සම්පන්න රතන සූත‍්‍රය.,2021-03-12,https://www.youtube.com/watch?v=NA1czf7OR1U
#BuddhistsOfBangladesh,Bangla Buddha Song 3,2012-03-14,https://www.youtube.com/watch?v=kmfbdxCJqE8
#BuddhistsOfBangladesh,The unknown sites of Bangladesh | Pakistan to Bangladesh [S.3- Ep.13],2024-03-11,https://www.youtube.com/watch?v=ZMIUue8zTqA
#BuddhistsOfBangladesh,"New Buddhist song by Rubel, Parky & Poni Chakma হাগাড়াছুড়ির গামারীঢালা দোল ভরন্দি আদামত...",2021-03-12,https://www.youtube.com/watch?v=DP_eQUMVfMo
#BuddhistsOfBangladesh,tmp 23426 Nishita Barua Ohongkare Din Katale Bangla Buddhist Song HD 105010036,2017-03-13,https://www.youtube.com/watch?v=MjBSM7TZgsg
#BuddhistsOfBangladesh,Ariyasravaka Bana Bhante  2 Sykamitra Barua & others singer's song  Joy joy Buddha Pataka    2,2011-03-15,https://www.youtube.com/watch?v=Trp7DcehBDQ
#BuddhistsOfBangladesh,Bangla Buddha Song kirton .jaldi 3,2011-03-15,https://www.youtube.com/watch?v=eiFuQr18VgY
#BuddhistsOfBangladesh,Bangla Chakma  Buddhist Song-ei shubodinoth......mpg,2011-03-15,https://www.youtube.com/watch?v=QwYR-DNnBvQ
#BuddhistsOfBangladesh,Chakma Video HD | Buddhist Dhamma Video Song | Bhari Doul..... Bhari Doul........... Ama E Jagan,2017-03-13,https://www.youtube.com/watch?v=_LtMoiZ7_qw
#BuddhistsOfBangladesh,Myanmar monks protest in front of Myanmar Embassy,2016-03-13,https://www.youtube.com/watch?v=761l7RatnIQ
#BuddhistsOfBangladesh,"Buddhist Song by Dipannita Chakma, Annaya Chakma। Sanghraj AbhayTishya Mahathera Funeral Ceremony।",2021-03-12,https://www.youtube.com/watch?v=U5PsuoT2FOw
#BuddhistsOfBangladesh,ALLEGED BRUTALITY ON MINORITIES & BUDDHISTS IN BANGLADESH CONDEMNED BY T.R.R.V.B.S. #agtlive24x7,2025-03-11,https://www.youtube.com/watch?v=pLPYtTkP0WM
#BuddhistsOfBangladesh,"Daily Paritta Chanting in Pali by Monks of Maha Bodhi Society, Bengaluru, India",2025-03-11,https://www.youtube.com/watch?v=qweidbdBth4
#BuddhistsOfBangladesh,Buddhist Funeral |Last rites of Ren. Dawa Tshering Lepcha(Champo la) |Mamring Gumpa |Pakyong Sikkim,2023-03-12,https://www.youtube.com/watch?v=rfVx02gUh_U
#BuddhistsOfBangladesh,Bangla Buddhist Song-Buddher Dika Nite...............,2011-03-15,https://www.youtube.com/watch?v=PTD364CfE1E
#BuddhistsOfBangladesh,Across Borders with Dr Farish - Episode 5: Myanmar – Bangladesh,2016-03-13,https://www.youtube.com/watch?v=ph-auhCX1L0
#BuddhistsOfBangladesh,Happy Madhu Purnima || Rajbana Vihara || Rangamati || Bangladesh || Buddhist Studio ||,2023-03-12,https://www.youtube.com/watch?v=fn8ViqPyXO0
#BuddhistsOfBangladesh,"World's Largest Reclining Buddha Part 2 - Mawlamyine, Myanmar",2020-03-12,https://www.youtube.com/watch?v=gDJJzPOHtng
#BuddhistsOfBangladesh,The Buddha of Swat: Ancient carving of Buddha restored in Pakistan,2019-03-13,https://www.youtube.com/watch?v=puA2QAPCNNI
#BuddhistsOfBangladesh,Hinduism and Buddhism (Core Beliefs) Similarities & Differences,2023-03-12,https://www.youtube.com/watch?v=BVe4Cov3bo4
#BuddhistsOfBangladesh,Japanese Buddhists and Indigenous Communities Stand Together for CHT Bangladesh Minorities | News,2025-03-11,https://www.youtube.com/watch?v=wtgxT1Qz_O4
#BuddhistsOfBangladesh,Muslim Mobs Attack Hindus & Buddhists in Bangladesh - A Deep Dive,2025-03-11,https://www.youtube.com/watch?v=Fc7xd5ZJGdM
#BuddhistsOfBangladesh,Buddhist Sutra-Part 5- Bangladesh,2011-03-15,https://www.youtube.com/watch?v=QCAntLfshFo
#BuddhistsOfBangladesh,"Bangladesh Buddha Vikkhu ""Metta Bhavana (The Chant of Loving Kindness)""",2014-03-14,https://www.youtube.com/watch?v=6cCAY1EvDDA
#BuddhistsOfBangladesh,which buddhism is practiced in Bangladesh 🇧🇩,2023-03-12,https://www.youtube.com/watch?v=NhJEU_tcAqU
#BuddhistsOfBangladesh,Most Important Dhamma Discourse | For Every Chakmas or Chakma Nation | By Most Ven. Bana Bhante,2023-03-12,https://www.youtube.com/watch?v=kbDlnPpB1-s
#BuddhistsOfBangladesh,Bangladesh Hindu Rights Defender Fined ₹2 Lakh in India | Rabindra Ghosh Appeals for Help | HSF,2026-03-08,https://www.youtube.com/watch?v=KJrS8SRUKc8
#BuddhistsOfBangladesh,Bangla Buddhist Song Amar sadoner don By Shakya Mitra Barua ( শাক্য মিত্র বড়ুয়া ),2016-03-13,https://www.youtube.com/watch?v=no8zvHgT6d8
#BuddhistsOfBangladesh,Moha Surjo Ghotom Buddho মহা সূর্য গৌতম বুদ্ধ Kirtan| Bangla Buddhist Song |Buddhist BD|,2022-03-12,https://www.youtube.com/watch?v=F3FfDQ5kiHM
#BuddhistsOfBangladesh,Dharmackka phabartana Sutta Bangla Buddhist,2016-03-13,https://www.youtube.com/watch?v=HflDJOOueJg
#BuddhistsOfBangladesh,Sajek ar nanda ram_chakma new Buddhist song 2025_singer rubel chakma,2025-10-12,https://www.youtube.com/watch?v=lOSZN3DOw9A
#BuddhistsOfBangladesh,Buddha Song II Beautiful Buddha Song II Pushpanjoli Diaa Prata,2023-03-12,https://www.youtube.com/watch?v=Z5rR3nilHdY
#BuddhistsOfBangladesh,Sri Lanka's Hardline Monks: Some buddhists blamed for anti-Muslim sentiment,2019-03-13,https://www.youtube.com/watch?v=rAa6cfcD7b8
#BuddhistsOfBangladesh,Rangkut Buddha Monastery 🛕 | রাংকুট বনাশ্রম বৌদ্ধ বিহার |  Ramu Cox's Bazar Bangladesh,2025-03-11,https://www.youtube.com/watch?v=G3koG960g2E
#BuddhistsOfBangladesh,সকাল-সন্ধ্যা বুদ্ধের বন্দনা Buddhist Chanting Bangladeshi monks Sharanangkar Bhante,2022-03-12,https://www.youtube.com/watch?v=IVLmVmnC_cc
#BuddhistsOfBangladesh,Bangla Buddhist Song-Aji pronam Janai.........mpg,2011-03-15,https://www.youtube.com/watch?v=4rDxd8MK4QY
#BuddhistsOfBangladesh,বিটিভি চট্টগ্রাম কেন্দ্র পবিত্র ত্রিপিটক পাঠ Bangladesh Television #buddha #buddhism @buddhateaching,2025-08-13,https://www.youtube.com/watch?v=efsN2Jr7ftk
#BuddhistsOfBangladesh,বৌদ্ধ সম্প্রদায়ের বিয়েতে দারুন নিয়ম।Best Bangladeshi Buddhist Wedding cinematography। Bangla Studio,2020-03-12,https://www.youtube.com/watch?v=sT9nbyqXMcs
#BuddhistsOfBangladesh,Local Life in the Himalayas of India | Buddhist & Hindu,2023-03-12,https://www.youtube.com/watch?v=ga5JVH7HNM0
#BuddhistsOfBangladesh,Swaranagata | Bangla TV Serial | Episode - 294 | Best Scene | Zee Bangla,2021-03-12,https://www.youtube.com/watch?v=MxQzYbjXejA
#BuddhistsOfBangladesh,"Bangladesh Buddha Vikkhu ""Shrorongkor Vikkhu Sutro"" 2013-02",2014-03-14,https://www.youtube.com/watch?v=qJhjbJxZhpo
#BuddhistsOfBangladesh,Alms Round - A Beautiful Tradition Of Buddhism | Ba Vang Pagoda Vietnam,2020-03-12,https://www.youtube.com/watch?v=BRi3tfj7YmE
#BuddhistsOfBangladesh,"Bangladesh Buddha Vikkhu ""Shronongkor Vikkhu Paritran Sutra"" 2015-02",2015-03-14,https://www.youtube.com/watch?v=Y_zutkUEyjQ
#BuddhistsOfBangladesh,Cox Bazar tour 1st day vlog/ Ramu Buddhist & Rankut temple & tourist spot visit/Dhaka to Cox Bazar.,2024-03-11,https://www.youtube.com/watch?v=4jJmeUKUbiw
#BuddhistsOfBangladesh,স্বর্ণ মন্দির বান্দরবান | Golden Temple Bandarban | sorno mondir | Bandarban Tour,2023-03-12,https://www.youtube.com/watch?v=_7K4cDALyMA
#BuddhistsOfBangladesh,Quantum-Method-Shithilayon-Relaxation-Bangla-Meditation-for-stress-relief-healing-Relaxing,2025-03-11,https://www.youtube.com/watch?v=pX1zAjInPmg
#BuddhistsOfBangladesh,Buddhist Sutta Mahamangala Sutta  Bangla By  Priya Barua,2016-03-13,https://www.youtube.com/watch?v=IDD5G1kHN4w
#BuddhistsOfBangladesh,Monks and civilians protest recent attacks on buddhist temples,2016-03-13,https://www.youtube.com/watch?v=lI8Jllmje2k
#BuddhistsOfBangladesh,Silachari part-3 l Visit to Ailmara Buddhist Temple with a beautiful view of Bangladesh l TRIPURA,2022-03-12,https://www.youtube.com/watch?v=blDebFimLHE
#BuddhistsOfBangladesh,Ami pore achi tomar podo tale-Bangladesh Buddhist Song,2011-03-15,https://www.youtube.com/watch?v=tCzr3SV8_zY
#BuddhistsOfBangladesh,"পরম শ্রদ্ধেয় সত্যমতি ভান্তের উপদেশ! দান-শীল ভাবনা এই তিনেন্ হাম গরানা, VEN SATYA MOTI BHIKKHU ADVICE",2025-03-11,https://www.youtube.com/watch?v=1XmGQggOP5U
#BuddhistsOfBangladesh,একটি রাজা ও একটি সাধুর গল্প ! Life Changing Monk Motivational Story in Bangla ! Moral Story,2022-03-12,https://www.youtube.com/watch?v=9aVshh2sAzg
#BuddhistsOfBangladesh,"Bangladesh Buddha Vikkhu ""Shronongkor Vikkhu Deshona"" 2014-02",2015-03-14,https://www.youtube.com/watch?v=JH17hRfVjsA
#BuddhistsOfBangladesh,Buddhist Sutta Jinapanjara Gata With Bangla Bangladesh,2014-03-14,https://www.youtube.com/watch?v=Y67B4MMta6E
#BuddhistsOfBangladesh,All people are subject to karma. #foryou #buddha #bangladesh #religion s lokajit Bhikkhu desona,2026-02-26,https://www.youtube.com/watch?v=FaxNdFfY3kA
#BuddhistsOfBangladesh,Buddham saranam gacchami-bangla buddhist song by SB CENA,2018-03-13,https://www.youtube.com/watch?v=4N1z0qcaZjs
#BuddhistsOfBangladesh,"ধর্ম দেশনা পালি ভাষা থেকে মারমা ভাষায় অনুবাদ সহ।   নামো বুদ্ধায়ো।   #Buddha  #Dharma #Desona,#marma",2025-03-11,https://www.youtube.com/watch?v=Eo3zOeZCynU
#BuddhistsOfBangladesh,Buddhist Religious Song-2023| এই সংসারত পরান বলায়। যা কর্ম তে ভোগ গরে। Singer| Rubel Chakma|,2023-03-12,https://www.youtube.com/watch?v=4lZFnP_oq_g
#BuddhistsOfBangladesh,"Buddhists, Hindus, Christians is in danger in Bangladesh//Genocide against minorities in Bangladesh ",2025-10-12,https://www.youtube.com/watch?v=393z6QsInoU
#BuddhistsOfBangladesh,Bangladeshi Buddhist Sutta..06,2013-03-14,https://www.youtube.com/watch?v=AY9-KqOqylw
#BuddhistsOfBangladesh,"Bangladesh Buddha Vikkhu ""Shronongkor Vikkhu Desona"" Shakpura",2015-03-14,https://www.youtube.com/watch?v=3nl2IwcDGIA
#BuddhistsOfBangladesh,Namaste Ladakh Buddhists program tour Bodhgaya,2026-01-10,https://www.youtube.com/watch?v=5beHN4JPz2o
#BuddhistsOfBangladesh,"Korean BUDDHIST FOOD & Temple Stay at Beomeosa Temple | Busan, South Korea",2020-03-12,https://www.youtube.com/watch?v=tUCXj9XVjIE
#BuddhistsOfBangladesh,UNESCO World Heritage Sites In Bangladesh,2021-03-12,https://www.youtube.com/watch?v=wDxABKPeS-U
#BuddhistsOfBangladesh,What To Visit In Bangladesh 🇧🇩 Paharpur UNESCO,2023-03-12,https://www.youtube.com/watch?v=91TCslG5p4Y
#BuddhistsOfBangladesh,"Kuakata Sea Beach, Bangladesh | Buddhist Temple | Story 123 | Solo Bike Ride",2025-07-14,https://www.youtube.com/watch?v=3f_ouSSJznk
#BuddhistsOfBangladesh,Ariya sravaka Bana Bhante 7 (Dialog & Sykamitra Barua's song),2011-03-15,https://www.youtube.com/watch?v=RJgJeW-x7MU
#BuddhistsOfBangladesh,Bangla Buddhist Song : Pronaam Janai  : Singer SHARAN & NIRBACHITA : Tune & Music ASHRU BARUA RUPAK,2017-03-13,https://www.youtube.com/watch?v=9uGk1z2AgU0
#BuddhistsOfBangladesh,"“Why Chanakya oppressed Buddhist Monks ”?? / Chanakya, Buddha and Emperor  Ashoka !!",2022-03-12,https://www.youtube.com/watch?v=BeUkVQcrxrA
#BuddhistsOfBangladesh,Rohingya crisis: Monks with an ultranationalist agenda,2018-03-13,https://www.youtube.com/watch?v=AtrH-xOhd2g
#BuddhistsOfBangladesh,Bangla Buddhist Gatha Morona Chithi Babona By S. Lokajit Thero,2017-03-13,https://www.youtube.com/watch?v=kI1y4jDnvjk
#BuddhistsOfBangladesh,Islam vs Buddhism | Buddhism vs Islam | Islam | Religion Comparison | Muslim vs Buddhist,2023-03-12,https://www.youtube.com/watch?v=_gu-vZRazvk
#BuddhistsOfBangladesh,Priya Saha-Donald Trump talks,2022-03-12,https://www.youtube.com/watch?v=IuVwuUYG0BY
#BuddhistsOfBangladesh,01 Day - Bengali - Discourses - Vipassana Meditation,Unknown Date,https://www.youtube.com/watch?v=_T4t-LU5eeg
#BuddhistsOfBangladesh,Myanmar: Buddhist Extremism and the Rohingya Genocide | DISPATCH | HD Documentary,2025-03-11,https://www.youtube.com/watch?v=-dgWlC5D6r0
#BuddhistsOfBangladesh,Saddam Hussain Says Bangladesh Govt Turning Nation Into Religious State | News9,2025-06-14,https://www.youtube.com/watch?v=553UYmx49Uw
#BuddhistsOfBangladesh,Global Buddhist Summit | Latest update | Drishti IAS English,2024-03-11,https://www.youtube.com/watch?v=0OSFAmHWpfU
#BuddhistsOfBangladesh,Part 1- Bangladeshi buddhist monk Ven. Banabhante's(Sadhanananda Mahathera) final moments,2015-03-14,https://www.youtube.com/watch?v=3trcXJCZBQU
#BuddhistsOfBangladesh,Bangladesh Buddhists Cancel Biggest Religious Festival Following Attacks On Tribals In CHTs,2025-03-11,https://www.youtube.com/watch?v=mHhJ4szJJ_c
#BuddhistsOfBangladesh,Satya Vaarta: Bangladesh(Debapriya Bhattacharya),2019-03-13,https://www.youtube.com/watch?v=7-g1vFT3T84
#BuddhistsOfBangladesh,CRAZY FLOATING markets of BANGLADESH,2022-03-12,https://www.youtube.com/watch?v=5Z6EwfjcON8
#BuddhistsOfBangladesh,উৎসব শোভাযাত্রায় উদযাপন করা হচ্ছে বুদ্ধপূর্ণিমা | Country Buddha Purnima 2023 | ATN News,2024-03-11,https://www.youtube.com/watch?v=jq3PJbrsFM4
#BuddhistsOfBangladesh,Bangladesh Buddhist Luri // New Buddhist Songs // 2025 // Rubel Chakma // Ananya Chakma //,2025-03-11,https://www.youtube.com/watch?v=Ru87zKV0a3M
#BuddhistsOfBangladesh,Bangla Buddhist Song Aji Kathin Chibor Dan By Poritosh Barua (আজে কঠিন চীবর দান ),2016-03-13,https://www.youtube.com/watch?v=2UKHKUM4n4E
#BuddhistsOfBangladesh,Bangladesh Village Vlog: Village Life | Purbo Kadamhata Village Natural Vlog,2022-03-12,https://www.youtube.com/watch?v=zgp2gLYBOcE
#BuddhistsOfBangladesh,বুদ্ধ পূর্ণিমা উপলক্ষে বিশেষ অনুষ্ঠান - শুভ বুদ্ধ পূর্ণিমা | Shuvo Buddha Purnima | Talk Show,2020-03-12,https://www.youtube.com/watch?v=INleM-VSy7A
#BuddhistsOfBangladesh,Bodh gaya Me November December Mahine ka Bhir 😲 | Bangladesh Buddhist monestry Temple | vlog video,2023-03-12,https://www.youtube.com/watch?v=FfABq-BXshI
#BuddhistsOfBangladesh,Buddhist guru and preacher Bhante Baba last rites done with complete state honour,2019-03-13,https://www.youtube.com/watch?v=C3d-M2ER1lw
#BuddhistsOfBangladesh,বৃষল সূত্র কণ্ঠে সত্যপাল ভান্তে বাংলা & পালি Buddhist Sutta Satyapal Thero,2019-03-13,https://www.youtube.com/watch?v=cp-fs85jbDk
#BuddhistsOfBangladesh,Fé Revisitada,2013-03-14,https://www.youtube.com/watch?v=p5bUGaPDyLE
#BuddhistsOfBangladesh,Bangladesh: Chinmoy Krishna das's Arrest Sparks Violence,2025-03-11,https://www.youtube.com/watch?v=-dX_KY8NkG0
#BuddhistsOfBangladesh,EP 3 || ছোট্ট ছুটিতে মন ভালো করে দেবে বুদ্ধগয়া || Bodh Gaya || Mahabodhi Society || Buddha Gaya,2024-03-11,https://www.youtube.com/watch?v=qnwEKSMH20s
#BuddhistsOfBangladesh,Buddha Dhamma Sangha Bondhana,2023-03-12,https://www.youtube.com/watch?v=zzIrKjxsNEU
#BuddhistsOfBangladesh,বাংলাদেশের একমাত্র মমি করে রাখা বৌদ্ধ ভিক্ষু। A mummified Bangladeshi Buddhist monk.,2021-03-12,https://www.youtube.com/watch?v=B2IAODbsjxY
#BuddhistsOfBangladesh,Bangla Buddhist Song- Aji Kathin Chibor Dan,2011-03-15,https://www.youtube.com/watch?v=RXJTj3t-WRg
#BuddhistsOfBangladesh,New Buddhist Song 2025||Ei Songsarot||Rubel Chakma||,2025-05-15,https://www.youtube.com/watch?v=a3YZQQSY4TA
#BuddhistsOfBangladesh,"सिखो के लिए Budh धर्म गुरु की भविष्यवाणी, Bangladesh Muslim in Punjab?  5 Weekly Sikh news.",2025-03-11,https://www.youtube.com/watch?v=-Ql_BSHiBms
#BuddhistsOfBangladesh,Significance of Probarona Purnima | Important Full Moon of Buddhists | Probarona purnima | BUDDHI...,2022-03-12,https://www.youtube.com/watch?v=0M_RRDMnEV8
#BuddhistsOfBangladesh,Buddha Tumi Jogotar Alo . One of excellent Buddha Buddha Song,2023-03-12,https://www.youtube.com/watch?v=Nz29Nz0RXrg
#BuddhistsOfBangladesh,"CAA Breaking News: Relief For Persecuted Minorities From Pakistan, Bangladesh & Afghanistan | News18",2025-09-12,https://www.youtube.com/watch?v=1LpbwkRkU3s
#BuddhistsOfBangladesh,#সূত্রপাঠ। ১১ টি পরিত্রাণ পাঠ। একসাথে।,2021-03-12,https://www.youtube.com/watch?v=LE5R3WbUiCE
#BuddhistsOfBangladesh,Ami Kiherilam Soki | আমি কি হেরিলাম সখী | বৌদ্ধ কীর্তন |  Kritan | Buddhist BD | Buddhist Song 2022,2023-03-12,https://www.youtube.com/watch?v=aGMpogjz1qo
#BuddhistsOfBangladesh,Rohingya crisis: Monks with an ultranationalist agenda,2018-03-13,https://www.youtube.com/watch?v=2M131aAg83I
#BuddhistsOfBangladesh,Pop culture Buddhism vs Buddhist monks preaching violence,2019-03-13,https://www.youtube.com/watch?v=wWnFvH-DcIA
#BuddhistsOfBangladesh,Buddhist Song Bangla,2011-03-15,https://www.youtube.com/watch?v=fZ30NMq0Q5I
#BuddhistsOfBangladesh,HSF Builds Shop for Parents of 5 Children | From Jhuggi Collapse to New Hope | Majnu Tila Delhi,2026-03-10,https://www.youtube.com/watch?v=N8CIt6tEzSM
#BuddhistsOfBangladesh,"Burma: Rohingya stranded in no man's land ""The Buddhists are killing us!""",2018-03-13,https://www.youtube.com/watch?v=kbKMU7WlvHs
#BuddhistsOfBangladesh,Winning a Future - Part I (Full Movie),2013-03-14,https://www.youtube.com/watch?v=slAw4-BZwK8
#BuddhistsOfBangladesh,Gita Course Session 5 | Do I Need A Guide ? | HG Yugal Kisore Prabhu,2021-03-12,https://www.youtube.com/watch?v=C2IKPBsyvxs
#BuddhistsOfBangladesh,10-Minute Shaolin Power Workout 🔥 Ultimate Strength & Conditioning!,2025-03-11,https://www.youtube.com/watch?v=G718oLU51HA
#BuddhistsOfBangladesh,Thousands of Buddhist monks gather for world summit,2016-03-13,https://www.youtube.com/watch?v=irnUYa5SG6A
#BuddhistsOfBangladesh,Myanmar Buddhist monks rally against visit by Muslim body,2014-03-14,https://www.youtube.com/watch?v=pKqqXyaULsU
#BuddhistsOfBangladesh,"Chakma Language in India, Myanmar & Bangladesh| They speak same dialect and follows Buddhism|",2021-03-12,https://www.youtube.com/watch?v=wGifeEOTIvY
#BuddhistsOfBangladesh,OGC L2 Session-3 Part-2 by HG Harikshetra prabhu,2021-03-12,https://www.youtube.com/watch?v=9taz27Nl9Kg
#BuddhistsOfBangladesh,Buddhist monks march to support govt's handling of Rohingya Muslims,2016-03-13,https://www.youtube.com/watch?v=TuA_IuSCATA
#BuddhistsOfBangladesh,Myanmar Buddhists Systematically Raping Muslims,2018-03-13,https://www.youtube.com/watch?v=5eDneiIJN0c
#BuddhistsOfBangladesh,চলছে ফানুস উড়ানোর উৎসব | Prabarana Purnima in Bangladesh | Buddhists Celebrate Prabarana Purnima,2020-03-12,https://www.youtube.com/watch?v=j7By09dHxaU
#BuddhistsOfBangladesh,Buddham Saranam Gacchami | Udit Narayan | New Buddhist Song 2021 | Latest Buddha Song,2022-03-12,https://www.youtube.com/watch?v=Ik7OY76hAeE
#BuddhistsOfBangladesh,"GHRD hosts event on ongoing atrocities against minorities in Bangladesh, Pakistan",2025-04-15,https://www.youtube.com/watch?v=NDeEk5BxxSc
#BuddhistsOfBangladesh,How India Ruined Its Own Global Image - Ashok Kumar Pandey,2026-03-06,https://www.youtube.com/watch?v=48jC32qmz98
#BuddhistsOfBangladesh,Pakistani reaction on | The world's 2nd largest Buddha statue in Pakistan | Buddhist monks,2022-03-12,https://www.youtube.com/watch?v=lAo4pCkdK7k
#BuddhistsOfBangladesh,"World Chakma Population || Chakma Population in India , Bangladesh Myanmar | Daingnet People",2021-03-12,https://www.youtube.com/watch?v=i12WLCaVlqM
#BuddhistsOfBangladesh,CTVN AKD PLUS Live TV,Unknown Date,https://www.youtube.com/watch?v=-kLAcmrCmKM
#BuddhistsOfBangladesh,Life of Ordinary women become Buddhist nuns in SriLanka. Life is Simple when you get the best of it.,2022-03-12,https://www.youtube.com/watch?v=olYCA7OgPas
#BuddhistsOfBangladesh,"#400 Bhagavad-gita Chapter 11,Śloka 4 -Kartikeya das",2022-03-12,https://www.youtube.com/watch?v=QWYEaaFVPGI
#BuddhistsOfBangladesh,Our People are Leaving Sanatan Land in Tears | The Heartbreaking Story of Prahlad Ji | HSF,2026-03-09,https://www.youtube.com/watch?v=bNDff3Hisqw
#BuddhistsOfBangladesh,When Saints Are Accused | Shankaracharya Case & A Message to Hindu Society | HSF,2026-03-10,https://www.youtube.com/watch?v=MR3krfQvheM
#BuddhistsOfBangladesh,Buddhist Monk hacked to death in Bangladesh| Oneindia News,2017-03-13,https://www.youtube.com/watch?v=ZFm-RGV8qkk
#BuddhistsOfBangladesh,THE 195 STRANGEST FACTS ABOUT EVERY COUNTRY IN THE WORLD THAT ARE HARD TO BELIEVE,2026-03-06,https://www.youtube.com/watch?v=L7INmA8GPlk
#BuddhistsOfBangladesh,সেলিম ওয়াস্তিকের ওপর হামলা কেন? || Mufti Imran Bashir,2026-03-05,https://www.youtube.com/watch?v=FmLArQk_u-g
#BuddhistsOfBangladesh,Why are these secrets of America kept hidden? USA 4K Full Documentary,2026-02-09,https://www.youtube.com/watch?v=PHts8Uu4H84
#BuddhistsOfBangladesh,The Battle for Myanmar’s Buddhist spirit,2018-03-13,https://www.youtube.com/watch?v=_k9SSsuzcWc
#BuddhistsOfBangladesh,Violence In Myanmar Between Muslims And Buddhists Explained,2015-03-14,https://www.youtube.com/watch?v=B-EppVwPZ4A
#BuddhistsOfBangladesh,Bangla  Buddha Sutta Monghal Paritran  Voice By  S  Lokajit  Bhikkhu  Part 05,2011-03-15,https://www.youtube.com/watch?v=RNBMx7_NlSo
#BuddhistsOfBangladesh,Teacher Assistant at International University for Monks,2012-03-14,https://www.youtube.com/watch?v=NVejrycSYBw
#ChristiansOfBangladesh,"Christians And Hindus Attacked, Churches Vandalised Amid Rising Unrest In Bangladesh | News18",2026-01-10,https://www.youtube.com/watch?v=NtWikONmpDI
#ChristiansOfBangladesh,"11-Year-Old Called ""The Christian"" - Rejected & Alone",2025-11-11,https://www.youtube.com/watch?v=KLciDHBK0pw
#ChristiansOfBangladesh,Tiny Catholic community in Dhaka prepares to welcome pope,2022-03-12,https://www.youtube.com/watch?v=UnYaQWny_GY
#ChristiansOfBangladesh,"Sword-Wielding Muslim Extremists Terrorize Christians, Mark Homes With Crosses in Bangladesh",2025-03-11,https://www.youtube.com/watch?v=ozk_EqUXjWU
#ChristiansOfBangladesh,LIVE | Christian Community Attacked In Bangladesh | Bangladesh Unrest News | News18,2026-01-10,https://www.youtube.com/watch?v=4y5ipq_kbYI
#ChristiansOfBangladesh,Pray for Persecuted Christians in Bangladesh,2026-02-09,https://www.youtube.com/watch?v=J7Jhv8WBYzA
#ChristiansOfBangladesh,Christians Gather at Bangladesh Shrine Amid Election Fears | SG News,2026-02-09,https://www.youtube.com/watch?v=F249yuT6-us
#ChristiansOfBangladesh,"Tarique Rahman's Bangladesh Unity Appeal: ""For Muslims, Hindus, Christians""",2026-01-10,https://www.youtube.com/watch?v=33-6OZTvxVc
#ChristiansOfBangladesh,#thehardfacts LIVE | Christian Community Attacked In Bangladesh | Bangladesh Unrest News | News18,2026-01-10,https://www.youtube.com/watch?v=DdCjMB-nTUU
#ChristiansOfBangladesh,4 facts about Christians in Bangladesh,2021-03-12,https://www.youtube.com/watch?v=eC3gOv2L38A
#ChristiansOfBangladesh,Fear stalks Bangladesh's Christians after attacks,2018-03-13,https://www.youtube.com/watch?v=gVdUMfwinMI
#ChristiansOfBangladesh,"Bangladeshi IMAM Urges Muslims To Attack Christians, Immediately Collapses!",2026-02-28,https://www.youtube.com/watch?v=cKUZqadeu9Q
#ChristiansOfBangladesh,Robin's Story: Bangladesh - Open Doors Prayer News 311,2025-11-11,https://www.youtube.com/watch?v=kvtljNtpj_I
#ChristiansOfBangladesh,"Tarique Rahman's Bangladesh Unity Appeal: ""For Muslims, Hindus, Christians""",2026-01-10,https://www.youtube.com/watch?v=LDgFtmLKZbs
#ChristiansOfBangladesh,"Christian Minorities Attacked in Bangladesh, 17 Houses Torched by Miscreants",2025-03-11,https://www.youtube.com/watch?v=TW0y53FiapE
#ChristiansOfBangladesh,Bangladesh's christians live in constant fear,2018-03-13,https://www.youtube.com/watch?v=xxVVhl86d_k
#ChristiansOfBangladesh,Christians in Bangladesh - Hard Pressed But Growing,2023-03-12,https://www.youtube.com/watch?v=jJvTf0qLNiY
#ChristiansOfBangladesh,"Seema Says | Attacks on Christians, a Hindu Lynched in Bangladesh and Films Not Screened in Kerala",2026-01-10,https://www.youtube.com/watch?v=B5G9K7WQNro
#ChristiansOfBangladesh,CHRISTIANS IN BANGLADESH FACE FEAR AFTER CHURCH BOMB ATTACKS,2025-11-11,https://www.youtube.com/watch?v=diQn6YJQYAI
#ChristiansOfBangladesh,Pope to Bangladeshi bishops: I'm happy on my part of my visit to your country,2019-03-13,https://www.youtube.com/watch?v=z9rZoFY6e5w
#ChristiansOfBangladesh,Documentary on Christian Community of Bangladesh,2018-03-13,https://www.youtube.com/watch?v=sv70eXo-2nc
#ChristiansOfBangladesh,Bangladesh Christian Association stages protest in Dhaka,2016-03-13,https://www.youtube.com/watch?v=B07iR54Hlyw
#ChristiansOfBangladesh,Bangladesh's christians live in constant fear,2018-03-13,https://www.youtube.com/watch?v=TQX53E-ezdA
#ChristiansOfBangladesh,History of the first Christian village of Bangladesh,2020-03-12,https://www.youtube.com/watch?v=aj4KUd-o0A0
#ChristiansOfBangladesh,তীর্থোৎসব ঘিরে খ্রিস্টান পল্লীতে উৎসবের আমেজ | Christian Community | Tirthe Festival | Somoy TV,2025-11-11,https://www.youtube.com/watch?v=EWwuIZgU5QA
#ChristiansOfBangladesh,Top Developments LIVE: PM Modi's Christian Outreach | Bangladesh Crisis Deepens | N18L,2026-01-10,https://www.youtube.com/watch?v=9mK8DMv06xs
#ChristiansOfBangladesh,"Bangladesh: Tarique Rahman's Message To Hindus, Christians, Buddhists Amid Communal Violence| Zia",2026-01-10,https://www.youtube.com/watch?v=ythjQkKgCjI
#ChristiansOfBangladesh,ISAC Roundtable: The Crisis in Bangladesh & Its Impact on Local Christians,2025-03-11,https://www.youtube.com/watch?v=rM37nvNNoII
#ChristiansOfBangladesh,Jamuna’s story: Bangladesh - Open Doors Prayer News 302,2025-03-11,https://www.youtube.com/watch?v=6eUTyb0HZdM
#ChristiansOfBangladesh,Dhaka Christian minority celebrate Christmas,2017-03-13,https://www.youtube.com/watch?v=eLJ_vLGt7CI
#ChristiansOfBangladesh,Christmas Vandalism | Christmas Attacks: 'India= Hindu Bangladesh' Chorus Activated?,2026-01-10,https://www.youtube.com/watch?v=A4CFoxkTBGY
#ChristiansOfBangladesh,Bangladesh Crisis: Hindus Under Attack | Congress Funding Dips | Deepam Row | The Right Stand,2026-01-10,https://www.youtube.com/watch?v=Y-o91kzqBUc
#ChristiansOfBangladesh,Hindu Protest Over Bangladesh Lynching in London Disrupted by Khalistani Counter-Demonstrators,2026-01-10,https://www.youtube.com/watch?v=xAJyxCyqNww
#ChristiansOfBangladesh,Christianity in Bangladesh,2023-03-12,https://www.youtube.com/watch?v=ULn0x7R3nHo
#ChristiansOfBangladesh,NewsToday with Rajdeep Sardesai: PM Narendra Modi's Christmas Outreach | Bangladesh Unrest Continues,2026-01-10,https://www.youtube.com/watch?v=YwWwBmnCx5o
#ChristiansOfBangladesh,"Bangladesh Unrest | Hindu Man Lynched, Body Tied to Tree and Set on Fire | Crux Of The Matter",2026-01-10,https://www.youtube.com/watch?v=CNzf6XXVahk
#ChristiansOfBangladesh,Catholics in Bangladesh have celebrated 500 years of Christian faith in their country,2019-03-13,https://www.youtube.com/watch?v=l7uV49vx7YA
#ChristiansOfBangladesh,"Bangladesh Bishop Rejects State Allowance, Stresses Church Freedom | SG News",2026-02-27,https://www.youtube.com/watch?v=_TE2iXCLfPk
#ChristiansOfBangladesh,Christian Graveyard Dhaka Bangladesh,2019-03-13,https://www.youtube.com/watch?v=EuK1FGKh_2I
#ChristiansOfBangladesh,Easter Sunday Mass in Dhaka I Bangladeshi Christain People Joined the Mass,2025-05-15,https://www.youtube.com/watch?v=fRMmwhSqIzc
#ChristiansOfBangladesh,60 CHRISTIANS ESCAPE from BURNING CHURCH in BANGLADESH... GOD GUIDED US,2025-11-11,https://www.youtube.com/watch?v=LfYG3yrdN2Q
#ChristiansOfBangladesh,HINDU MAN LYNCHED TO DEATH IN BANGLADESH OVER ALLEGED BLASPHEMY; 7 ARRESTED,2026-01-10,https://www.youtube.com/watch?v=mLStBhBNdHw
#ChristiansOfBangladesh,Muslims Attack Christian Church Then Jesus Does The Impossible,2026-02-18,https://www.youtube.com/watch?v=JMS0vxZ0BzM
#ChristiansOfBangladesh,"India Responds to Attack on Hindus in Bangladesh, Expresses 'Grave Concern'",2026-01-10,https://www.youtube.com/watch?v=AKb1xscTYTw
#ChristiansOfBangladesh,"Pope Francis in Bangladesh: ""Don’t reduce the Rohingya to their religion""",2018-03-13,https://www.youtube.com/watch?v=owTT3GpdyXU
#ChristiansOfBangladesh,Documentary film | Christian community in village of Bangladesh | কেমন আছে বাংলাদেশের খ্রিস্টানরা,2024-03-11,https://www.youtube.com/watch?v=zORGewwVWcU
#ChristiansOfBangladesh,Shadhin (Freedom) | Christian Bangla Worship | Alpha Studio Bangladesh,2023-03-12,https://www.youtube.com/watch?v=u60D2dqfpT4
#ChristiansOfBangladesh,"Hindu Killed In Bangladesh: RSS Chief Mohan Bhagwat's Big Message, Raises This Demand From NDA",2026-01-10,https://www.youtube.com/watch?v=Kp077NEir-g
#ChristiansOfBangladesh,Chuye Nao Probhu Amay l Official New Bengali Christian Song l Kaushik Dasgupta l,2024-03-11,https://www.youtube.com/watch?v=JzMYrJLVMLk
#ChristiansOfBangladesh,NewsToday With Rajdeep Sardesai: Xmas Hate Normalising? | Hindus In Bangladesh | Aravalli Mining Row,2026-01-10,https://www.youtube.com/watch?v=cizRld_tx7U
#ChristiansOfBangladesh,Secret Believers Baptized in Bangladesh,2021-03-12,https://www.youtube.com/watch?v=r6vWrnYgobc
#ChristiansOfBangladesh,El Shaddai (God Almighty) | Christian Bangla Worship | Alpha Studio Bangladesh,2021-03-12,https://www.youtube.com/watch?v=M8KFv1b5SAY
#ChristiansOfBangladesh,Pope urges ‘decisive measures’ to tackle Rohingya crisis on Bangladesh visit,2018-03-13,https://www.youtube.com/watch?v=U8avoqQlFVA
#ChristiansOfBangladesh,Bangladesh Violence | 7 Arrested Over Hindu Man's Lynching In Bangladesh,2026-01-10,https://www.youtube.com/watch?v=plA2BwNGrkE
#ChristiansOfBangladesh,Trump Orders Nigeria Invasion To Protect Christians! B'desh Deploys SY-400 Ballistic Missile! Kinjal,2025-11-11,https://www.youtube.com/watch?v=QuMsxbzprB0
#ChristiansOfBangladesh,Ex-Muslim Exposes Mass Conversions to Christianity,2025-07-14,https://www.youtube.com/watch?v=lt42njg2ckE
#ChristiansOfBangladesh,Bangladesh Christians Revival.mp4,2013-03-14,https://www.youtube.com/watch?v=7A6tt_Dcbpg
#ChristiansOfBangladesh,Hypocrisy- Trump Airstrikes Nigeria for Christians! Warns India Against Hitting Pak & B’desh! Kinjal,2026-01-10,https://www.youtube.com/watch?v=q3QwCe6J1Ck
#ChristiansOfBangladesh,Missionary Service ~ The Wright Family ~ Bangladesh,2026-02-25,https://www.youtube.com/watch?v=blW9nUDFvDw
#ChristiansOfBangladesh,Bangladesh News | Tarique Rahman Cabinet's Hindu Face Speaks To NDTV,2026-02-18,https://www.youtube.com/watch?v=MlJwYA0Av54
#ChristiansOfBangladesh,Bangladeshi Hindu Man Stabbed And Burnt On New Year's Eve | 4th Attack On Minorities In Two Weeks,2026-01-10,https://www.youtube.com/watch?v=bp6aSj_pWl4
#ChristiansOfBangladesh,Christian Missionary In Bangladesh,2021-03-12,https://www.youtube.com/watch?v=4Qwu68bMXYQ
#ChristiansOfBangladesh,LIVE: Sivaji's CONTROVERSIAL Comments On Women | Christians Attacked In Bangladesh | BrassTacks,2026-01-10,https://www.youtube.com/watch?v=burPn0W_4XM
#ChristiansOfBangladesh,প্রায় ১৩০ বছরের ঐতিহ্যবাহী ক্রাইস্ট চার্চ | Saidpur Christian Church | Nilphamari | Somoy TV,2024-03-11,https://www.youtube.com/watch?v=64sPcoVlzTM
#ChristiansOfBangladesh,"Sword-Wielding Muslim Extremists Terrorize Christians, Mark Homes With Crosses in Bangladesh",2025-03-11,https://www.youtube.com/watch?v=hjHOawcP70w
#ChristiansOfBangladesh,Powerful Prayers Offered Up for HOWJ Bangladesh & India | Nancy Wangui,2026-02-25,https://www.youtube.com/watch?v=bE0_HB8ClJQ
#ChristiansOfBangladesh,"4,476 Christians killed for their faith in 2024",2025-03-11,https://www.youtube.com/watch?v=iVvcaDgd1vY
#ChristiansOfBangladesh,Ex-Muslim Woman Confesses Jesus in Bangladesh Mosque | Supernatural Miracle by Hundreds 2026,2026-02-09,https://www.youtube.com/watch?v=qOdHsQ1cztQ
#ChristiansOfBangladesh,Christian Funeral in Bangladesh,2019-03-13,https://www.youtube.com/watch?v=_f98WQ2Wjc4
#ChristiansOfBangladesh,"O Lord My God in Bengali ""Hey More Ishwar"" by 100 voice Mass Choir for Classic Hymns album",2025-03-11,https://www.youtube.com/watch?v=0mBwqx5Rch4
#ChristiansOfBangladesh,President Trump threatens military action in Nigeria over 'killing of Christians',2025-11-11,https://www.youtube.com/watch?v=DRMBCnJbq6o
#ChristiansOfBangladesh,"Nigerian Christians Being Hunted and Killed | Prayer Link - November 4, 2025",2025-11-11,https://www.youtube.com/watch?v=mKB5Wi9CEQw
#ChristiansOfBangladesh,The Martinez Family | International Day of Prayer for Persecuted Christians 2024,2025-03-11,https://www.youtube.com/watch?v=RScWmR3DRAw
#ChristiansOfBangladesh,"Bangladesh Hindus, Buddhists, Christians Unity Council USA [GA Chapter] 1-26-14",2014-03-14,https://www.youtube.com/watch?v=hjJiKgLN3Tg
#ChristiansOfBangladesh,"Macron in panic | Christians, Hindus targeted in Bangladesh",2026-01-10,https://www.youtube.com/watch?v=rNCWHyp9-C4
#ChristiansOfBangladesh,Rajdeep Sardesai's Take: Attacks On Christians By Vigilante Groups Betray India's Pluralist Spirit,2026-01-10,https://www.youtube.com/watch?v=wSkPsZwvHb0
#ChristiansOfBangladesh,"PROJECT   Christ among the Christians in Bangladesh,  PowerPoint 2023 12 21 23 53 27",2024-03-11,https://www.youtube.com/watch?v=c0gLbnkI2HM
#ChristiansOfBangladesh,"Christmas special: How Biden betrayed Christians in Syria, Bangladesh",2025-03-11,https://www.youtube.com/watch?v=9W5ewF8UD-4
#ChristiansOfBangladesh,Live for You Today Carrie’s Bangladesh Mission Trip to the Bangla Hope orphanage ,2026-02-18,https://www.youtube.com/watch?v=4TmSUnjvyBM
#ChristiansOfBangladesh,"Shulpur Christian Churches in Bangladesh।শুলপুর গির্জা, সিরাজদিখান,মুন্সীগঞ্জ ।travel in bangladesh",2023-03-12,https://www.youtube.com/watch?v=nQGExeyZ3jU
#ChristiansOfBangladesh,How Christians conquered Bangladesh in 3 easy steps.,2025-03-11,https://www.youtube.com/watch?v=EarI-IwagZw
#ChristiansOfBangladesh,"CRC World Views & News |July 03, 2025|English; Bangladesh's Christians Under Attacks",2025-07-14,https://www.youtube.com/watch?v=WgROngRIDGs
#ChristiansOfBangladesh,"CRC World Views & News |August 15, 2025|Urdu; Bangladesh's Christians on Targets-Iran's Christians",2025-09-12,https://www.youtube.com/watch?v=UHflzaG8hS4
#ChristiansOfBangladesh,Does Bangladesh Really have a Plan? | Testing Times and Unanswered Questions | 4K | N18G,2026-01-10,https://www.youtube.com/watch?v=JzqX0RPovo8
#ChristiansOfBangladesh,NewsToday With Rajdeep Sardesai: Hindus Under Attack In Bangladesh | Christmas A Target Of Hate?,2026-01-10,https://www.youtube.com/watch?v=3cm4hX752SY
#ChristiansOfBangladesh,Mob Attacks James Concert In Bangladesh | India Today,2026-01-10,https://www.youtube.com/watch?v=x0h-OGnLi7k
#ChristiansOfBangladesh,Dei U Syiem Ki Syiem || KHASI CATHOLIC BANGLADESH,2025-12-11,https://www.youtube.com/watch?v=0vJGnqBTKhw
#ChristiansOfBangladesh,Debate With Arnab: Massive Hindu Mobilisation Over Bangladesh Attack,2026-01-10,https://www.youtube.com/watch?v=GsnnUZOBqeY
#ChristiansOfBangladesh,Bangladesh: Bomb Attacks on Catholic Churches and School Leave Christians in Fear - Crossway Tv,2025-12-11,https://www.youtube.com/watch?v=HK6hf-xweiw
#ChristiansOfBangladesh,"Muslim Judge's Son Attacked & Drowned for Questioning Persecution of Christians, But Jesus Saved Him",2025-12-11,https://www.youtube.com/watch?v=Zxzt8ieVyQI
#ChristiansOfBangladesh,Bangladesh Crisis: India Condemns 'Barbaric' Lynching of Amrit Mandal and Deepu Das; MEA Warns,2026-01-10,https://www.youtube.com/watch?v=-ypIosKH_kY
#ChristiansOfBangladesh,যীশু আমার জীবন | Bangla Jisur Gaan 2026 | Bengali Christian Worship Song 2026 |,2026-01-10,https://www.youtube.com/watch?v=elY3AXdWHQU
#ChristiansOfBangladesh,Forgive Me | Christian Bangla Worship | Alpha Studio Bangladesh,2024-03-11,https://www.youtube.com/watch?v=Pl2mk9OjMXc
#ChristiansOfBangladesh,Dhonnobaad Proshongsha Official Music Video Full Hd || David Jones - Bengali Christian Song 2021,2022-03-12,https://www.youtube.com/watch?v=ITSYciC8Jok
#ChristiansOfBangladesh,Happy New Year Kirtan Dhaka City Christians in Bangladesh Celebrating Merry Christmas । Shawon Mitra,2025-03-11,https://www.youtube.com/watch?v=Jna4u8_FFAE
#ChristiansOfBangladesh,Bangladesh Hindus Attacked: Why It Is Right Time For Indian Muslims To Stand Up And Protest | N18G,2025-03-11,https://www.youtube.com/watch?v=yJlygvAxRXQ
#ChristiansOfBangladesh,Avarnit (अवर्णित) || Dance Cover-16 || Hindi Christians Song || Tog Church Bangladesh,2022-03-12,https://www.youtube.com/watch?v=BSQXxyxQSTU
#ChristiansOfBangladesh,Bengali Gospel Christian Songs | Worship Music 2026 | Bangla Jisur Gaan | Heart Touching Worship,2026-01-10,https://www.youtube.com/watch?v=SLab0ch6dLw
#ChristiansOfBangladesh,Pope Meets Rohingya Refugees In Dhaka,2018-03-13,https://www.youtube.com/watch?v=zo27dEZHlLU
#ChristiansOfBangladesh,LIVE: DHURANDHAR Inches To 1000CR At Box Office | Christians & Hindus Attacked In Bangladesh | TRS,2026-01-10,https://www.youtube.com/watch?v=oUt5wLYPtiw
#ChristiansOfBangladesh,"Trump Condemns ‘Barbaric Violence’ Against Hindus, Christians In Bangladesh | Dawn News English",2025-03-11,https://www.youtube.com/watch?v=IXeDrZf9aoQ
#ChristiansOfBangladesh,"The End of the Ayatollah? | Christian World News - January 9, 2026",2026-01-10,https://www.youtube.com/watch?v=BVkzhRYou2U
#ChristiansOfBangladesh,What is CHRISTIAN FASTING? || How to FAST and PRAY effectively,2022-03-12,https://www.youtube.com/watch?v=E8AbGQ-VSfQ
#ChristiansOfBangladesh,Missionary to Bangladesh | Bro. Wright | Preaching Sunday 2/22/26,2026-02-25,https://www.youtube.com/watch?v=mP-MS-8TkZo
#ChristiansOfBangladesh,Jeshu Achen (Jesus Is With You) | Christian Bangla Worship | Alpha Studio Bangladesh,2021-03-12,https://www.youtube.com/watch?v=bUuO3SGZPWA
#ChristiansOfBangladesh,Christians in Bangladesh - Interview with Mr. Augustin BAROI,2012-03-14,https://www.youtube.com/watch?v=sb8fFy_Hf-g
#ChristiansOfBangladesh,Sacrifice Choir | Gourab Proshonsha 1 | Ami Vorbela Debo Prosongsa,2022-03-12,https://www.youtube.com/watch?v=fWSxMhkJIJo
#ChristiansOfBangladesh,"Priyanka's Bag Politics: Today's Theme On BAngladesh, Stand With Hindu & Christians | News9",2025-03-11,https://www.youtube.com/watch?v=V0yXHO0ct_4
#ChristiansOfBangladesh,Bangladesh Election | Bangladesh Votes in Post-Hasina Era; Jamaat Resurgence Raises Concerns,2026-02-18,https://www.youtube.com/watch?v=d9tNM1cijDY
#ChristiansOfBangladesh,Bangaru Vendikanna Yesayya Sevey Naaku Minna ✨| Latest Telugu Christian Song,2025-09-12,https://www.youtube.com/watch?v=Ry17WhDgFV4
#ChristiansOfBangladesh,"64th Annual Assembly Part 1 | Lumdonbok Mission, Boromchal, Bangladesh | Balang U Blei",2026-02-18,https://www.youtube.com/watch?v=yZyry20FaIs
#ChristiansOfBangladesh,CHRISTO BONDHONA VOL - 1 | MP3 | SANAJIT MANDAL | BENGALI JESUS SONGS | SONG OF GOSPEL,2023-03-12,https://www.youtube.com/watch?v=oy0g-fQU3zE
#ChristiansOfBangladesh,Bangladesh Army broke down Christians' memorial stone of Centenary during operation: KNF,2023-03-12,https://www.youtube.com/watch?v=OpwLgtSmZRQ
#ChristiansOfBangladesh,Christian Genocide in Nigeria Intensifies with Brutal Massacre,2025-09-12,https://www.youtube.com/watch?v=0cKoJMczqj0
#ChristiansOfBangladesh,Persecuted Christians: Bangladesh!,2024-03-11,https://www.youtube.com/watch?v=fNJYHoiWcRE
#ChristiansOfBangladesh,Worship ABDK Annual Conference2026 II The 152 GBC Conference II Bajengdoba Meghalaya ,2026-02-09,https://www.youtube.com/watch?v=EueyIarRjR8
#ChristiansOfBangladesh,'Want To Turn Bangladesh Into...': PM Tarique Rahman Vows Unity As India Detains Hindu Cop 'Killer',2026-02-25,https://www.youtube.com/watch?v=unpc0FRyFfU
#ChristiansOfBangladesh,"'Why Do I Have To Be Christian?': Hindu Woman Challenges JD Vance Over Religion, American Dream",2025-11-11,https://www.youtube.com/watch?v=Htk0S8pPSsQ
#ChristiansOfBangladesh,Debate With Arnab LIVE: Massive Hindu Mobilisation Over Bangladesh Attack,2026-01-10,https://www.youtube.com/watch?v=FZT4rxVn-_g
#ChristiansOfBangladesh,"World Register Report 06132017 - 94+ Dead/Bangladesh, US Deport Christians, Rep: Racists Voted Trump",2018-03-13,https://www.youtube.com/watch?v=MDkus215YeE
#ChristiansOfBangladesh,"Sermon: Luke 14 - October 26, 2025 - Sister Maria Luisa Piraquive #CGMJCI #IDMJI",2025-11-11,https://www.youtube.com/watch?v=ouZsyPnIHRM
#ChristiansOfBangladesh,7 Things Every Christian Should Do Every Day (By Children) | Rohingya Christian New Life,2022-03-12,https://www.youtube.com/watch?v=sSgxgils2K0
#ChristiansOfBangladesh,Rohingya Persecution of Christians in Bangladesh Refugee Camps,2025-03-11,https://www.youtube.com/watch?v=NriskYg3kNE
#ChristiansOfBangladesh,"Holy Rosary Church, Tejgaon, Dhaka, Bangladesh.",2021-03-12,https://www.youtube.com/watch?v=ZrvhSl32wXY
#ChristiansOfBangladesh,Man Disrupts Christian Prayer Meeting in Bengaluru | Shocking Confrontation & Identity Revelations,2026-01-10,https://www.youtube.com/watch?v=SPNF4F3ZxQE
#ChristiansOfBangladesh,7 Countries Giving Christians FREE Residency (Russia Will SHOCK You!),2026-01-10,https://www.youtube.com/watch?v=I7MMKL5R1yU
#ChristiansOfBangladesh,Atheist Bloggers Indicted in Bangladesh,2014-03-14,https://www.youtube.com/watch?v=P5iUX5EOP90
#ChristiansOfBangladesh,Can a Muslim man marry a Christian woman? - Assim al hakeem,2023-03-12,https://www.youtube.com/watch?v=HmSQReE7JWA
#ChristiansOfBangladesh,খ্রিস্ট ধর্মাবলম্বীদের প্রধান ধর্মীয় উৎসব শুভ বড়দিন আজ | Christmas Day | Channel 24,2026-01-10,https://www.youtube.com/watch?v=5EOLgRpfCUA
#ChristiansOfBangladesh,দেখ ক্রুশীয় মহিমা | Dekho Crusio Mohima | Bengali Christian Song | Bangla Praise & Worship Songs,2020-03-12,https://www.youtube.com/watch?v=SsWaV1pfrso
#ChristiansOfBangladesh,Pray for Bangladesh   Christians attacked,2025-03-11,https://www.youtube.com/watch?v=53500mp59MA
#ChristiansOfBangladesh,Salvation Army Officers Around the World: Bangladesh,2012-03-14,https://www.youtube.com/watch?v=jz3n0ysqs00
#ChristiansOfBangladesh,বড়দিন উদযাপন চার্চগুলো সেজেছে উজ্জ্বল বর্ণিল সাজে | Christmas 2025 | Jesus Christ | Independent TV,2026-01-10,https://www.youtube.com/watch?v=ANWz2CNuzLU
#ChristiansOfBangladesh,Viral Video Odisha: Anupam Reports On Men Harassing Santa Cap Vendor In Puri Over ‘Hindu Rashtra’,2026-01-10,https://www.youtube.com/watch?v=MmqZxPzCaio
#ChristiansOfBangladesh,Is Bangladesh becoming another Proxy War ground between US & China? • Col Ajay Raina (R),2026-01-10,https://www.youtube.com/watch?v=Wtgln5mwOT4
#ChristiansOfBangladesh,Stuck Between Islam & Christianity – Girl’s Emotional Question to Dr Zakir Naik,2025-08-13,https://www.youtube.com/watch?v=RVRd_6k-86w
#ChristiansOfBangladesh,"Christian Church in Noakhali Bangladesh | Church, Christian Neighborhood, Noakhali | Church of Qu...",2025-03-11,https://www.youtube.com/watch?v=wbGEBaNBUng
#ChristiansOfBangladesh,"'When A Faith Is Attacked, All Indians Are Assaulted': Shashi Tharoor Warns After Christmas Violence",2026-01-10,https://www.youtube.com/watch?v=wBSjZua9YJM
#ChristiansOfBangladesh,Christians are Being Massacred in Nigeria - Where is the Outrage?,2025-05-15,https://www.youtube.com/watch?v=X2OxVBLN5K8
#ChristiansOfBangladesh,"Au Bangladesh, la communauté chrétienne vit dans la peur",2018-03-13,https://www.youtube.com/watch?v=XUDU3--SyLw
#ChristiansOfBangladesh,Widow's Joy: He Didn't Deny Christ When Beheaded,2016-03-13,https://www.youtube.com/watch?v=OD16TqLaZe0
#ChristiansOfBangladesh,Christians in fear after bomb attacks on churches in Bangladesh.(National News Nama),2025-12-11,https://www.youtube.com/watch?v=nXbhmvt3ZaM
#ChristiansOfBangladesh,কোন জেলায় কত খ্রিস্টান | সবচেয়ে বেশি খ্রিস্টান কোন জেলায়? | christian population in bangladesh,2025-03-11,https://www.youtube.com/watch?v=5KKjQ-dAgG8
#ChristiansOfBangladesh,"When did Christianity come to India? | The story of St. Thomas | St. Thomas Basilica, Chennai",2022-03-12,https://www.youtube.com/watch?v=I9M0wx5N24k
#ChristiansOfBangladesh,Ex Muslim Fatima's Powerful Testimony: From Islam to Jesus Christ,2025-06-14,https://www.youtube.com/watch?v=IggduRfGrL8
#ChristiansOfBangladesh,"7,087 Christians Massacred in Nigerian Genocide This Year Alone",2025-09-12,https://www.youtube.com/watch?v=4097YOX4Bz4
#ChristiansOfBangladesh,"Bangla Christian Praise & Worship song: ki sukher ashas Jisu amar | কি সুখের আশ্বাস, এই মোর কাহিনী",2019-03-13,https://www.youtube.com/watch?v=6Sydf1hNtDk
#ChristiansOfBangladesh,Bangladesh Pastors Conference (Bangla)),2026-02-25,https://www.youtube.com/watch?v=LoLilLqTo9w
#ChristiansOfBangladesh,Rohingya Christians | Rohingya people are converting into christian | I feel so sad for you guys 😭😢,2024-03-11,https://www.youtube.com/watch?v=gS1lrSU9WrQ
#ChristiansOfBangladesh,"CONQUERING THE WORLD FOR CHRIST THROUGH PRAYERS'; PRAYERS FOR THE CHURCH , BANGLADESH  ETC",2026-03-02,https://www.youtube.com/watch?v=GJ_I_qBe2pA
#ChristiansOfBangladesh,Ex Muslim Zara's Powerful Testimony: From Islam to Jesus Christ,2025-08-13,https://www.youtube.com/watch?v=KW8Lug05MK8
#ChristiansOfBangladesh,SAMARI MAIJIU ll Santali Christian Devotional Song || Stephan ||Eliyas || Dear Anita ll,2023-03-12,https://www.youtube.com/watch?v=ha0-Pjc-574
#ChristiansOfBangladesh,What Is Happening In Bangladesh Explained In Telugu | Kranthi Vlogger,2026-01-10,https://www.youtube.com/watch?v=TbkYbtS7IpU
#ChristiansOfBangladesh,একটি খ্রীষ্টান বিবাহ কিভাবে সম্পন্ন হয় . christian wedding in Bangladesh .,2022-03-12,https://www.youtube.com/watch?v=YaGqGJ3e8nQ
#ChristiansOfBangladesh,Bangladesh: Reports of attacks against minorities • FRANCE 24 English,2025-03-11,https://www.youtube.com/watch?v=zZC8pv-0NYo
#ChristiansOfBangladesh,"""All Hail The Power""  -  Mass Choir - Classic Hymns "" Ancient of Days "" -",2020-03-12,https://www.youtube.com/watch?v=7vWF_lctSTo
#ChristiansOfBangladesh,"Bangladesh में Hindus के बाद अब Christians पर हमला, 17 लोगों के घर तबाह|#tv9d",2025-03-11,https://www.youtube.com/watch?v=sqXsO1__l8U
#ChristiansOfBangladesh,Bangla Christian Christmas song by Andrew Kishor,2020-03-12,https://www.youtube.com/watch?v=SlFFnGSO974
#ChristiansOfBangladesh,Muslim Goes to Christian Church for the First Time,2025-09-12,https://www.youtube.com/watch?v=khapMnj4Q1o
#ChristiansOfBangladesh,Tumi Amar Bondhu Jishu ( তুমি আমার বন্ধু যীশু) | Christer Bani,2018-03-13,https://www.youtube.com/watch?v=SqLdMoeFO_E
#ChristiansOfBangladesh,7 Countries That Welcome CHRISTIANS With OPEN ARMS (Visa-Free in 2025),2025-12-11,https://www.youtube.com/watch?v=wyntTSV6cP4
#ChristiansOfBangladesh,Over 10 Christians Killed in Ongoing Nigerian Genocide ,2025-10-12,https://www.youtube.com/watch?v=KnjEKxT27Bk
#ChristiansOfBangladesh,২৫শে ডিসেম্বর কি আসলেই যিশু খ্রিষ্টের জন্মদিন? | Truth Behind Christmas | BanglaVision,2026-01-10,https://www.youtube.com/watch?v=ZQGiqb9jVPg
#ChristiansOfBangladesh,Bangladeshi Christian Wedding Video 2021- Hillol & Riya || খ্রীষ্টিয়ান বিয়ে || Dhaka BD,2022-03-12,https://www.youtube.com/watch?v=m-cjqTxMITs
#ChristiansOfBangladesh,GownLink Christian Bridal Long Veil With Front Face Layer Rs 4350 Code-GLVHL11,2021-03-12,https://www.youtube.com/watch?v=TYh3YA1iuiA
#ChristiansOfBangladesh,"Why Your ""Safe Life"" Is Destroying Your Potential To Change The World | David Platt | EP 004",2026-03-03,https://www.youtube.com/watch?v=l1TeSvfnzcM
#ChristiansOfBangladesh,Aam Menam Mente jesu Injho Menaj Dharterea✝️✝️✝️Santali Christian Song 2025,2025-10-12,https://www.youtube.com/watch?v=H-gmV1YWUx0
#ChristiansOfBangladesh,Christian debate with DR Zakir Naik Karachi Pakistan 2024 October Latest Speech,2025-03-11,https://www.youtube.com/watch?v=3_nbzyYneFQ
#ChristiansOfBangladesh,MUSLIMAH VS CHRISTIAN | Islamic Engineer Debate | Part 1,2025-04-15,https://www.youtube.com/watch?v=V3s2Qhq5pOE
#ChristiansOfBangladesh,Pope Francis ends trip to Bangladesh with visit to Mother Teresa home,2018-03-13,https://www.youtube.com/watch?v=bx3Tg7MnfgQ
#ChristiansOfBangladesh,বাংলাদেশের ১০% মানুষকে খ্রিস্টান বানিয়ে ফেলা হয়েছে!! (প্রমাণসহ) Christianity in Bangladesh Today,2022-03-12,https://www.youtube.com/watch?v=2JiMJQrP6TI
#ChristiansOfBangladesh,Islam vs Buddhism vs Hinduism vs Christianity || Religion Comparison ||—part 1_US,2025-04-15,https://www.youtube.com/watch?v=FQ77qlLZBbM
#ChristiansOfBangladesh,Hindus in Muslim-majority Bangladesh rally to demand protection from attacks,2025-03-11,https://www.youtube.com/watch?v=bgcwkj6xdQk
#ChristiansOfBangladesh,"Bangladesh, Christians Tortured: বাংলাদেশে এবার খ্রিস্টানদের উপর অত্যাচার শুরু | #TV9D",2025-03-11,https://www.youtube.com/watch?v=fIoX7baeftI
#ChristiansOfBangladesh,MARSAL DAHAR ll Santali Christian Devotional Song 2022 ll Stephan Tudu & Suman ll Poonam & Prakash,2023-03-12,https://www.youtube.com/watch?v=FkrYoWkOMPA
#ChristiansOfBangladesh,"How are Jews, Christians, and Muslims related? | Origins, history, similarities, and differences?",2025-04-15,https://www.youtube.com/watch?v=zSXAfomQ1lQ
#ChristiansOfBangladesh,অর্ঘ্যডালা সাজিয়ে এনেছি প্রভু তোমার চরণে/যীশুর গান /Jesus Christ/Devotional song /Jaya Biswas,2020-03-12,https://www.youtube.com/watch?v=h-ssSXsLPEc
#ChristiansOfBangladesh,Leaving Islam for Jesus: The Mass Exodus Exposed,2025-08-13,https://www.youtube.com/watch?v=a0mBuAZqj-Y
#ChristiansOfBangladesh,Bangladesh Violence: हिंदुओं के बाद ईसाइयों  पर निशाना! | Violence on Christians in Bangladesh,2025-03-11,https://www.youtube.com/watch?v=pQr7nZwml9s
#ChristiansOfBangladesh,Can a Muslim Girl Marry a Christian Guy? - Dr. Zakir Naik,2023-03-12,https://www.youtube.com/watch?v=Qt25CrtxDrs
#ChristiansOfBangladesh,JISU ASCHHEN MODER NEETE// BANGLA CHRISTIAN SONG// JP SARKAR// BAPI SAMAL// CHRISTIN MACHHA,2025-03-11,https://www.youtube.com/watch?v=Wnhjx6d1J4M
#ChristiansOfBangladesh,Kokborok old gospel song collection|| Christian worship music|| Christian song||Chandra Debbarma,2025-03-11,https://www.youtube.com/watch?v=m6Fl52MVAFM
#ChristiansOfBangladesh,ভোরের সোনার আলো Bengali Christian song. Bhorer Sonar Alo,2019-03-13,https://www.youtube.com/watch?v=x_JZ5S1B6d0
#ChristiansOfBangladesh,প্রভুতে বন্দী আমরা | PROBHUTE BONDI AMRE | NEW JESUS SONG 2022 | SANAJIT MANDAL | SONG OF GOSPEL,2023-03-12,https://www.youtube.com/watch?v=znZ3-Vi26Qo
#ChristiansOfBangladesh,৫ টি প্রভু যীশুর গান || Bengali Jesus Songs || Christian Cover Songs Bengali,2026-01-10,https://www.youtube.com/watch?v=6j6f_NFno7w
#ChristiansOfBangladesh,2017.11.30 - Pope in Bangladesh - Visit to the President and Meeting with Authorities,2018-03-13,https://www.youtube.com/watch?v=7XH61riXDuE
#ChristiansOfBangladesh,It's hard to be a Christian in Bangladesh,2018-03-13,https://www.youtube.com/watch?v=afGkYwkSArU
#ChristiansOfBangladesh,INDIA: God Answers Prayer that Fellow Pastor Would be Arrested,2026-03-09,https://www.youtube.com/watch?v=3M4IUPQXnOI
#ChristiansOfBangladesh,Kerala Mob Lynching Horror: Man From Chhattisgarh Beaten To Death On Suspicion Of Being Bangladeshi,2026-01-10,https://www.youtube.com/watch?v=rK4dcmigTNQ
#ChristiansOfBangladesh,"64th Annual Assembly Part 2 | Lumdonbok Mission, Boromchal, Bangladesh | Balang U Blei",2026-02-18,https://www.youtube.com/watch?v=j0v8WWdgLf8
#ChristiansOfBangladesh,AP cover of Pope addressing priests on last day of Bangladesh visit,2018-03-13,https://www.youtube.com/watch?v=a-tBeatV1PQ
#ChristiansOfBangladesh,Mohima Mohima | মহিমা মহিমা | Popular Bangla Christian Song | Hem Chandra Murmu | Messenger Team,2020-03-12,https://www.youtube.com/watch?v=CLjcQTorIrk
#ChristiansOfBangladesh,How many ex muslim to Christians converts in Bangladesh ? | Ex Muslim movement in BD,2026-01-10,https://www.youtube.com/watch?v=A9KeewJ1USQ
#ChristiansOfBangladesh,কি পার্থক্য রয়েছে ইহুদি এবং খ্রিস্টান ধর্মে? ❕ Judaism ❕ Christianity,2024-03-11,https://www.youtube.com/watch?v=LpwntJVu3ec
#ChristiansOfBangladesh,Midweek Service | 17th Feb 2026 | Dhaka SDA Church,2026-02-18,https://www.youtube.com/watch?v=QTGgcTiNnjw
#ChristiansOfBangladesh,"Chinmoy Prabhu, Face Of Hindu Protest In Bangladesh Arrested, Denied Bail; Protests Turn Violent",2025-03-11,https://www.youtube.com/watch?v=LW63i0TeJrE
#ChristiansOfBangladesh,Christians are playing important role in Bangladesh   President | News & Current Affairs,2016-03-13,https://www.youtube.com/watch?v=94XJy2S3nBw
#ChristiansOfBangladesh,religion population Ranking in Bangladesh,2025-03-11,https://www.youtube.com/watch?v=R-jyIIXYsl0
#ChristiansOfBangladesh,WAITING WELL  | GLORIOUS GRAGORY DAS,2026-01-10,https://www.youtube.com/watch?v=90stVLTrfoQ
#ChristiansOfBangladesh,If You Are a Non-Muslim Woman in a Relationship With a Muslim Man Then This Video Is for You,2025-03-11,https://www.youtube.com/watch?v=IK1j44ub_mU
#ChristiansOfBangladesh,JESUS ► বাংলা (bn-BD) 🎬 Official Full Feature Film (Bangla Muslim),2019-03-13,https://www.youtube.com/watch?v=C27XkKz4saM
#ChristiansOfBangladesh,Pope Francis in Bangladesh: “The presence of God today is also called 'Rohingya'”,2018-03-13,https://www.youtube.com/watch?v=id7bpEIJkOE
#ChristiansOfBangladesh,T 20 HAJAR TYNGKA SHIBNAI SIEW  KA SORKAR BANGLADESH IA U RANGBAH KHASI UBA IA KHUN HA KA THMA 1971,2023-03-12,https://www.youtube.com/watch?v=FmvAN1j4ogc
#ChristiansOfBangladesh,Worship Service 27 02 2026,2026-02-27,https://www.youtube.com/watch?v=81Geb9piosY
#ChristiansOfBangladesh,"Why world famous religious Hindu Sanatan? Ahead of Christianity, Islam ll Sanatan religious history.",2026-02-09,https://www.youtube.com/watch?v=n4o8cUY0p_A
#ChristiansOfBangladesh,Bangladesh Army destroyed Kuki-Chin Christians' churches in Bangladesh...,2024-03-11,https://www.youtube.com/watch?v=eHNRnRIl8iM
#ChristiansOfBangladesh,"JESUS, (Bangla Muslim), Jesus is Crucified",2019-03-13,https://www.youtube.com/watch?v=l56HzLTiykw
#ChristiansOfBangladesh,Bangladesh got rice! houses of 17 Christians burnt in bangladesh! Pakistan public reaction,2025-03-11,https://www.youtube.com/watch?v=XCfp9s3-7Us
#ChristiansOfBangladesh,12-08-24 - UK Jaggi betrayal - UK/India/Bangladesh collusion - Christians vs India - Sikh hate crime,2025-03-11,https://www.youtube.com/watch?v=RTUT67dUlQg
#ChristiansOfBangladesh,Lent Campaign 2026 Missionaries BANGLADESH 1 min ENGLISH,2026-02-18,https://www.youtube.com/watch?v=kkG9R5DrI2g
#ChristiansOfBangladesh,Entered Bangladesh for justice for Hindus & Christians from Dawki to Dhaka  ? | Meghalaya,2025-03-11,https://www.youtube.com/watch?v=UJRXxGeL4rI
#ChristiansOfBangladesh,SARAG RAJA AILA /CHRISTIAN DANCE 2025,2025-03-11,https://www.youtube.com/watch?v=knp9L_drlmc
#ChristiansOfBangladesh,🔥 Shocking Debate! Christian Professor Challenges Dr. Zakir Naik in a Heated Clash,2025-03-11,https://www.youtube.com/watch?v=4uHEGZ1SL3E
#ChristiansOfBangladesh,খ্রিষ্টানরা বিবাহের সময় কিভাবে কবুল বলে দেখুন। See how Christians confess during marriage.,2025-03-11,https://www.youtube.com/watch?v=cZvurz2g3uo
#ChristiansOfBangladesh,😮 বাংলাদেশের অসাধারণ ৫ গির্জা। Top 5 Amazing Church In Bangladesh,2022-03-12,https://www.youtube.com/watch?v=szrkqhQ9jF0
#ChristiansOfBangladesh,JESUS Film Bengali Full যীশু খ্রীষ্টের/ ঈসা মশীহের জীবন কাহিনী Christian Bangla Video,2018-03-13,https://www.youtube.com/watch?v=BCQPOS5A5-k
#ChristiansOfBangladesh,"Pope to visit Portugal, India, Bangladesh in 2017",2017-03-13,https://www.youtube.com/watch?v=9WARY8R2gLY
#ChristiansOfBangladesh,"Jesus and Muhammad, Islam and Christianity Comparison | Dr Zakir Naik Bangla Lecture Part-19",2018-03-13,https://www.youtube.com/watch?v=nXo-KqYcEy0
#ChristiansOfBangladesh,"Pope Leo XIV’s Turkiye visit: Catholic, Orthodox churches seek unity amid historical divide",2025-12-11,https://www.youtube.com/watch?v=1Ge_OlGU9rw
#ChristiansOfBangladesh,HE MANAMI RUEME TISING|| NEW HO MUNDA CHRISTIAN SONG||JAGANNATH HEMBRAM|| DHANESWAR|| KUSHMITA,2025-04-15,https://www.youtube.com/watch?v=KNbcWfevDw4
#ChristiansOfBangladesh,Bengali worship song - Heart touching JESUS song,2022-03-12,https://www.youtube.com/watch?v=E_iCSC1u8jU
#ChristiansOfBangladesh,"Buddhists, Hindus, Christians is in danger in Bangladesh//Genocide against minorities in Bangladesh ",2025-10-12,https://www.youtube.com/watch?v=393z6QsInoU
#ChristiansOfBangladesh,"CAA Breaking News: Relief For Persecuted Minorities From Pakistan, Bangladesh & Afghanistan | News18",2025-09-12,https://www.youtube.com/watch?v=1LpbwkRkU3s
#ChristiansOfBangladesh,"For Those Who Want To Know John Abraham’s Religion, Here’s The Answer",2019-03-13,https://www.youtube.com/watch?v=tl077NN7sWc
#ChristiansOfBangladesh,Christians Suffer in India & Israel's Shadow | Zara Hat Kay | Dawn News,2026-01-10,https://www.youtube.com/watch?v=4bqVkfM2PB4
#ChristiansOfBangladesh,এ পাপীর হৃদয়ে এসো প্রভু/ যীশুর গান/ জয়া বিশ্বাস/Christian devotional song/Jaya Biswas/যীশুর বন্দনা,2021-03-12,https://www.youtube.com/watch?v=ptfxdTLJaHY
#ChristiansOfBangladesh,Hindus in Muslim-majority Bangladesh rally to demand protection from attacks,2025-03-11,https://www.youtube.com/watch?v=XIK0X6JldaE
#ChristiansOfBangladesh,Night Prayer 🤲 | The Powerful Bangla Prayer | Hermit Halder,2024-03-11,https://www.youtube.com/watch?v=s2takCXpdRs
#ChristiansOfBangladesh,New Christmas Song | Damako Doke | Official Music Video | Emanuel Ch Marak |,2025-12-11,https://www.youtube.com/watch?v=0jJQ5VUG9p4
#ChristiansOfBangladesh,JISU NONG PYNIM || Khasi Catholic Bangladesh,2024-03-11,https://www.youtube.com/watch?v=vaKjmGxzlFE
#ChristiansOfBangladesh,How Hindu nationalists hunt down Christians for forced conversions in India | DW News,2025-08-13,https://www.youtube.com/watch?v=OGQkAv8tVi0
#ChristiansOfBangladesh,Hundreds of ethnic Christians are hiding in Bangladesh border because of persecution by BD Army,2023-03-12,https://www.youtube.com/watch?v=Rub7Uu1sXMo
#ChristiansOfBangladesh,I studied Judaism for 1 month. Now I love to argue.,2025-03-11,https://www.youtube.com/watch?v=fwwW8HFT8UE
#ChristiansOfBangladesh,How to get Married in UAE: Marriage between Muslim-Man and Christian-Lady,2023-03-12,https://www.youtube.com/watch?v=b8KhmTzaTpg
#ChristiansOfBangladesh,The Gospel in Bangla (Bangladesh)   সুসংবাদ (Shu-shôngbād),2026-02-28,https://www.youtube.com/watch?v=Jfyf-qU3MD4
#ChristiansOfBangladesh,పరదేశులమో ప్రియులారా మన - Paradeshulamo Priyulaara Mana Song | Telugu Christian Songs,2025-03-11,https://www.youtube.com/watch?v=0GIv4XK3sUY
#ChristiansOfBangladesh,"Live for COM Daily Worship Service on February 26, 2026, আজকের বক্তা: Pr. Suklal Bala(Bangladesh)",2026-02-27,https://www.youtube.com/watch?v=sgIWpJROvgk
#ChristiansOfBangladesh,Bangladesh Army has killed innocent villagers and destroyed Christians' Churches by throwing bombs.,2024-03-11,https://www.youtube.com/watch?v=0Qe51bjET_U
#ChristiansOfBangladesh,PROBHU JISHUR BANI IN BENGALI//JESUS ​​CHRIST BANI//Prabhu Jishur Bani//Amit Mukherjee,2022-03-12,https://www.youtube.com/watch?v=uXIAIg5egCA
#ChristiansOfBangladesh,"Newest War Developments: Looming Nuclear War, Advice to Trump, and US Boots on the Ground in Iran",2026-03-10,https://www.youtube.com/watch?v=bET0_ROWVAw
#ChristiansOfBangladesh,Atheism In Pakistan India Bangladesh | Javed Akhtar Debate | Ask Sh Asrar Rashid Q&A Ep29 (Urdu) ,2026-01-10,https://www.youtube.com/watch?v=zIm7z5AJepA
#ChristiansOfBangladesh,এ পাপী হৃদয়ে - Bengali Christian Song - শিল্পী - জয়া বিশ্বাস,2021-03-12,https://www.youtube.com/watch?v=GLYbp-mwLk8
#ChristiansOfBangladesh,ভারত ও বাংলায় খ্রিস্টান ধর্ম ও সংস্কৃতির প্রসার | Christianity in Bengal & Indian Subcontinent,2024-03-11,https://www.youtube.com/watch?v=SeabQlAjVA4
#ChristiansOfBangladesh,Muslim Converts to Christianity After Seeing Jesus and Confessing the Truth (Testimony),2026-01-10,https://www.youtube.com/watch?v=EBor8pTiBH8
#ChristiansOfBangladesh,"CRC World Views & News |Feb 20, 21, 22, 2026|Eng Latest Christians News, Around the World",2026-02-25,https://www.youtube.com/watch?v=lj2Xfnb79x0
#ChristiansOfBangladesh,How Did SPAIN Convert From An ISLAMIC Country To CHRISTIAN,2023-03-12,https://www.youtube.com/watch?v=5hWz4nQdM68
#ChristiansOfBangladesh,Dao Shokti Dao | BSFB Official Album | Christian Bangla Song | Jony Lushai,2021-03-12,https://www.youtube.com/watch?v=kfsoSYrwXzo
#ChristiansOfBangladesh,Sada Raja Dance Video || Christian Classical Dance || @JosephRajAllamOfficial@NationsofWorship ✝️,2024-03-11,https://www.youtube.com/watch?v=WoXsT57wcEI
#ChristiansOfBangladesh,Today’s Gospel / Matthew 23:1-12 / Music from Around the World (14. Bangladesh-Baul),2026-03-03,https://www.youtube.com/watch?v=wPHZwD5-3yg
#ChristiansOfBangladesh,Russia Advises Bangla! | Bangladesh Turmoil | Army Warns | Masth Magaa | Suttu Jagattu | Amar,2026-01-10,https://www.youtube.com/watch?v=NENVvuOGgX4
#ChristiansOfBangladesh,Father Gave Me 48 Hours to DENY JESUS or DIE | What Happened at 3AM SHOCKED 300 Muslims,2026-02-25,https://www.youtube.com/watch?v=qcQdNjFh-t8
#ChristiansOfBangladesh,"'INDIA A PRIORITY, NO SECOND CLASS CITIZEN: BANGLADESH JAMAAT CHIEF'S BIG STATEMENT | By Ayush",2026-02-18,https://www.youtube.com/watch?v=rT-aC8ouOuI
#ChristiansOfBangladesh,The Pope ordained 16 priests for the small Church of Bangladesh,2018-03-13,https://www.youtube.com/watch?v=YSdNUyuEkL4
#ChristiansOfBangladesh,மகிபனை தேடி பாடல்கள்/magibanai thedi /Non Stop Tamil Christian Songs/| Tamil Christian old Songs,2023-03-12,https://www.youtube.com/watch?v=Sv_kt5fCWf4
#ChristiansOfBangladesh,पवित्र पवित्र पवित्र तू ही तो यहोवा। ||HINDI CHRISTIAN SONG 2022,2023-03-12,https://www.youtube.com/watch?v=OwkjmFr1Ibw
#ChristiansOfBangladesh,Jehovah's Witnesses Explained | What do Jehovah's Witnesses Believe? Who is Charles Taze Russell?,2025-03-11,https://www.youtube.com/watch?v=ED1EtSz9Bes
#ChristiansOfBangladesh,Who Shamed Hinduism & India? | Why Is Modi Govt. Sheltering Violent Terror Groups? | Akash Banerjee,2026-01-10,https://www.youtube.com/watch?v=LynWsYnO5uQ
#ChristiansOfBangladesh,"স্বর্গের সিড়ি বেয়ে তুমি  Bengali Jesus Song "" Sorger Siri Beye Tumi "" Christmas song.",2018-03-13,https://www.youtube.com/watch?v=F9WuefUoiD8
#HindusOfBangladesh,'We want peace': How Bangladesh's Hindus are seeing the upcoming election | BBC News India,2026-02-09,https://www.youtube.com/watch?v=sB-Y6ocBu0E
#HindusOfBangladesh,"Bangladesh HORROR: Hindu Auto Driver Beaten to Death, Minority Killings Mount | WION Originals",2026-02-09,https://www.youtube.com/watch?v=S4wKyQzvB5s
#HindusOfBangladesh,"India Protests Against Lynching Of Hindus In Bangladesh, Demands Justice | New Delhi | Dhaka",2026-01-10,https://www.youtube.com/watch?v=aeT6XbdFWyY
#HindusOfBangladesh,"Bangladesh Election | ""We Don't Feel Safe"": Bangladeshi Hindus Voice Fear Ahead Of Polls",2026-02-18,https://www.youtube.com/watch?v=atksJ2IvBuQ
#HindusOfBangladesh,Bangladesh HORROR: Another Hindu Man Killed by Vigilante Crowd in Bangladesh | WION Originals,2026-01-10,https://www.youtube.com/watch?v=1Z7LYsxEIF4
#HindusOfBangladesh,Bangladesh Protests: Anger Over Killing Of Hindu Man in Bangladesh | WION News,2026-01-10,https://www.youtube.com/watch?v=t2RiJz7tCkU
#HindusOfBangladesh,"Bangladesh's Hindu Man Killed Over 'Work Rivalry', Family Demands Justice | Dipu Chandra Das",2026-01-10,https://www.youtube.com/watch?v=lYyygnp3yLE
#HindusOfBangladesh,"India Responds to Attacks on Hindus in Bangladesh, Issues Strong Warning | Vantage with Palki Sharma",2026-01-10,https://www.youtube.com/watch?v=WP8XSm1yrG0
#HindusOfBangladesh,"Bangladesh Crisis: Hindu Widow Woman Allegedly Assaulted, Tied To Tree And Hair Chopped Off",2026-01-10,https://www.youtube.com/watch?v=wEaI_HZ1Vmw
#HindusOfBangladesh,"India Responds to Attack on Hindus in Bangladesh, Expresses 'Grave Concern'",2026-01-10,https://www.youtube.com/watch?v=AKb1xscTYTw
#HindusOfBangladesh,Bangladeshi Hindu | 'Lord Ram Is With Us': Bangladeshi Hindus Speak To NDTV,2026-01-10,https://www.youtube.com/watch?v=jTl-arsli9M
#HindusOfBangladesh,"Bangladesh Unrest: Hindu Man Lynched By Mob Over Blasphemy Allegations; BJP Hits Out, Says.. | Watch",2026-01-10,https://www.youtube.com/watch?v=1Er9TquV91o
#HindusOfBangladesh,Bangladesh Erupts: Hindu Man Killed After Blasphemy Accusation As Mob Violence Spreads | Osman Hadi,2026-01-10,https://www.youtube.com/watch?v=-IRh5MZA2Ps
#HindusOfBangladesh,Bangladesh Violence | NDTV Exclusive: Bangladeshi Hindus' Hidden Fears Amid Mob Tensions,2026-01-10,https://www.youtube.com/watch?v=mowei2gPU7g
#HindusOfBangladesh,BREAKING: Another Hindu Man Killed By Shotgun In Bangladesh,2026-01-10,https://www.youtube.com/watch?v=c-nq2qd2cGg
#HindusOfBangladesh,"Bangladesh: Hindu Families Wake Up To Horror- Locked Up Homes Set Ablaze, Mob Chants Slogans| Watch",2026-01-10,https://www.youtube.com/watch?v=aZ625Jc-IK8
#HindusOfBangladesh,"Bangladesh Chaos: Hindu Worker Tied, Beaten & Burned Alive Amid Pakistan-Backed Unrest | N18G",2026-01-10,https://www.youtube.com/watch?v=iCt7aPHhLXM
#HindusOfBangladesh,HINDU Dipu Chandra Das Lynching: Truth Behind Bangladesh Mob Violence | Hindu in Bangladesh,2026-01-10,https://www.youtube.com/watch?v=lc01aSN24G0
#HindusOfBangladesh,"Bangladesh: Hindu Businessman Attacked, Set on Fire in Bangladesh | WION NEWSPOINT",2026-01-10,https://www.youtube.com/watch?v=ATlo44oqzN8
#HindusOfBangladesh,"Bangladesh News: Hindu Man Shot Dead In Public, 5th Fatal Attack On Hindus In Bangladesh In A Month",2026-01-10,https://www.youtube.com/watch?v=hz0ozjqxuZY
#HindusOfBangladesh,Bangladeshi Hindu Man Stabbed And Burnt On New Year's Eve | 4th Attack On Minorities In Two Weeks,2026-01-10,https://www.youtube.com/watch?v=bp6aSj_pWl4
#HindusOfBangladesh,From Bengal To Gujarat: Protests Against Violence On Hindus In Bangladesh | Sheikh Hasina | PM Modi,2026-01-10,https://www.youtube.com/watch?v=tof9tOtVfu8
#HindusOfBangladesh,"Bangladesh Crisis: Journalist Muktadir Rashid Claims 'Secular Lynching' Of Hindu Man, Denies",2026-01-10,https://www.youtube.com/watch?v=E6oM08rVzoQ
#HindusOfBangladesh,Bangladesh Crisis: 5th Hindu Killed; India Today Reports On Lawlessness Ahead Of Feb Elections,2026-01-10,https://www.youtube.com/watch?v=e8EKHKrSNQM
#HindusOfBangladesh,'Send The Army…': Shashi Tharoor On Hindu Man's Lynching In Bangladesh| Dipu Das| India| Dhaka,2026-01-10,https://www.youtube.com/watch?v=q_uf5elOF8Q
#HindusOfBangladesh,Interim Regime Silent as Another Hindu Killed in Bangladesh | Vantage With Palki Sharma,2026-01-10,https://www.youtube.com/watch?v=GoDskmQ158Q
#HindusOfBangladesh,"Sheikh Hasina Says Hindus in Bangladesh Face Persecution, Calls Out Yunus Govt | Firstpost | N18G",2025-12-11,https://www.youtube.com/watch?v=tXzhkRQJx9E
#HindusOfBangladesh,Protests Near Bangladeshi High Commission After Hindu Man's Lynching | Vantage with Palki Sharma,2026-01-10,https://www.youtube.com/watch?v=HZopD-YtxpU
#HindusOfBangladesh,Bangladesh: Hindu Man Set on Fire; 4th attack in 2 Weeks | Firstpost Live | N18G,2026-01-10,https://www.youtube.com/watch?v=cz9RdY4INjg
#HindusOfBangladesh,Another Hindu Man Attacked in Bangladesh; Wife Recounts the Harrowing Ordeal,2026-01-10,https://www.youtube.com/watch?v=Fx6LDNKKJRU
#HindusOfBangladesh,Why Was Hindu Man Lynched In Bangladesh Violence | Xplained By NewsX,2026-01-10,https://www.youtube.com/watch?v=yB6eoeu4cnw
#HindusOfBangladesh,Bangladesh | How Hindu Worker Dipu Chadra Das Was Lynched Over Blasphemy Charge | MOJO STORY,2026-01-10,https://www.youtube.com/watch?v=npaEJ0IFAs0
#HindusOfBangladesh,Bangladesh Hindus Targeted? Unrest As Monk Held For 'Sedition'| ISKCON Seeks India's Intervention?,2025-03-11,https://www.youtube.com/watch?v=E4cFTHikxZ0
#HindusOfBangladesh,This Is Exclusive: Anti-Hindu Radicals Storm Indian Embassy in Dhaka | Bangladesh Unrest,2026-01-10,https://www.youtube.com/watch?v=hqUe-sverVc
#HindusOfBangladesh,Bangladesh Embassy Protests | Protests At Bangladesh High Commission Over Hindu Man's Lynching,2026-01-10,https://www.youtube.com/watch?v=cCVE7rNX6Sg
#HindusOfBangladesh,Bangladesh Embassy | Nationwide Protests Over Atrocities Against Hindus In Bangladesh,2026-01-10,https://www.youtube.com/watch?v=qzLBBEsZX9g
#HindusOfBangladesh,Bangladesh Violence Truth: Hindu Man  Lynched Amid Blasphemy Claims or Workplace Dispute? | N18G,2026-01-10,https://www.youtube.com/watch?v=dFPXJslWxUY
#HindusOfBangladesh,Bangladesh Hindu Man Lynched: 10 People Arrested By Government | India's MEA Releases Statement,2026-01-10,https://www.youtube.com/watch?v=Z3apRFckEZ4
#HindusOfBangladesh,Hindu Protest Over Bangladesh Lynching in London Disrupted by Khalistani Counter-Demonstrators,2026-01-10,https://www.youtube.com/watch?v=xAJyxCyqNww
#HindusOfBangladesh,Bangladesh Protests | Hindu Man Lynched In Bangladesh: Will Killers be Punished?,2026-01-10,https://www.youtube.com/watch?v=TCcKRqk6c7g
#HindusOfBangladesh,Hindu Man Burnt Alive: Bangladesh Violent Protests Target India | Osman Hadi Killing & Funeral ,2026-01-10,https://www.youtube.com/watch?v=V8oAF7RjZkw
#HindusOfBangladesh,"Bangladeshi Hindu | ""Attack On Hindus Worrisome"": India After 2 Men Lynched In Bangladesh",2026-01-10,https://www.youtube.com/watch?v=wfxfGxv0l5o
#HindusOfBangladesh,"Bangladesh: Amid Attacks on Minorities, Hindus Form Party | WION NEWS",2026-01-10,https://www.youtube.com/watch?v=Cpy0ODloPiQ
#HindusOfBangladesh,Another Hindu Killed in Bangladesh Ahead of Elections | Vantage with Palki Sharma,2026-02-09,https://www.youtube.com/watch?v=ztQYJRb1TOQ
#HindusOfBangladesh,Bangladesh Unrest: Hindu Man Killed With Shovel While Trying To Save His Employee| Horror In Visuals,2026-02-09,https://www.youtube.com/watch?v=8LFuLhGs6go
#HindusOfBangladesh,Bangladesh Violence: Another Hindu Man Killed Amid Rising Violence | DISPATCH | WION,2026-01-10,https://www.youtube.com/watch?v=TwDnaW0Wxeg
#HindusOfBangladesh,Siliguri Protest Against Attacks On Hindus In Bangladesh | No Human Rights For Hindus In Bangladesh?,2026-01-10,https://www.youtube.com/watch?v=VfjpqXlQdE0
#HindusOfBangladesh,Bangladesh Shocker: 23-Year-Old Hindu Man Burnt Alive While Sleeping | N18G,2026-02-09,https://www.youtube.com/watch?v=3VF90mx6jlY
#HindusOfBangladesh,Another Hindu Man Beaten to Death in Bangladesh | Vantage with Palki Sharma | N18G,2026-01-10,https://www.youtube.com/watch?v=ySGin-aY3jg
#HindusOfBangladesh,"Bangladesh News Today | Hindu Auto Driver, 28, Beaten To Death In Bangladesh",2026-02-09,https://www.youtube.com/watch?v=hWmEYxeuG-E
#HindusOfBangladesh,‘Save Hindus in Bangladesh!’ Massive Outrage Over Hindu Youth Lynching in Bangladesh |Protests Erupt,2026-01-10,https://www.youtube.com/watch?v=30upz2iO1So
#HindusOfBangladesh,"Another Hindu Man Attacked In Bangladesh, Mob Sets Him Ablaze With Petrol | Vantage By Palki Sharma",2026-01-10,https://www.youtube.com/watch?v=bnBGk47MVh8
#HindusOfBangladesh,BREAKING: Hindu’s Death in Bangladesh Sparks Global Condemnation | Rights Groups Warn of Pattern,2026-01-10,https://www.youtube.com/watch?v=JNBGfPWn1GM
#HindusOfBangladesh,Bangladeshi Hindu | NDTV Ground Report: What's It Like To Be A Hindu In Bangladesh,2026-01-10,https://www.youtube.com/watch?v=ADnoWBIFK8k
#HindusOfBangladesh,Bangladesh Protest | Hindu Family Homes Torched In Bangladesh Amid Attacks On Minorities,2026-01-10,https://www.youtube.com/watch?v=C0WNIEZ8A2Y
#HindusOfBangladesh,Bangladesh On Boil After Hindu Man Lynched; War On Streets Of Dhaka | ‘No Mercy…’,2026-01-10,https://www.youtube.com/watch?v=CxwJ4VjY-eI
#HindusOfBangladesh,Bangladesh News: India-Bangladesh Tensions Rise After Hindu Lynching | Bangladesh Violence,2026-01-10,https://www.youtube.com/watch?v=9zGNPx3_8dc
#HindusOfBangladesh,"Bangladesh: From Burning Dipu Chandra Das To Attacking Hindi Songs, Hindus On Survival Mode in Dhaka",2026-01-10,https://www.youtube.com/watch?v=GlmPykarrE8
#HindusOfBangladesh,"Bangladesh News: Hindu Man Burnt Alive In Narsingdi, Bangladesh; CCTV Captures Suspect Nearby",2026-02-09,https://www.youtube.com/watch?v=6AtWU7KnuXE
#HindusOfBangladesh,"Bangladesh News | Another Hindu Man Killed In Bangladesh, Was Thrashed, Poisoned",2026-01-10,https://www.youtube.com/watch?v=XX0nbFivV30
#HindusOfBangladesh,Bangladesh Mob Lynching: Who Is Behind The Killing Of Hindu Man In Mymensingh?,2026-01-10,https://www.youtube.com/watch?v=M2k8Zk6l5IM
#HindusOfBangladesh,Hindu Man Lynched in Bangladesh: Investigators Find No Evidence of 'Blasphemy' | Bangladesh Violence,2026-01-10,https://www.youtube.com/watch?v=3tDV_nTtxek
#HindusOfBangladesh,Bangladesh Hindu Businessman Attacked by Mob While Heading Home | WION,2026-01-10,https://www.youtube.com/watch?v=4eUT3UkOaMc
#HindusOfBangladesh,"Bangladesh Violence: Hindu Man Lynched Over Blasphemy Rumour, Govt Calls It 'Isolated'",2026-01-10,https://www.youtube.com/watch?v=yLVHxzni4rw
#HindusOfBangladesh,40 Year Old Hindu Widow Gangraped By Two Men In Bangladesh,2026-01-10,https://www.youtube.com/watch?v=kRj0CB-ijmw
#HindusOfBangladesh,"Christians And Hindus Attacked, Churches Vandalised Amid Rising Unrest In Bangladesh | News18",2026-01-10,https://www.youtube.com/watch?v=NtWikONmpDI
#HindusOfBangladesh,Celebrities Condemn Attack On Hindus In Bangladesh | Bangladesh Unrest | #thehardfacts | News18,2026-01-10,https://www.youtube.com/watch?v=UM4gg5NYr-o
#HindusOfBangladesh,Bangladesh: Fear among Hindus as religious festival starts | DW Documentary,2023-03-12,https://www.youtube.com/watch?v=VoPyuD6flUk
#HindusOfBangladesh,BREAKING: Another Hindu Lynched To Death In Bangladesh,2026-02-09,https://www.youtube.com/watch?v=lRyuti4704A
#HindusOfBangladesh,Fresh protests erupt in India's West Bengal over Hindu garment worker killed in Bangladesh,2026-01-10,https://www.youtube.com/watch?v=RjY_bVoHkK0
#HindusOfBangladesh,Bangladesh Unrest: Hindu Man Killed Over Extortion Bid | WION,2026-01-10,https://www.youtube.com/watch?v=HSoVK-i7TgA
#HindusOfBangladesh,BREAKING: AIMIM Chief Owaisi Condemns Murder Of Hindu Youth In Bangladesh,2026-01-10,https://www.youtube.com/watch?v=3WnnU0T6NhQ
#HindusOfBangladesh,Bangladesh Boils: Shockwaves As Another Hindu Man Beaten To Death Days After Dipu Chandra Lynched,2026-01-10,https://www.youtube.com/watch?v=5CRQEiye_bo
#HindusOfBangladesh,"Bangladesh Hindu Attack: Khokon Das Attacked And Burned Alive By Recognized Assailants, Dies",2026-01-10,https://www.youtube.com/watch?v=poUl7oRQD8Q
#HindusOfBangladesh,"Bangladesh Burns After Hadi Death: Newsrooms Attacked, Hindu Lynched, India Targeted | 4K | N18G",2026-01-10,https://www.youtube.com/watch?v=X2p2XpFpgYs
#HindusOfBangladesh,Life of Hindu’s In Bangladesh 🇧🇩 | Haryanvi Voyager,2025-11-11,https://www.youtube.com/watch?v=XELEOM9IpDA
#HindusOfBangladesh,"Bangladesh: 3 Hindus killed in less than 48 hours; MEA cites over 2,900 attacks on minorities",2026-01-10,https://www.youtube.com/watch?v=2Dfqipnfv9g
#HindusOfBangladesh,Are Hindus Safe In Bangladesh Now? | Hindu BNP MP Gayeshwar Chandra Roy Answers India's Concerns,2026-02-18,https://www.youtube.com/watch?v=g4CRHTl56JQ
#HindusOfBangladesh,"Shocking! Another Hindu man, Amrit Mondal, beaten to death in Bangladesh over extortion allegation",2026-01-10,https://www.youtube.com/watch?v=8GuAzTeYh4A
#HindusOfBangladesh,Bangladesh's Hindu minority in fear as attacks rise and national election nears,2026-02-09,https://www.youtube.com/watch?v=jl1wtkTbAL8
#HindusOfBangladesh,Hindu businessman dies after attack in Bangladesh,2026-01-10,https://www.youtube.com/watch?v=4HFgMy0crFw
#HindusOfBangladesh,"Bangladesh Riots | Hindu Man Lynched In Bangladesh, Taslima Nasreen Shares A Sequence Of Events",2026-01-10,https://www.youtube.com/watch?v=KA45Bmb4B0Y
#HindusOfBangladesh,BREAKING: Hindu Groups Lathicharged In Kolkata During Protest Against Bangladesh,2026-01-10,https://www.youtube.com/watch?v=Ysihk6kybBg
#HindusOfBangladesh,BREAKING: Another Hindu Man Stabbed And Set Ablaze In Bangladesh,2026-01-10,https://www.youtube.com/watch?v=n3MdzuXhjcw
#HindusOfBangladesh,Bangladeshi Hindu | Eyewitness Recounts Harrowing Events of Dipu Das Lynching,2026-01-10,https://www.youtube.com/watch?v=Dx87tYQTy1Y
#HindusOfBangladesh,Bangladesh Protest LIVE: Protest in Bangladesh After Hindu Man's Lynching |Vantage with Palki Sharma,2026-01-10,https://www.youtube.com/watch?v=MaowuyAD-rw
#HindusOfBangladesh,Rising Attacks on Hindus in Bangladesh: Islamist Groups Call Makar Sankranti “Haram”,2026-01-10,https://www.youtube.com/watch?v=8wo2Oft5Jj4
#HindusOfBangladesh,"Bangladesh Unrest: Press Offices Torched, Hindu Man Lynched | Vantage with Palki Sharma | N18G",2026-01-10,https://www.youtube.com/watch?v=UC5E0x512xs
#HindusOfBangladesh,Bangladesh Violence: Another Hindu Killed | Yunus Regime Silent As Hindus Killed In Mob Violence,2026-01-10,https://www.youtube.com/watch?v=E3QRXMpwhFs
#HindusOfBangladesh,"Hindu Killed In Bangladesh | 9 Hindu NTPC Officials, Engineers Leave Dhaka Amid Rising Atrocities",2026-02-09,https://www.youtube.com/watch?v=fICICV8wvEg
#HindusOfBangladesh,Bangladesh Burning: Hindu Man Killed in Dhaka Violence | Selective Outrage on Human Rights?,2026-01-10,https://www.youtube.com/watch?v=xXonZyqkkFw
#HindusOfBangladesh,LIVE: VHP & Hindu Groups Protest Outside Bangladesh HC in Delhi Against Killing Of Hindus,2026-01-10,https://www.youtube.com/watch?v=cwuO_AxQ-Qs
#HindusOfBangladesh,From Dhaka To Delhi: Protests Erupt Over Atrocities Against Hindus In Bangladesh,2026-01-10,https://www.youtube.com/watch?v=hwkiWfVMx5o
#HindusOfBangladesh,Sixth Hindu Killed In Bangladesh; Minority Safety Alarms Raised | News9,2026-01-10,https://www.youtube.com/watch?v=bCFZ2QD2DlE
#HindusOfBangladesh,Bangladesh Violence: Another Hindu Killed | Yunus Regime Silent As Hindus Killed In Mob Violence,2026-01-10,https://www.youtube.com/watch?v=V3EEzasFddM
#HindusOfBangladesh,Chilling Video Shows Hindu Man Dipu Dragged Away to Death by Mob in Bangladesh,2026-01-10,https://www.youtube.com/watch?v=WHy5_ed01NA
#HindusOfBangladesh,"Bangladesh Foreign Ministry Reacts After Shocking Hindu Man Lynching, Calls It 'Isolated Attack'",2026-01-10,https://www.youtube.com/watch?v=gL0A8dQVJTw
#HindusOfBangladesh,Hindu Killed In Bangladesh | Another Hindu Man Beaten To Death In Bangladesh: Local Reports,2026-01-10,https://www.youtube.com/watch?v=3LpV2xLZVSU
#HindusOfBangladesh,"Dhaka Lynching Of Hindu Man Sends Shockwaves, Gut-Wrenching Anti-India Violence In Bangladesh On Cam",2026-01-10,https://www.youtube.com/watch?v=Gq7QQ6vjRLY
#HindusOfBangladesh,Atrocities against Hindus in Bangladesh continues,2026-02-09,https://www.youtube.com/watch?v=TkRISaDZrn0
#HindusOfBangladesh,"BREAKING: Attacks On Hindus Continue, Grocery Shop Owner Killed In Bangladesh's Narsingdi District",2026-01-10,https://www.youtube.com/watch?v=sRqSd4csOHc
#HindusOfBangladesh,HINDU MAN LYNCHED TO DEATH IN BANGLADESH OVER ALLEGED BLASPHEMY; 7 ARRESTED,2026-01-10,https://www.youtube.com/watch?v=mLStBhBNdHw
#HindusOfBangladesh,Bangladesh Tense Amid Focus on Osman Hadi's Funeral; Yunus Reacts On Hindu Man's Killing | N18G,2026-01-10,https://www.youtube.com/watch?v=TKTOVVZTvuw
#HindusOfBangladesh,Bangladesh Violence News LIVE: India Condemns Atrocities Against Hindus in Bangladesh | MEA Briefing,2026-01-10,https://www.youtube.com/watch?v=JDZKXPK-5Yo
#HindusOfBangladesh,Hindu Teacher's House Set On Fire in Sylhet As Attacks On Minority Continue In Bangladesh   News18,2026-02-09,https://www.youtube.com/watch?v=W81ypgs9TlQ
#HindusOfBangladesh,Bangladesh News: 'Attack On Hindus A Matter Of...' MEA's Warning After 2 Men Lynched In B'desh,2026-01-10,https://www.youtube.com/watch?v=SrznveFwvz0
#HindusOfBangladesh,Dipu Das Killing | Bangladeshi Hindu Man's Family To NDTV: 'They Killed Him Over His Job',2026-01-10,https://www.youtube.com/watch?v=GI2864mgqsc
#HindusOfBangladesh,Is Bangladesh Still Safe for Hindus? | All Eyes on Bangladesh Hindus | Dipu Chandra Das,2026-01-10,https://www.youtube.com/watch?v=ccT2AewSpoY
#HindusOfBangladesh,"India Today Reports: Bangladesh Tense As Hindu Man Lynched, Youth Leader Shot | Bangladesh Unrest",2026-01-10,https://www.youtube.com/watch?v=AvQ3nE_JsBE
#HindusOfBangladesh,"Hindu youth’s lynching in Bangladesh: 10 arrested, protests rage",2026-01-10,https://www.youtube.com/watch?v=3Iom-qzW0PU
#HindusOfBangladesh,Hindus In Danger: Dhaka 'Inaction' Sanctions This? | Bangladesh | Brass Tacks | News18,2026-01-10,https://www.youtube.com/watch?v=jeGhDHPti9Q
#HindusOfBangladesh,Bangladesh Horror: Why Are Hindus Being Targeted in Bangladesh?What’s Happening and Why?,2026-02-09,https://www.youtube.com/watch?v=CWho9Ouygyk
#HindusOfBangladesh,"Bangladesh Interim Govt Issues Statement, 'Condemn The Lynching Of Hindu Man In Mymensingh' | News18",2026-01-10,https://www.youtube.com/watch?v=FewpMiOgw-s
#HindusOfBangladesh,Bangladesh Elections | Hindus At Risk After Jamaat's Return & Sheikh Hasina's Fall? | BNP | 4K,2026-02-18,https://www.youtube.com/watch?v=iZexZbvVqLo
#HindusOfBangladesh,Bangladesh Election: Bangladesh and Minority Safety: Where Do Hindus Stand? Dhakeshwari Temple,2026-02-09,https://www.youtube.com/watch?v=9WidI_29oeo
#HindusOfBangladesh,Bangladesh celebrates Hindu festival amid lingering political tensions | DW News,2025-03-11,https://www.youtube.com/watch?v=7FzWdwh637I
#HindusOfBangladesh,Pt.8 - The Stunning Silence Of Modi Govt. As Hindus Come Under Fire in Bangladesh | Akash Banerjee,2026-01-10,https://www.youtube.com/watch?v=emUaV1B2wyw
#HindusOfBangladesh,LIVE | Bangladesh Unrest: Hindu Man Attacked In Bangladesh By Islamists Group | #brasstacks | News18,2026-01-10,https://www.youtube.com/watch?v=HWAwaUenKfg
#HindusOfBangladesh,Bangladesh Violence Live: Hindu Man Brutally Killed In Mob Lynching | Body Set Ablaze| NewsX World,2026-01-10,https://www.youtube.com/watch?v=ukqlxIr3R_k
#HindusOfBangladesh,Bangladesh Hindu Lynching Sparks Anger in Kolkata as Protesters Clash With West Bengal Police,2026-01-10,https://www.youtube.com/watch?v=GlL8ItP7kuo
#HindusOfBangladesh,Hindus in Bangladesh rally to demand protection from attacks,2025-03-11,https://www.youtube.com/watch?v=61Ao7KVlMzU
#HindusOfBangladesh,"Bangladesh News | Hindu Man Killed In Bangladesh, 2nd Such Incident In 24 Hours",2026-01-10,https://www.youtube.com/watch?v=_UCHynsBc14
#HindusOfBangladesh,BREAKING: Hindu Youth Brutally Killed By A Mob In Bangladesh Amid Anti-india Protests | News18,2026-01-10,https://www.youtube.com/watch?v=--7xyQVqqic
#HindusOfBangladesh,Protests In Kolkata Over Dipu Chandra's Lynching in Bangladesh | Hindus Lathi-Charged,2026-01-10,https://www.youtube.com/watch?v=66wXvPl14YA
#HindusOfBangladesh,India condemns attacks on Hindus in Bangladesh | DD India,2026-01-10,https://www.youtube.com/watch?v=ju6tK4mNaEc
#HindusOfBangladesh,"Pawan Kalyan, Priyanka Gandhi Condemn Lynching of Hindu Worker in Bangladesh | India Today News",2026-01-10,https://www.youtube.com/watch?v=Kz5cpid-ZpE
#HindusOfBangladesh,"Bangladesh में Hindu युवक की हत्या, खामोश Muhammad Yunus सरकार | Hindu Youth Killed",2026-01-10,https://www.youtube.com/watch?v=rfTasDb5QBI
#HindusOfBangladesh,"Bangladesh में Hindu Mob Lynching का एक और केस, पुलिस ने क्या बताया?",2026-01-10,https://www.youtube.com/watch?v=S8CQeJt_kfw
#HindusOfBangladesh,7 Arrested For Lynching Hindu Man Dipu Chandra Das In Bangladesh | N18G | CNBC TV18,2026-01-10,https://www.youtube.com/watch?v=RfX0ExSnqok
#HindusOfBangladesh,"India Summons Bangladesh Envoy After Hindu Lynching, Fear Grips Dhaka Minorities | India Today",2026-01-10,https://www.youtube.com/watch?v=rtwF0KCIgDM
#HindusOfBangladesh,"LIVE: India Rises Against Hindu Hate in Bangladesh | Protests, Outrage & Diplomatic Pressure",2026-01-10,https://www.youtube.com/watch?v=47JlNjeIRIg
#HindusOfBangladesh,Bangladesh Crisis: Hindus Under Attack | Congress Funding Dips | Deepam Row | The Right Stand,2026-01-10,https://www.youtube.com/watch?v=Y-o91kzqBUc
#HumanRightsBD,Human Rights Report on Bangladesh Protests | United Nations,2025-03-11,https://www.youtube.com/watch?v=69KyCzWosW4
#HumanRightsBD,"Human Rights Report From Bangladesh Says 116 Minority Citizens Killed In 7 Months, Flags Violence",2026-02-09,https://www.youtube.com/watch?v=0xOshIEqQVI
#HumanRightsBD,Bangladesh Burning: Hindu Man Killed in Dhaka Violence | Selective Outrage on Human Rights?,2026-01-10,https://www.youtube.com/watch?v=xXonZyqkkFw
#HumanRightsBD,Lecture on the constitutional framework of human rights in Bangladesh,2021-03-12,https://www.youtube.com/watch?v=qhscnyMmCbI
#HumanRightsBD,UN reacts to Bangladesh court sentencing Sheikh Hasina to death,2025-12-11,https://www.youtube.com/watch?v=7WG9uBAT7Vs
#HumanRightsBD,National Human Rights Commission NHRC Job Circular 2019,2020-03-12,https://www.youtube.com/watch?v=8-ikzl1KsZg
#HumanRightsBD,Activists call out grave human rights violations in Bangladesh under Yunus’ interim govt at UNHRC,2025-10-12,https://www.youtube.com/watch?v=jBiuGLtb90c
#HumanRightsBD,President Droupadi Murmu addressed the National Human Rights Day celebrations in New Delhi,2025-12-11,https://www.youtube.com/watch?v=cuI9raeBcBw
#HumanRightsBD,'বাংলাদেশে মানবাধিকার পরিস্থিতির উল্লেখযোগ্য কোনো পরিবর্তন হয়নি' | US BD Report | Human Rights,2025-03-11,https://www.youtube.com/watch?v=50xIYcWU7pA
#HumanRightsBD,Human Rights Orientation Session | Dhaka Chapter | UNDP Bangladesh,2025-03-11,https://www.youtube.com/watch?v=bi5LNxOUTZs
#HumanRightsBD,Epidemic of Child Marriage in Bangladesh,2016-03-13,https://www.youtube.com/watch?v=0pJk6M5LgCg
#HumanRightsBD,Defending Worker/Human Rights & Termination of Chicago ATU 241 Exec Bd Member & Driver Erek Slater,2021-03-12,https://www.youtube.com/watch?v=mX9xMix_XZM
#HumanRightsBD,Why is a 'death squad' from Bangladesh allowed to go on UN missions? | DW Documentary,2025-03-11,https://www.youtube.com/watch?v=kjgBccv8DP0
#HumanRightsBD,"Mehdi CHALLENGES Bangladeshi Leader about Anti-Hindu violence, Human Rights, Elections and MORE",2025-10-12,https://www.youtube.com/watch?v=_ITqK3kkl8c
#HumanRightsBD,Elections and Human Rights in Bangladesh (Part One),2019-03-13,https://www.youtube.com/watch?v=L0foeNsJzlQ
#HumanRightsBD,WCF HUMANRIGHTS Of BD. is live,2025-03-11,https://www.youtube.com/watch?v=gPaW37XT2nY
#HumanRightsBD,ইরান ও ইসরায়েলের পাল্টাপাল্টি হামলায় উত্তাল মধ্যপ্রাচ্য পরিস্থিতি | Iran | Israel | Star News,2026-03-11,https://www.youtube.com/watch?v=V-41-dN9qYI
#HumanRightsBD,ডেপুটি স্পিকারের পদ নেবে কিনা কাল জানাবে জামায়াত | Star News,2026-03-11,https://www.youtube.com/watch?v=tSP153iAVk0
#HumanRightsBD,কারামুক্তিতে বাধা নেই সাংবাদিক আনিস আলমগীরের: আইনজীবী | Star News,2026-03-11,https://www.youtube.com/watch?v=xwQEvmuy5i8
#HumanRightsBD,Stand Up For Human Rights | UNDP Bangladesh,2019-03-13,https://www.youtube.com/watch?v=t15sLutqgac
#HumanRightsBD,Trending in textiles – will new legislation bring human rights to the catwalk?,2022-03-12,https://www.youtube.com/watch?v=Bd-COD_PHv4
#HumanRightsBD,প্রধানমন্ত্রী তারেক রহমানের সভাপতিত্বে সংসদীয় দলের গুরুত্বপূর্ণ বৈঠক অনুষ্ঠিত | Tarique Rahman,2026-03-11,https://www.youtube.com/watch?v=M6R3lyCnkQ4
#HumanRightsBD,BREAKING: Hindu Youth Brutally Killed By A Mob In Bangladesh Amid Anti-india Protests | News18,2026-01-10,https://www.youtube.com/watch?v=--7xyQVqqic
#HumanRightsBD,অগ্রণী ব্যাংকের ৪৩ কোটি টাকা নিয়ে দুবাই পালালেন কর্মকর্তা! | Star News,2026-03-09,https://www.youtube.com/watch?v=EnCRkBLnnl0
#HumanRightsBD,রাষ্ট্রপতি ভাষণ দেয়ার কোনো অধিকার রাখে না: তাহের | Abdullah Taher | Star News,2026-03-11,https://www.youtube.com/watch?v=5Il6xu-q43k
#HumanRightsBD,How the elite police force RAB terrorizes the people of Bangladesh | DW Documentary,2024-03-11,https://www.youtube.com/watch?v=aVxG7K1PGHM
#HumanRightsBD,সংসদের প্রথম অধিবেশনের সম্ভাব্য আলোচনার বিষয় নিয়ে জানালো নাহিদ | Nahid Islam | Star News,2026-03-11,https://www.youtube.com/watch?v=SGoe94KSsbs
#HumanRightsBD,'Future Bd will be Justice-Human Rights & freedom of speech' | DBC NEWS,2025-03-11,https://www.youtube.com/watch?v=2fYihvQ0O4A
#HumanRightsBD,Why is the Human Rights Commission in Dhaka? | UN | Human Rights Commission | The Press,2025-08-13,https://www.youtube.com/watch?v=elC8XQg2u5w
#HumanRightsBD,Bangladesh ousted ex-PM Sheikh Hasina sentenced to death for crimes against humanity,2025-12-11,https://www.youtube.com/watch?v=u1fGtEekdfY
#HumanRightsBD,বাংলাদেশের খেলা দেখতে মিরপুরে জাইমা রহমান | Zaima Rahman | Star News,2026-03-11,https://www.youtube.com/watch?v=7kL1bmUk8vs
#HumanRightsBD,Bangladesh court due to deliver verdict on case of two prominent human rights activists,2024-03-11,https://www.youtube.com/watch?v=hv-7rEMwXOM
#HumanRightsBD,23 Unit 5; Human Rights Lesson 4; Graphs,2026-02-25,https://www.youtube.com/watch?v=Vf5gYD7ugcw
#HumanRightsBD,সাবেক প্রসিকিউটরের ঘুষ কেলেঙ্কারি নিয়ে তদন্ত শুরু ট্রাইব্যুনালে | Star Star News,40 minutes ago,https://www.youtube.com/watch?v=qq3lq1ydDsM
#HumanRightsBD,Bangladesh: Proposed women's rights reforms face Islamist resistance | DW News,2025-06-14,https://www.youtube.com/watch?v=gcARtGcN-Bw
#HumanRightsBD,রাষ্ট্রপতির ভাষণের অধিকার নেই বললেন জামায়াতের নায়েবে আমির | Star News,2026-03-11,https://www.youtube.com/watch?v=-pjT0PgB5g4
#HumanRightsBD,দেশ আরেকবার স্বৈরতন্ত্রের পক্ষে গেলে আরেকটি বিপ্লব করতে হবে: নাসির উদ্দিন পাটোয়ারী | Star News,2026-03-11,https://www.youtube.com/watch?v=OQJYlE3N9K0
#HumanRightsBD,সরকারি দলের এমপিদের সাথে প্রধানমন্ত্রী তারেক রহমানের গুরুত্বপূর্ণ বৈঠক | BNP | Star News,2026-03-11,https://www.youtube.com/watch?v=_jUgNzQSoMs
#HumanRightsBD,মানবাধিকার কমিশন অধ্যাদেশ দ্রুত আইনে রূপান্তরের দাবি  | Human rights | Bangladesh law | Star News,2026-03-10,https://www.youtube.com/watch?v=DkDhks1uTMk
#HumanRightsBD,বিএনপির সংসদ সদস্যরা ইতিমধ্যে আইন ভঙ্গ করেছেন: আখতার হোসেন | NCP | Star News,2026-03-11,https://www.youtube.com/watch?v=Zh5V_CrX7R4
#HumanRightsBD,"The Mother and the Monster: After Sheikh Hasina, what's next for Bangladesh? | 101 East Documentary",2025-05-15,https://www.youtube.com/watch?v=Txhtxb0ZjVk
#HumanRightsBD,শেখ হাসিনার সুরে জামায়াত-এনসিপির নেতারা কথা বলছে: সাজেদুল হক রুবেল | Star News,2026-03-11,https://www.youtube.com/watch?v=cBU5LvI6qeU
#HumanRightsBD,আন্দোলনের দোহাই দিয়ে চাঁদাবাজির গ্রীনকার্ড দেবো না: নাসির উদ্দিন পাটোয়ারী | Star News,2026-03-11,https://www.youtube.com/watch?v=jEnZM23Dc4s
#HumanRightsBD,আমাদের দাবি আমরা আদায় করেই ছাড়বো: নাহিদ ইসলাম | NCP | Star News,2026-03-11,https://www.youtube.com/watch?v=XjBBaow1qkk
#HumanRightsBD,Bangladesh Business & Disability Network at 14th United Nations Forum on Business and Human Rights,2025-12-11,https://www.youtube.com/watch?v=OBOwtgDH_Mc
#HumanRightsBD,Human Rights || মানবাধিকার,2022-03-12,https://www.youtube.com/watch?v=T_1_wNB1-Dk
#HumanRightsBD,জুলাই সনদ বাস্তবায়ন না করলে জাতি কাউকে ক্ষমা করবে না: এ টি এম আজহারুল ইসলাম | Star News,2026-03-10,https://www.youtube.com/watch?v=9Wk_9oO3RNY
#HumanRightsBD,"'ফ্যাসিস্ট রাষ্ট্রপতির ভাষণ শুনতে নয়, সংস্কার বাস্তবায়ন করতে সংসদে যাব' | Nahid Islam | Chuppu |",2026-03-10,https://www.youtube.com/watch?v=kMkDGlkawjA
#HumanRightsBD,Model UN Strategy: How to Research Your Country Policy,2018-03-13,https://www.youtube.com/watch?v=KJoxVQTe32w
#HumanRightsBD,অনেক মন্ত্রী আছে ১৫ বছর নাকে তেল দিয়ে ঘুমাইছে: আখতারুজ্জামান | Talkshow | Star News,2026-03-06,https://www.youtube.com/watch?v=YIs3sfWY4Bw
#HumanRightsBD,WCF HUMANRIGHTS Of BD. is live,2024-03-11,https://www.youtube.com/watch?v=m7vr_WGiEZY
#HumanRightsBD,"মানবাধিকার কমিশন কেন ঢাকায়, ব্যাখা দিল সরকার | Human Rights Commission | Interim Government",2025-08-13,https://www.youtube.com/watch?v=0X658zK41vU
#HumanRightsBD,‘ফ্যামিলি কার্ড’ কোন ক্যাটাগরিতে প্রদান করা হয়েছে: আল মামুন রাসেল | Star News,2026-03-10,https://www.youtube.com/watch?v=5fMuLyENuTg
#HumanRightsBD,‘জুলাই সনদের প্রতিটি শব্দ ও অক্ষর বিএনপি ধারণ করে’ | Kora Alap | Star News,2026-03-10,https://www.youtube.com/watch?v=mgskt20k83A
#HumanRightsBD,"Over 500,000 Rohingya refugees in Bangladesh & other topics - Daily Briefing (28 September 2017)",2018-03-13,https://www.youtube.com/watch?v=aJ-ly5ewoN4
#HumanRightsBD,Making rights real for older people: Human Rights Day 2025,2025-12-11,https://www.youtube.com/watch?v=Bd-IrvKBaD0
#HumanRightsBD,মুদি দোকানির অ্যাকাউন্টে কোটি কোটি টাকা লেনদেন | Star News,2026-03-07,https://www.youtube.com/watch?v=JUSf4kZqEzM
#HumanRightsBD,"বাবার কাছ থেকে অধিকার আদায় করতে,বাংলাদেশ আইন সহায়তা কেন্দ্র|Human Rights BD|Syed Rayhan",2024-03-11,https://www.youtube.com/watch?v=cOlVDlRfKgY
#HumanRightsBD,BREAKING: Hindu’s Death in Bangladesh Sparks Global Condemnation | Rights Groups Warn of Pattern,2026-01-10,https://www.youtube.com/watch?v=JNBGfPWn1GM
#HumanRightsBD,"আগামীকালের সংসদ অধিবেশন কেমন হবে, জানালেন চিফ হুইপ | Nurul Islam Moni | Chief Whip | Star News",2026-03-11,https://www.youtube.com/watch?v=hPITfi6F6gg
#HumanRightsBD,"UN concerned for human rights amid ongoing Hong Kong protests, violence",2020-03-12,https://www.youtube.com/watch?v=PKG8AcxyMy4
#HumanRightsBD,ভারতে গ্রেপ্তার দুই আসামির জন্য ‘কনস্যুলার অ্যাক্সেস’ চেয়েছি: পররাষ্ট্র প্রতিমন্ত্রী | Osman Hadi |,2026-03-09,https://www.youtube.com/watch?v=nVCWZ9E9TVE
#HumanRightsBD,Bangladesh PM refuses to answer questions on human rights record,2019-03-13,https://www.youtube.com/watch?v=FtZPO7okxT8
#HumanRightsBD,আজকের আবহাওয়ার সংবাদ | Weather Update Today | Star News,2026-03-10,https://www.youtube.com/watch?v=XhS8wlu8UQY
#HumanRightsBD,Climate change and children's rights,2017-03-13,https://www.youtube.com/watch?v=bD-DQL3ZEkA
#HumanRightsBD,সমাধান || স্ত্রী কর্তৃক স্বামী নির্যাতিত || syed_rayha || Human Rights bd || আইনের চোখ,2025-03-11,https://www.youtube.com/watch?v=_2GPUyiykig
#HumanRightsBD,"চট্টগ্রাম বন্দরে ভিড়ল ৬ জ্বালানিবাহী জাহাজ, কাটল সংকটের আশঙ্কা | Star News",2026-03-11,https://www.youtube.com/watch?v=GBQwQC2J5q4
#HumanRightsBD,"উপসাগরীয় দেশগুলোতে ইরানের হা’মলা বৃদ্ধির অভিযোগ, কুয়েতে নি/হ/ত দুই | Star News",2026-03-11,https://www.youtube.com/watch?v=YCMv8vjb96w
#HumanRightsBD,এ কী খেল দেখাচ্ছে ইরান! | Iran | The Press ,2026-03-06,https://www.youtube.com/watch?v=Q_1RWJ68XMU
#HumanRightsBD,বিড়াল মে*রে কতো মাসের সাজা পেলেন হ*ত্যা*কারী? | Cat | Mohammadpur | Star News,2026-03-11,https://www.youtube.com/watch?v=U9KJ0dSYrzs
#HumanRightsBD,UN human rights chief goes to Rohingya camps near the Bangladesh-Myanmar border,2023-03-12,https://www.youtube.com/watch?v=vyGBkaPjg1M
#HumanRightsBD,"Bangladesh Chaos: Hindu Worker Tied, Beaten & Burned Alive Amid Pakistan-Backed Unrest | N18G",2026-01-10,https://www.youtube.com/watch?v=iCt7aPHhLXM
#HumanRightsBD,"একাত্তরের অনেক ঘটনার একটি ৭ মার্চ, শেখ মুজিবের বিক্ষোভের ডাক: নুসরাত তাবাসসুম | 7 March | Star News",2026-03-09,https://www.youtube.com/watch?v=cOwQFf-BB88
#HumanRightsBD,ঢাকায় ৩ বছরের জন্য চালু হচ্ছে জাতিসংঘের মানবাধিকার কার্যালয় | UN Human Rights | OHCHR Office,2025-07-14,https://www.youtube.com/watch?v=YAyntRqE8-0
#HumanRightsBD,জুলাই সনদ জনগণ মেনে নেয়নি: মোশাররফ আহমদ ঠাকুর | Mosharaf Ahmed Thakur | BNP | Star News,2026-03-10,https://www.youtube.com/watch?v=I5gnygsjYvk
#HumanRightsBD,মিরপুরে বাংলাদেশ-পাকিস্তান জয়ে সাক্ষী প্রধানমন্ত্রী কন্যা জাইমা | Star News,2026-03-11,https://www.youtube.com/watch?v=IRUbuJ6PIXA
#HumanRightsBD,Human 8 creative UK Bangladesh,2019-03-13,https://www.youtube.com/watch?v=q97lnnl282Y
#HumanRightsBD,বিএনপি আসলে বুঝতে পারছে না কীভাবে নির্বাচনে জিতছে: অনিক রায় | Anik Roy | Politics | Star News,2026-03-10,https://www.youtube.com/watch?v=IRYUiNoTTOQ
#HumanRightsBD,অধ্যাদেশ ও সংস্কার ইস্যুতে উত্তপ্ত হতে পারে প্রথম অধিবেশন | Star News,2026-03-11,https://www.youtube.com/watch?v=gtJHfeLUibw
#HumanRightsBD,"Sheikh Hasina Death Sentence: Intl Court Of Jurists Slams Bangladesh Trial, Suggests UN Move",2025-12-11,https://www.youtube.com/watch?v=d_JEv4GEin4
#HumanRightsBD,"2543-US sanctions China, Myanmar, Bangladesh, others over human rights issues - World News 11th Dec",2022-03-12,https://www.youtube.com/watch?v=x_phaX8CJf8
#HumanRightsBD,বাংলাদেশকে জাতিসংঘের প্রস্তাব গ্রহণের আহ্বান || Human Rights Watch on BD | Independent TV,2024-03-11,https://www.youtube.com/watch?v=125gBaVaRVY
#HumanRightsBD,"Bangladesh Interim Govt Issues Statement, 'Condemn The Lynching Of Hindu Man In Mymensingh' | News18",2026-01-10,https://www.youtube.com/watch?v=FewpMiOgw-s
#HumanRightsBD,জামায়াতের দ্বিতীয় জন্ম দিয়েছে বিএনপি: গোলাম মাওলা রনি | Golam Maula Rony,2026-03-07,https://www.youtube.com/watch?v=FznhoEiwJEU
#HumanRightsBD,হেফাজতে থাকা ১৫ সেনা কর্মকর্তাদের বিচার নিয়ে মুখ খুললো জাতিসংঘ | BD Army | UN human Rights | ATNNews,2025-11-11,https://www.youtube.com/watch?v=ItV6nLKjooA
#HumanRightsBD,নারায়ণগঞ্জে বিদেশী পি'স্ত'ল ও গু'লিসহ ১৮ মামলার আসামি গ্রে'প্তা'র #starnews  #RABoperation,2026-03-11,https://www.youtube.com/watch?v=5xNIg_hL3oA
#HumanRightsBD,Former Bangladeshi PM Sheikh Hasina found guilty of crimes against humanity | DW News,2025-12-11,https://www.youtube.com/watch?v=CERQODqh9Yc
#HumanRightsBD,"রংপুর বিভাগ নয়, প্রথম সারির জেলার মত উন্নয়ন হয়নি: সারজিস আলম | Sarjis Alam | Star News",2026-03-11,https://www.youtube.com/watch?v=S1PpGAgOrwA
#HumanRightsBD,Bangladesh Crisis: Hindu Man Deepu Chandra Das Lynched in Mymensingh; Anti-India Protests Escalate,2026-01-10,https://www.youtube.com/watch?v=Ax7INkCtKcE
#HumanRightsBD,মানবাধিকার কমিশন অধ্যাদেশ সংসদে পাসের দাবি | Human Rights Commission | Channel 24,2026-03-09,https://www.youtube.com/watch?v=XoK4_nfIZkk
#HumanRightsBD,তেহরানে মার্কিন-ইসরায়েলি হামলায় প্রাণ হারালেন ৪০ জন | Tehran | USA | Israel | Star News,2026-03-10,https://www.youtube.com/watch?v=_ZLIIDtDLhQ
#HumanRightsBD,Literature and Human Rights | B.A Prog/Hons. Semester 5th | English Important Questions With Answer,2025-12-11,https://www.youtube.com/watch?v=0FceuUknVRg
#HumanRightsBD,Bangladesh Govt Faces Trump's Administration Heat Over Awami Leaue Ban | Democracy In Threat? | LIVE,2026-01-10,https://www.youtube.com/watch?v=8VMeBRpi3Hk
#HumanRightsBD,বকেয়া বেতন ও বোনাসের দাবিতে  ঢাকা–ময়মনসিংহ মহাসড়ক অবরোধ | Mymensingh | Salary Protest | Star News,2026-03-11,https://www.youtube.com/watch?v=lZg4ZKSOoZA
#HumanRightsBD,Will Sheikh Hasina face justice in Bangladesh? | Inside Story,2025-12-11,https://www.youtube.com/watch?v=6MYLSLqXCVk
#HumanRightsBD,"Bangladesh Crisis: Journalist Muktadir Rashid Claims 'Secular Lynching' Of Hindu Man, Denies",2026-01-10,https://www.youtube.com/watch?v=E6oM08rVzoQ
#HumanRightsBD,Yunus Meets US Ambassador to India | Talks on Hadi’s Death & Bangladesh Election Plans,2026-01-10,https://www.youtube.com/watch?v=9BDeZ8S4rgs
#HumanRightsBD,Disccussion meeting about human rights in BD 2 12 2021,2023-03-12,https://www.youtube.com/watch?v=IQh4WXd7_oE
#HumanRightsBD,বগুড়া ও শেরপুরের নির্বাচনে থাকছে না গণভোট: ইসি সচিব | EC | Star News,2026-03-11,https://www.youtube.com/watch?v=-LhFCEWXmcY
#HumanRightsBD,স্বয়ংক্রিয় সিগনালে ঢাকার গতি বেড়ে ঘণ্টায় ১১ কিমি | Star News,2026-03-10,https://www.youtube.com/watch?v=xQoeMh6v0uQ
#HumanRightsBD,বাংলাদেশের মানবাধিকার পরিস্থিতি নিয়ে উদ্বিগ্ন জাতিসংঘ | UN | BD Police | Human Rights | Shersha News,2024-03-11,https://www.youtube.com/watch?v=KYRY8QTYOcU
#HumanRightsBD,Bangladesh Mob Lynching: Who Is Behind The Killing Of Hindu Man In Mymensingh?,2026-01-10,https://www.youtube.com/watch?v=M2k8Zk6l5IM
#HumanRightsBD,'আগস্টের পর বাংলাদেশের মানবাধিকার পরিস্থিতি স্থিতিশীল' | US On BD Human Rights | Jamuna TV,2025-09-12,https://www.youtube.com/watch?v=Dy6ZL9LJDEw
#HumanRightsBD,Hindu Man Burnt Alive: Bangladesh Violent Protests Target India | Osman Hadi Killing & Funeral ,2026-01-10,https://www.youtube.com/watch?v=V8oAF7RjZkw
#HumanRightsBD,Displaced Rohingyas in Bangladesh at risk of human trafficking,2018-03-13,https://www.youtube.com/watch?v=CGOkWHQP2PA
#HumanRightsBD,ভোটে বাধা দেয়া মানবাধিকার লঙ্ঘন : সিইসি | CEC | Human rights | Election2024 | Vote | ATN News,2024-03-11,https://www.youtube.com/watch?v=_hocFGt90ns
#HumanRightsBD,Bangladesh: Discriminatory Marriage Laws,2013-03-14,https://www.youtube.com/watch?v=_s_qMArV0LE
#HumanRightsBD,HINDU MAN LYNCHED TO DEATH IN BANGLADESH OVER ALLEGED BLASPHEMY; 7 ARRESTED,2026-01-10,https://www.youtube.com/watch?v=mLStBhBNdHw
#HumanRightsBD,Kita Koros Bangladesh।Sylheti Natok । comedy bamgla । Funny Video,2022-03-12,https://www.youtube.com/watch?v=lKAWMnZBQKc
#HumanRightsBD,মিনাব বালিকা বিদ্যালয়ে মার্কিন টমাহক মিসাইল হা’ম’লার প্রমাণ পেল বিশেষজ্ঞরা | Star News,2026-03-10,https://www.youtube.com/watch?v=cY50l0i1fsM
#HumanRightsBD,"Bangladesh: Another Hindu Man Lynched, Yunus Denies  Communal Angle | Firstpost Live | N18G",2026-01-10,https://www.youtube.com/watch?v=Ag_H9r_SbaE
#HumanRightsBD,Sheikh Hasina Death Sentence: Bangladesh Journalist In Denial Mode | Exclusive,2025-12-11,https://www.youtube.com/watch?v=Fo_hicAieOA
#HumanRightsBD,National Commission for Women (NCW) | Human Rights | Law Guru,2021-03-12,https://www.youtube.com/watch?v=O3jkuv0GdlM
#HumanRightsBD,যেসব হয়রানির প্রতিকার পাবেন জাতীয় মানবাধিকার কমিশনে | National Human Rights Commission | News,2025-03-11,https://www.youtube.com/watch?v=O_94ldiUGzc
#HumanRightsBD,How to become a UN Volunteer in 5 simple steps,2025-03-11,https://www.youtube.com/watch?v=lXlRIqUh7Lg
#HumanRightsBD,গভর্নরের সাথে ব্যাংকারদের বৈঠক শেষে পাচার হওয়া অর্থ নিয়ে বার্তা | Central Bank | Star News,2026-03-10,https://www.youtube.com/watch?v=-NN1cBtiwQs
#HumanRightsBD,"UN: Rohingya exodus to Bangladesh exceeds 400,000",2018-03-13,https://www.youtube.com/watch?v=6ORwQm9HrIQ
#HumanRightsBD,Bangladesh: Sheikh Hasina Charged With Crimes Against Humanity During The 2024 Uprising | WION,2025-08-13,https://www.youtube.com/watch?v=dbCR2Nam-no
#HumanRightsBD,"Anti-Sheikh Hasina rhetoric in Bangladesh, Opposition raises human rights issue | World News | WION",2023-03-12,https://www.youtube.com/watch?v=IaL6a_1fl5A
#HumanRightsBD,জ্বালানী তেল পা'চা'র ঠেকাতে কক্সবাজার উপকূলে কোস্টগার্ডের অভিযান জোরদার #StarNews #coastguard,2026-03-11,https://www.youtube.com/watch?v=aGzfkodyTUI
#HumanRightsBD,যুক্তরাষ্ট্রের স'ন্ত্রা'সবিরোধী প্রতিবেদনে বাংলাদেশের মানবাধিকার ইস্যু | US | BD Human Rights,2024-03-11,https://www.youtube.com/watch?v=o_o5GI_FsRA
#HumanRightsBD,"খলিলুর রহমানকে বিএনপি নিয়োগ দেয়নি, নাহিদ ইসলামরা নিয়োগ দিয়েছে: রাশেদ খান | Rashed Khan | BNP",2026-03-10,https://www.youtube.com/watch?v=-FahPVEqHlo
#HumanRightsBD,Human Rights (Are We Aware of These Rights-I?) || Passage Reading || HSC English 1st Paper | U-4 L-1,2022-03-12,https://www.youtube.com/watch?v=R_JUP-yZdGo
#HumanRightsBD,WCF HUMANRIGHTS Of BD. is live  Bottola Bazaar Munshi pH ER shuvo udhbodon,2024-03-11,https://www.youtube.com/watch?v=Qo_a77A0sxo
#HumanRightsBD,Human rights Governance Democracy Bd 😱,2025-03-11,https://www.youtube.com/watch?v=qB-x3rRXOB4
#HumanRightsBD,মধ্যপ্রাচ্যে যু/দ্ধ: আমেরিকা কী চায়? | Iran | USA | Star News,2026-03-05,https://www.youtube.com/watch?v=mb7t8KQMftA
#HumanRightsBD,Human Rights Programme in Bangladesh,2023-03-12,https://www.youtube.com/watch?v=eMeWoL-FVi0
#HumanRightsBD,We Went Inside Bangladesh’s Controversial Rohingya Island Camp,2026-02-09,https://www.youtube.com/watch?v=kLcBKNKv-VE
#HumanRightsBD,যুক্তরাষ্ট্রের মানবাধিকার প্রতিবেদনে বাংলাদেশের চিত্র | Human Rights | US Report | Rupali BD,2025-09-12,https://www.youtube.com/watch?v=_kA-ldqTssg
#HumanRightsBD,ঢাকায় জাতিসংঘ মানবাধিকার কমিশনের ভবিষ্যৎ কী? | Human Rights Commission | Golam Maula Rony | Desh TV,2025-08-13,https://www.youtube.com/watch?v=3vQyEiOACTk
#HumanRightsBD,আগামী পাঁচ বছরের মধ্যে ৪ কোটি পরিবারে ফ্যামিলি কার্ড পৌঁছে দিতে চাই: প্রধানমন্ত্রী | Tarique Rahman,2026-03-10,https://www.youtube.com/watch?v=zSyyHHwRnUE
#HumanRightsBD,Bangladesh bids goodbye to youth leader Sharif Osman Hadi amid tight security,2026-01-10,https://www.youtube.com/watch?v=o4VBdEWkMDM
#HumanRightsBD,Foreign Secretary of Bangladesh Shahidul Haque Addresses the Rohingya Humanitarian Crisis,2018-03-13,https://www.youtube.com/watch?v=rx42KR9qn3c
#HumanRightsBD,Bangladesh On Boil After Hindu Man Lynched; War On Streets Of Dhaka | ‘No Mercy…’,2026-01-10,https://www.youtube.com/watch?v=CxwJ4VjY-eI
#HumanRightsBD,ERI Human Chain  |  Release all Political Imprisoned in BD  |  Held 20.02.23 | Published 22.02.23,2024-03-11,https://www.youtube.com/watch?v=tytK9bbLkdI
#HumanRightsBD,Bangladesh ex-PM Sheikh Hasina charged with crimes against humanity,2025-06-14,https://www.youtube.com/watch?v=OQQuthjvQrY
#HumanRightsBD,4 ENTRY POINTS for getting your FIRST UN JOB,2021-03-12,https://www.youtube.com/watch?v=sW8qstrGqyM
#HumanRightsBD,বাংলাদেশের মানবাধিকার নিয়ে বিস্ফোরক প্রতিবেদন যুক্তরাষ্ট্রের | Explosive report USA|human rights| BD,2025-03-11,https://www.youtube.com/watch?v=chx_5P5xUTk
#HumanRightsBD,Bangladesh Crisis: 10 Arrested In Mymensingh For Lynching Hindu Man Deepu Das | Ground Report,2026-01-10,https://www.youtube.com/watch?v=pESn5Df7Ke4
#HumanRightsBD,"প্রশাসনিক মন্ত্রণালয় নাকি সংসদীয় কমিটি, কারা নেবে অধ্যাদেশের সিদ্ধান্ত? | Human Rights | Jamuna TV",2026-03-11,https://www.youtube.com/watch?v=J1ivN_3E62A
#HumanRightsBD,Rights groups in Bangladesh raise concerns over anti-drug crackdown,2019-03-13,https://www.youtube.com/watch?v=7aPHIKIU9KE
#HumanRightsBD,Coal Miners || Human Rights || Unit 5 Lesson 4 || HSC English 1st Paper,2025-03-11,https://www.youtube.com/watch?v=t9rGZjD1LLE
#HumanRightsBD,ENFORCED DISAPPEARANCES IN BANGLADESH | Indus News,2022-03-12,https://www.youtube.com/watch?v=se9SVO77fR8
#HumanRightsBD,Bangladesh Hindu Man Lynched: 10 People Arrested By Government | India's MEA Releases Statement,2026-01-10,https://www.youtube.com/watch?v=Z3apRFckEZ4
#HumanRightsBD,The Fight Against Child Labour,2019-03-13,https://www.youtube.com/watch?v=ckz4qccSVpY
#HumanRightsBD,জাতিসংঘের প্রতিবেদনে বাংলাদেশে মানবাধিকার লঙ্ঘন | BD Human Rights | UN | violation | ATV USA,2025-03-11,https://www.youtube.com/watch?v=MSo-VUccVR4
#HumanRightsBD,নির্বাচন নিয়ে যা জানতে চেয়েছে ইইউ | EU | Human Rights | BD Election | Kalbela,2024-03-11,https://www.youtube.com/watch?v=qLngZvIbc4c
#HumanRightsBD,Capturing the state: Brad Adams on Awami League and BNP’s human rights record,2023-03-12,https://www.youtube.com/watch?v=Js9FyG8uNZA
#HumanRightsBD,"ভোটের অধিকার লঙ্ঘিত হয়েছে, সবকিছু স্পষ্ট, সাক্ষীও পাওয়া যাচ্ছে: জামায়াত আমীর",2026-03-10,https://www.youtube.com/watch?v=70TjWosMVUw
#HumanRightsBD,Subcommittee Hearing : Ethiopia After Meles : The Future of Democracy and Human Rights PART 6,2014-03-14,https://www.youtube.com/watch?v=bD-2lvPcSPA
#HumanRightsBD,ইরান যুদ্ধ শেষের খুব কাছাকাছি পৌঁছে গেছে যুক্তরাষ্ট্র: ট্রাম্প | Donald Trump | Iran War | Star News,2026-03-10,https://www.youtube.com/watch?v=lzZmpUdk79A
#HumanRightsBD,ভাই বোনের সম্পত্তি নিয়ে দীর্ঘদিনের সমস্যার সমাধানের চেষ্টা Human Rights bd,2024-03-11,https://www.youtube.com/watch?v=OCrumnWrTtM
#HumanRightsBD,Huge anti-government protests across Iran | BBC News,2026-01-10,https://www.youtube.com/watch?v=9WpcgTpJkSw
#HumanRightsBD,ডিসি কোহিনুরের পুনর্বহাল নিয়ে যা বললেন তাহসিন রিয়াজ | Tahsin Riaz | NCP | Star News,2026-03-10,https://www.youtube.com/watch?v=6ZBCKS3cMk0
#HumanRightsBD,"Bangladesh Unrest: Hindu Man Lynched By Mob Over Blasphemy Allegations; BJP Hits Out, Says.. | Watch",2026-01-10,https://www.youtube.com/watch?v=1Er9TquV91o
#HumanRightsBD,নিজের ও পরিবারের ব্যাংক স্টেটমেন্ট জনসমক্ষে আনলেন আসিফ মাহমুদ | NCP | Star News,2026-03-04,https://www.youtube.com/watch?v=SfuXHejdVZc
#HumanRightsBD,Best Volunteering NGOs in Bangladesh for UN Careers!,2025-03-11,https://www.youtube.com/watch?v=69n5E-VS0Rs
#HumanRightsBD,নিজে সন্তান মাকে বাসা থেকে বের করে দিতে চাচ্ছে Human Rights bd,2024-03-11,https://www.youtube.com/watch?v=4kHyfT-zaKA
#HumanRightsBD,A clean water solution for Bangladesh's arsenic poisoning crisis - BBC News,2018-03-13,https://www.youtube.com/watch?v=EqnrwiZbn-E
#HumanRightsBD,ফেসবুক আইডি হ্যাক প্রসঙ্গে যা জানালেন ডাকসু নেত্রী জুমা | Star News,2026-03-09,https://www.youtube.com/watch?v=350QEx7PsN8
#HumanRightsBD,দেশের বাজারে একদিনে স্বর্ণের দাম বাড়ল ৩২৬৫ টাকা | Today gold price | Price hike | Star News,2026-03-10,https://www.youtube.com/watch?v=PtRaf6jLyxg
#HumanRightsBD,ইসলামবিদ্বেষীদের ইউনূসের কঠোর বার্তা | Muhammad Yunus strong statement | Human Rights | Rupali BD,2025-10-12,https://www.youtube.com/watch?v=z_jUHkPQVYs
#HumanRightsBD,"Bangladesh में Hindu युवक की हत्या, खामोश Muhammad Yunus सरकार | Hindu Youth Killed",2026-01-10,https://www.youtube.com/watch?v=rfTasDb5QBI
#HumanRightsBD,বাংলাদেশের মানবাধিকারের নজর দেবে ইউরোপীয় ইউনিয়ন? | EU Bangladesh| Human Rights BD| EU for Bangladesh,2025-03-11,https://www.youtube.com/watch?v=NIzCp2SrPa8
#HumanRightsBD,আটক সেনা কর্মকর্তাদের নিয়ে জাতিসংঘের বার্তা | BD Army | UN human Rights | Jugantor,2025-11-11,https://www.youtube.com/watch?v=RFIMtflhttk
#HumanRightsBD,"জমি নিয়ে ভাইদের অভিযোগ,সমাধানে বাংলাদেশ আইন সহায়তা কেন্দ্র||Human Rights BD||Syed Rayhan",2025-03-11,https://www.youtube.com/watch?v=KFW2ahhS32g
#HumanRightsBD,The Rohingya Refugee Taking on Meta's Bias Algorithm,2023-03-12,https://www.youtube.com/watch?v=R6OeG8P0pIM
#HumanRightsBD,বিচারবহির্ভূত হ'ত্যা'র অভিযোগে বিতর্ক | Punjab Pakistan | Human Rights | Channel 24,2026-02-25,https://www.youtube.com/watch?v=Sh_IXQ_v4oo
#HumanRightsBD,Fulfilling Indigenous Peoples’ and Minority Rights to Culture and Language,2019-03-13,https://www.youtube.com/watch?v=qT-ilSxFtxg
#HumanRightsBD,"March 2019  Augie’s 10th BD, 5 months after breakdown, DCJ never organised one visit w  his Besties",2026-03-07,https://www.youtube.com/watch?v=3SwZN1rTuD0
#HumanRightsBD,MSF Bangladesh head says gender-based violence growing among Rohingyas,2022-03-12,https://www.youtube.com/watch?v=LAAEzr2r99U
#HumanRightsBD,Dean Lewis - Be Alright (Official Video),2019-03-13,https://www.youtube.com/watch?v=I0czvJ_jikg
#HumanRightsBD,Oral Argument in Connecticut Elephant Rights Case (1/8/2020),2020-03-12,https://www.youtube.com/watch?v=Uj3NKldV4ls
#HumanRightsBD,কত কোটি পরিবারকে ফ্যামিলি কার্ড দেওয়ার পরিকল্পনা বিএনপির? | Family Card | Tarique Rahman | Star News,2026-03-10,https://www.youtube.com/watch?v=nYqC1U3UIhU
#HumanRightsBD,Brazil: Double epidemic of COVID-19 and racism,2021-03-12,https://www.youtube.com/watch?v=-hzWLqdWOhg
#HumanRightsBD,Disability Inclusion Matters for All,2020-03-12,https://www.youtube.com/watch?v=VjxFhEbCLmM
#HumanRightsBD,"Bangladesh at the crossroads: Faith, youth and freedom | DW Documentary",2026-02-09,https://www.youtube.com/watch?v=8dZZPuD7aHQ
#HumanRightsBD,"জ্বালানি তেলের খোঁজে দৌড়ঝাঁপ, তেল সংকটে চরম ভোগান্তি সাধারণ জনগণের | Fuel Crisis | Star News",2026-03-10,https://www.youtube.com/watch?v=RdHyVBdUR1Y
#HumanRightsBD,Debate: Artificial Intelligence Brings More Harm than Good,2020-03-12,https://www.youtube.com/watch?v=MZWOF9EcyHg
#HumanRightsBD,"A Sit Down with Gary Cohen, EVP of BD",2021-03-12,https://www.youtube.com/watch?v=J1Mz92p1f3o
#HumanRightsBD,LIVE: Ex-Bangladesh PM Sheikh Hasina Awaits Verdict In Crimes Against Humanity Case | WION,2025-12-11,https://www.youtube.com/watch?v=xPgLzoqLCh8
#HumanRightsBD,Realizing the rights of indigenous peoples,2018-03-13,https://www.youtube.com/watch?v=ZhcmlWp6Nzg
#HumanRightsBD,BREAKING: Hindu Youth Brutally Killed By A Mob In Bangladesh Amid Anti-india Protests | News18,2026-01-10,https://www.youtube.com/watch?v=O68w2Bo1H5U
#HumanRightsBD,যুক্তরাষ্ট্রে মানবাধিকার লঙ্ঘন উঠে এসেছে অ্যামনেস্টির প্রতিবেদনে! | USA | Amnesty Reports,2023-03-12,https://www.youtube.com/watch?v=x2_PY7UL3Z0
#HumanRightsBD,‘Human rights obligations are not an imposition from the outside’,2024-03-11,https://www.youtube.com/watch?v=hIxtJI8k8U8
#HumanRightsBD,২০২২ নির্বাচনি সমাবেশে তুলনামূলকভাবে সহিংসতা কম হয়েছে: পররাষ্ট্র প্রতিমন্ত্রী | UN Human Right,2024-03-11,https://www.youtube.com/watch?v=zdmUVEcUa0w
#HumanRightsBD,হাদি হত্যার আসামিদের দেশে ফিরিয়ে আনা হবে: স্বরাষ্ট্রমন্ত্রীর | Star News,2026-03-09,https://www.youtube.com/watch?v=qE4lsb1j_1U
#HumanRightsBD,"Bangladesh Burns After Hadi Death: Newsrooms Attacked, Hindu Lynched, India Targeted | 4K | N18G",2026-01-10,https://www.youtube.com/watch?v=X2p2XpFpgYs
#HumanRightsBD,Blood Types Explained | Blood Groups (ABO) and Rh Factor Nursing Transfusions Compatibility,2019-03-13,https://www.youtube.com/watch?v=0aQ21iwx9cA
#HumanRightsBD,Frederick Douglass || Human Rights || Unit 5 Lesson 5 || HSC English 1st Paper,2025-03-11,https://www.youtube.com/watch?v=i1NHLJASoAU
#HumanRightsBD,বাংলাদেশের মানবাধিকার নিয়ে যুক্তরাষ্ট্রের অবস্থান কী | Human Rights Watch | UN | USA | ATN News,2024-03-11,https://www.youtube.com/watch?v=vbwhJ-zjgHw
#HumanRightsBD,"প্রবাসী ভাইয়ের ন্যায্য অধিকার আদায়ে,বাংলাদেশ আইন সহায়তা কেন্দ্র|Human Rights BD|Syed Rayhan|",2024-03-11,https://www.youtube.com/watch?v=Urzybmi5ogQ
#HumanRightsBD,মানবাধিকার লঙ্ঘনে বাংলাদেশ  শীর্ষে: বিএনপি | Human Rights | BNP | BD Politics | ATN News,2024-03-11,https://www.youtube.com/watch?v=NJRsRh6DVYM
#HumanRightsBD,Unit 5: Human Rights & Unit 6: Dreams Marathon class🏃🏻| HSC '26 English 1st Paper | Study Stream BD,2026-03-11,https://www.youtube.com/watch?v=HK0kKfT4oF0
#HumanRightsBD,🇧🇩Bangaladesh : Accountability for Disappearances | Maumachi BD | United Nations Human Rights ,2025-11-11,https://www.youtube.com/watch?v=UQ3clMEG92Y
#HumanRightsBD,Hasina said: US protecting war criminals,2023-03-12,https://www.youtube.com/watch?v=yuC3ZqU_ZY4
#HumanRightsBD,দেশের শীর্ষ সংবাদপত্রগুলোর গুরুত্বপূর্ণ খবর | Bangladesh Newspaper | Star News,2026-03-10,https://www.youtube.com/watch?v=adEzJWmtm8c
#HumanRightsBD,Bangladesh: Seeking justice,2012-03-14,https://www.youtube.com/watch?v=9nW7FwtDDFU
#HumanRightsBD,পাচার হওয়া অর্থ ফেরাতে আন্তর্জাতিক আদালতে হচ্ছে মামলা | International Court | Justice | Star News,2026-03-10,https://www.youtube.com/watch?v=XZlZVlmZCFA
#HumanRightsBD,আগ্রাসনের কাছে কোনোভাবেই মাথা নত করবে না ইরান | Star News International,2026-03-09,https://www.youtube.com/watch?v=2CrKYzJnj5Q
#HumanRightsBD,"নারীর নিরাপত্তা রক্ষার্থে,বাংলাদেশ আইন সহায়তা কেন্দ্র|Human Rights BD|Syed Rayhan",2024-03-11,https://www.youtube.com/watch?v=5jeqgdazBJE
#HumanRightsBD,দেশে জ্বালানি সংকট নেই ও দাম বাড়ানোর পরিকল্পনা নেই | Star News,2026-03-10,https://www.youtube.com/watch?v=Hj2JCilyUqU
#HumanRightsBD,হিউম্যান রাইটস ওয়াচের বিবেচনায় নেই জ্বালাও পোড়াও | Human Rights Watch | BD News | BD Election,2024-03-11,https://www.youtube.com/watch?v=CC6RhdwNFdc
#HumanRightsBD,Can safety be assured in Bangladesh's garment industry? | Inside Story,2022-03-12,https://www.youtube.com/watch?v=PlRHvnFRCOc
#HumanRightsBD,যু/দ্ধে হু’থিদের নীরবতা ইরানের সুকৌশলী তুরুপের তাস | Star News  International,2026-03-09,https://www.youtube.com/watch?v=266t5qFzpMM
#HumanRightsBD,বাংলাদেশের মানবাধিকার পরিস্থিতি নিয়ে কড়া সমালোচনা যুক্তরাষ্ট্রের | USA || BD Human Rights |,2025-03-11,https://www.youtube.com/watch?v=V6593yDc2wY
#HumanRightsBD,Irene Zubaida Khan A British Bangladeshi Human Rights Activist,2020-03-12,https://www.youtube.com/watch?v=P2BkpcdxMGs
#HumanRightsBD,বাংলাদেশের মানবাধিকার পরিস্থিতি নিয়ে জাতিসংঘে ৬ সংস্থার যৌথ বিবৃতি | UN | Human Rights | ATN News,2024-03-11,https://www.youtube.com/watch?v=TvN_QvdcOVM
#HumanRightsBD,বাংলাদেশিদের ভবিষ্যৎ ঝুঁ*কিতে: জাতিসংঘ | UN | Human Rights | BD Election | BD Peoples | Shersha News,2024-03-11,https://www.youtube.com/watch?v=YZXJweLu85A
#HumanRightsBD,Bangladesh arrests 15 serving Army Officers – Regime’s Dark Truth EXPOSED,2025-11-11,https://www.youtube.com/watch?v=0nmPKFg98Nk
#HumanRightsBD,Bangladesh hosts global conference on Rohingya repatriation and refugee crisis,2025-09-12,https://www.youtube.com/watch?v=To7HyoTkF5c
#HumanRightsBD,Inside the Life of an 8-Year-Old Child Laborer in Bangladesh | DreamersEye,2026-01-10,https://www.youtube.com/watch?v=c6JOLoZf0dM
#HumanRightsBD,Reports on Mass killing and Human rights violation in Bangladesh,2015-03-14,https://www.youtube.com/watch?v=ffmN__gYO50
#HumanRightsBD,Culture of Impunity: The rise of Bangladeshi religious extremism,2014-03-14,https://www.youtube.com/watch?v=lQ1vg1lMBug
#HumanRightsBD,Anger in Bangladesh: Violent protests after the death of a student leader,2026-01-10,https://www.youtube.com/watch?v=XyY6EiSQ0vk
#HumanRightsBD,Hindu Woman Raped in Bangladesh | Who Are The Accused In The Horrific Gang Rape Case In  Bangladesh?,2026-01-10,https://www.youtube.com/watch?v=TKUMB5MpiP0
#HumanRightsBD,আন্তর্জাতিক গুম প্রতিরোধ দিবসে স্বজনদের আকুতি! | BD Latest News | Human Rights | Somoy TV,2023-03-12,https://www.youtube.com/watch?v=zVLa_aCAH9E
#HumanRightsBD,Shoulder Anatomy Animated Tutorial,2013-03-14,https://www.youtube.com/watch?v=D3GVKjeY1FM
#HumanRightsBD,Frederick Douglass Class 11 |HSC|Question answer|word meaning|Unit 5 lesson 5| Human rights |English,2025-12-11,https://www.youtube.com/watch?v=4Da36lYvpqk
#HumanRightsBD,Bangladesh Riots | New Link To Osman Hadi's Killer Has Emerged Which Goes Back To Jamaat | News18,2026-01-10,https://www.youtube.com/watch?v=G1O4jN6ALHU
#HumanRightsBD,রাষ্ট্রের মালিক জনগণ | AR Jahangir | Humanrights | Election | Cumilla | Chouddagram | politics | bd,2024-03-11,https://www.youtube.com/watch?v=H_MhqaUCgg8
#HumanRightsBD,জাতিসংঘ মানবাধিকার পরিষদের সদস্যপদ পেল বাংলাদেশ | UN Human Rights Council | BD Membership | Somoy TV,2023-03-12,https://www.youtube.com/watch?v=JzMub2kETeE
#HumanRightsBD,Protests Continue As Security Clampdown Intensifies In B'desh; Hindu Youth Brutally Killed | News18,2026-01-10,https://www.youtube.com/watch?v=_byEXIJ56-I
#HumanRightsBD,মধ্যপ্রাচ্য থেকে ফিরতে শুরু করেছেন আটকে পড়া প্রবাসীরা | Star News,2026-03-08,https://www.youtube.com/watch?v=wzGzu9KFPyM
#HumanRightsBD,নির্বাচন নিয়ে যা বলল হিউম্যান রাইটস ওয়াচ | Human Rights Watch | BD Election 2024 | Bhorer Kagoj,2024-03-11,https://www.youtube.com/watch?v=9u1mQj--wsw
#HumanRightsBD,"March 2019: Augie’s 10th BD, 5 months after breakdown, DCJ never organised one visit w/ his Besties ",2026-02-28,https://www.youtube.com/watch?v=8VYwEjLxzCE
#HumanRightsBD,HOW TO WIN MUN BEST DELEGATE (short and sweet),2023-03-12,https://www.youtube.com/watch?v=HBqbWntTOOU
#HumanRightsBD,খাঁটি দুধের নামে জেলি ও তেল! ৬ জনের জেল-জরিমানা | Star News,2026-03-10,https://www.youtube.com/watch?v=G1UKsUs5uis
#HumanRightsBD,"Bangladesh Protests Turn Violent; Hindu Youth Lynched, Body Set Ablaze | Breaking News",2026-01-10,https://www.youtube.com/watch?v=f0-2ySZTt3s
#HumanRightsBD,ব্যাংকিং খাতে আন্তর্জাতিক মান নিশ্চিত করতে নতুন নীতিমালা জারি বাংলাদেশ ব্যাংকের | Bangladesh Bank,2026-03-09,https://www.youtube.com/watch?v=q3DTNOcogTA
#HumanRightsBD,Where Children Must Work - Tropic Of Cancer - Episode 5 Preview - BBC,2011-03-15,https://www.youtube.com/watch?v=dJiOSuG9gZ4
#HumanRightsBD,Bangladesh's seven RAB officials sanctioned by US | Sanctions over extrajudicial killings | News,2022-03-12,https://www.youtube.com/watch?v=Flg-BpT-Sic
#HumanRightsBD,End of Ayatollah Khamenei! Iran USA Israel war is getting intense! #bangladesh #iranisraelwar #usa,2026-03-06,https://www.youtube.com/watch?v=pBND5nVaziQ
#HumanRightsBD,আজকের খুলনা🇧🇩💔#bd #humanrights #savebangladeshstudents #aljazeera,2025-03-11,https://www.youtube.com/watch?v=RFtLE1UogvE
#HumanRightsBD,"'আমাদের ট্যালেন্ট আছে, ফেব্রিকেশন সুবিধা নেই' | Global BD | Semiconductor Industry | Star News",2026-03-08,https://www.youtube.com/watch?v=clMg6JhRYNQ
#HumanRightsBD,Rohingya in Bangladesh: Inside Leda Camp,2017-03-13,https://www.youtube.com/watch?v=St0bZ7QW1dU
#HumanRightsBD,দেশের শীর্ষ সংবাদপত্রগুলোর গুরুত্বপূর্ণ খবর | Bangladesh Newspaper | Star News,2026-03-09,https://www.youtube.com/watch?v=o_pNBqzKcuM
#HumanRightsBD,স্ত্রী ও সন্তানের অধিকার ফিরিয়ে পেতে || Human Rights bd,2024-03-11,https://www.youtube.com/watch?v=ymZdf-vmQCQ
#HumanRightsBD,সমঝোতার নামে চাঁদাবাজদের স্বীকৃতি দেওয়ার চেষ্টা চলছে: নাসীরুদ্দীন পাটওয়ারী | NCP | Star news,2026-03-09,https://www.youtube.com/watch?v=tvg-xe0Veag
#HumanRightsBD,HSC English First Paper | Unit 5 Lesson 1|Human Rights || Are We Aware of these Rights-1,2026-01-10,https://www.youtube.com/watch?v=X-PFCICLeNA
#HumanRightsBD,Is Bangladesh Still Safe for Hindus? | All Eyes on Bangladesh Hindus | Dipu Chandra Das,2026-01-10,https://www.youtube.com/watch?v=ccT2AewSpoY
#HumanRightsBD,হু*ম*কির মুখে বাংলাদেশের মানুষের মৌলিক স্বাধীনতা | Human Rights Watch | interim Govt | ATN News,2025-06-14,https://www.youtube.com/watch?v=eL6ISXU8kr4
#HumanRightsBD,The Geneva Convention,2025-03-11,https://www.youtube.com/watch?v=dJO87xUTN8k
#HumanRightsBD,বাংলাদেশে মানবাধিকার পরিস্থিতির অবনতি নিয়ে জাতিসংঘের উদ্বেগ | UN | BD Police | Human Rights News,2024-03-11,https://www.youtube.com/watch?v=bry8kWbfs1g
#HumanRightsBD,যৌ-নকর্মীদের নিয়ে যা বললেন মানবাধিকার কর্মী | Human Rights | Protidiner Bangladesh,2025-03-11,https://www.youtube.com/watch?v=8q-12UJpG08
#HumanRightsBD,১১ বছর আগে এই দিনে উত্তরা থেকে নিখোঁজ হন সালাহউদ্দিন আহমদ | Bd Politics | BNP | Star News,2026-03-10,https://www.youtube.com/watch?v=DVnZRcGjc2I
#HumanRightsBD,Human Rights bd,2023-03-12,https://www.youtube.com/watch?v=D41e1CObFTk
#HumanRightsBD,আমেরিকাকে মানবাধিকার শেখাবে বাংলাদেশ | USA | Mohammed Shahabuddin | President | Human Rights,2024-03-11,https://www.youtube.com/watch?v=3TVc28Ws2bY
#HumanRightsBD,Impossibly Cheap: Abuse and Injustice in Bangladesh's Shrimp Industry,2015-03-14,https://www.youtube.com/watch?v=ylFJDvHYnt8
#HumanRightsBD,What the UN said on the issue of the trial of detained army officers | BD Army | UN human Rights ...,2025-11-11,https://www.youtube.com/watch?v=EcIPZtViBXw
#HumanRightsBD,Bangladesh gender violence: 632 rape cases reported in 4 months,2021-03-12,https://www.youtube.com/watch?v=8CB3etjPKdI
#HumanRightsBD,How volatile is the political situation in Bangladesh? | Inside Story,2026-01-10,https://www.youtube.com/watch?v=6J9MoIWlVxk
#HumanRightsBD,POLITICAL THEORY - John Locke,2017-03-13,https://www.youtube.com/watch?v=bZiWZJgJT7I
#HumanRightsBD,India First Debate: Hindus Unsafe In Bangladesh Under Md Yunus Govt? | Hindu Killings In Bangladesh,2026-01-10,https://www.youtube.com/watch?v=1qTIMqXEOXY
#HumanRightsBD,বাংলাদেশকে জবাবদিহিতার কাঠগড়ায় দাঁড় করাতে চায় অ্যামনেস্টি | Amnesty | Human Rights BD | UN |,2024-03-11,https://www.youtube.com/watch?v=8HX_TpYJitY
#HumanRightsBD,Limon and RAB Human Rights of Bangladesh,2012-03-14,https://www.youtube.com/watch?v=qLd2uaGqTTQ
#HumanRightsBD,Human trafficking in Bangladesh: Smugglers target Rohingya refugees fleeing camps,2025-10-12,https://www.youtube.com/watch?v=B_39ydlk1sg
#HumanRightsBD,"Hindu Minorities in Bangladesh Face Crisis, Says Canadian MP Melissa Lantsman",2026-01-10,https://www.youtube.com/watch?v=tIhVdLpNSBc
#HumanRightsBD,"Thrown from the Second Floor, Now I’m Exposing the Secret Slaves of the Middle East",2025-03-11,https://www.youtube.com/watch?v=Y70TQ0y2TQM
#HumanRightsBD,অন্যায়ের বিরুদ্ধে প্রতিবাদ বাংলাদেশ আইন সহায়তা কেন্দ্র ||  কাঁঠালিয়া থানা || Human Rights bd,2024-03-11,https://www.youtube.com/watch?v=ZVH46ZPaYjQ
#HumanRightsBD,কর্মক্ষেত্রে ইসলামের সৌন্দর্য | Beauty of Islam | Ep-19 | Star News,2026-03-09,https://www.youtube.com/watch?v=fDpz53KM260
#HumanRightsBD,Another Hindu Attacked In Bangladesh; Khokon Chandra Das Critical After Mob Assault | Watch,2026-01-10,https://www.youtube.com/watch?v=xseP7lqXZvY
#HumanRightsBD,Bangladesh prepares to vote as Awami League ban puts democracy on trial,2026-02-09,https://www.youtube.com/watch?v=00q2NTPyUYM
#HumanRightsBD,National Human Rights Commission composition and functions in bengali | জাতীয় মানবাধিকার কমিশন |,2023-03-12,https://www.youtube.com/watch?v=0Yx1RVCN0GU
#HumanRightsBD,What Is The Death Penalty In Bangladesh? - Jail & Prison Insider,2025-07-14,https://www.youtube.com/watch?v=BRWKPTUGxKE
#HumanRightsBD,বাবার বিরুদ্ধে ছেলের অভিযোগ জমি সংক্রান্ত বিষয় || Human Rights bd,2025-03-11,https://www.youtube.com/watch?v=q5w2LkYnMzU
#HumanRightsBD,Bangladesh Crisis: Shivani Sharma Reports On Lynching Of Hindu Man Deepu Chandra Das In Mymensingh,2026-01-10,https://www.youtube.com/watch?v=W6Ct0pz7wu8
#HumanRightsBD,"Bangladesh News | Another Hindu Man Killed In Bangladesh, Was Thrashed, Poisoned",2026-01-10,https://www.youtube.com/watch?v=XX0nbFivV30
#HumanRightsBD,Investigation Human rights bd || জমি জোরপূর্বক দখল করে রাখছেন দীর্ঘদিন | সৈয়দ সফুরা খানম ভুক্তভোগী,2025-03-11,https://www.youtube.com/watch?v=NkoUG57Nv7A
#HumanRightsBD,বাংলাদেশ নিয়ে জাতিসংঘ মানবাধিকার কমিশনের বিবৃতি | UN Human Rights | Bangladesh | Kalbela,2024-03-11,https://www.youtube.com/watch?v=xq6qXMe7WTY
#HumanRightsBD,"🇧🇩 Bangladesh - Chief Adviser Addresses United Nations General Debate, 80th Session | #UNGA",2025-10-12,https://www.youtube.com/watch?v=0i2XHGB4Wcw
#HumanRightsBD,"Bangladesh News :প্রাণে বাঁচার কাতর আর্জি, দীপুর শেষ ভিডিও ভাইরাল|Dipu Chandra Das Last Viral Video",2026-01-10,https://www.youtube.com/watch?v=EPBXfmRyO_Q
#HumanRightsBD,এই বোনদেরকে || অত্যন্ত পরিশ্রম করেছেন এতিম তিন মেয়েদের অধিকার ফিরিয়ে দিতে ।  Human Rights bd,2024-03-11,https://www.youtube.com/watch?v=3YhASw4FXtg
#HumanRightsBD,বিয়ের প্রলবন দেখিয়ে শারীরিক সম্পর্ক|অবশেষে বিয়ে করিয়ে দিলেন|Human Rights BD|Syed Rayhan,2024-03-11,https://www.youtube.com/watch?v=VnVkXbadAqM
#HumanRightsBD,মধ্যপ্রাচ্যে যু/দ্ধ: কোন দেশ কার পক্ষে? | কড়া আলাপ | Kora Alap | Talk Show | Star News,2026-03-04,https://www.youtube.com/watch?v=7yvdnJiL02I
#HumanRightsBD,Bangladesh Crisis: 5th Hindu Killed; India Today Reports On Lawlessness Ahead Of Feb Elections,2026-01-10,https://www.youtube.com/watch?v=e8EKHKrSNQM
#HumanRightsBD,"Who,s Rohingya people human rights world?",2017-03-13,https://www.youtube.com/watch?v=UuHcS7R-Wwc
#HumanRightsBD,স্বামীর প্রতি ভুক্তভোগী নারীর অভিযোগ || Human Rights bd,2024-03-11,https://www.youtube.com/watch?v=XvekueHuMuM
#HumanRightsBD,Bangladesh investigates hundreds who disappeared | BBC News,2025-03-11,https://www.youtube.com/watch?v=a1dtiYJUwpg
#HumanRightsBD,প্রভাবশালী মহলের ছত্রচ্ছায়ায় বিলীন হচ্ছে বান্দরবানের পাহাড় | Bandarban | Hill Cutting | Star News,2026-03-10,https://www.youtube.com/watch?v=IyOt6VNtElM
#HumanRightsBD,হা’মলার মধ্যেই নতুন নেতা মোজতাবা খামেনিকে বরণে ইরানে লাখো মানুষের মিছিল | Star News,2026-03-10,https://www.youtube.com/watch?v=T0zLLAlIhqE
#HumanRightsBD,"স্বামীর সম্পদ থেকে বঞ্চিত স্ত্রী, বাংলাদেশ আইন সহায়তা কেন্দ্র|Human rights BD|Syed Rayhan",2024-03-11,https://www.youtube.com/watch?v=alpyuShsXyA
#HumanRightsBD,Right atrium anatomy | External and internal features of right atrium,2022-03-12,https://www.youtube.com/watch?v=YbZYJmsnaew
#HumanRightsBD,Bangladesh Hindu Man Lynched: Taslima Nasreen Reveals Full Horror| Why Mob Killed Dipu Chandra Das,2026-01-10,https://www.youtube.com/watch?v=7zFm6MQFM7M
#HumanRightsBD,"Bangladesh On Edge: Bombs, Violence As Hasina Verdict Nears| Dhaka Turns Fortress, Yunus Exposed",2025-12-11,https://www.youtube.com/watch?v=9WCWSgcG2Kc
#HumanRightsBD,"জমি নিয়ে দন্দ্ব-বিরোধ,সমাধানে বাংলাদেশ আইন সহায়তা কেন্দ্র|Human Rights BD|Syed Rayhan",2025-03-11,https://www.youtube.com/watch?v=O2rrixdfeCA
#HumanRightsBD,Seven Sister's ভাঙার কারিগর পরেশ ! | Ulfa |Paresh Baruha |Muhammad Yunus | India Bangladesh Tension,2026-01-10,https://www.youtube.com/watch?v=yXPzdf_fDdg
#HumanRightsBD,Source: Majrangga TV . #savehindutemples #savebangladeshhindus #unfrezzmyaccount #bd #humanrights,2025-03-11,https://www.youtube.com/watch?v=pOuW2w_5zY4
#HumanRightsBD,বাংলাদেশের নিরাপত্তা বাহিনী মানবাধিকার লঙ্ঘন করেছে: যুক্তরাষ্ট্র | Human Rights | USA | BD News,2024-03-11,https://www.youtube.com/watch?v=lmDUbi_tOSg
#HumanRightsBD,Pt.8 - The Stunning Silence Of Modi Govt. As Hindus Come Under Fire in Bangladesh | Akash Banerjee,2026-01-10,https://www.youtube.com/watch?v=emUaV1B2wyw
#HumanRightsBD,WCF HUMANRIGHTS OF BD is live,2025-03-11,https://www.youtube.com/watch?v=XVq-iDeHtec
#HumanRightsBD,"Bangladesh election: Who is Tarique Rahman, the country's next Prime Minister? | ITV News",2026-02-18,https://www.youtube.com/watch?v=ra-hvSu2hDc
#HumanRightsBD,Bangladesh Unrest BREAKING: Putin’s SHOCKING First Reaction to Dipu Das’ BRUTAL Killing; Warns Dhaka,2026-01-10,https://www.youtube.com/watch?v=XMnp2evxjGY
#HumanRightsBD,ইরান-ইসরায়েল দফায় দফায় হামলা ও মধ্যপ্রাচ্য যুদ্ধের সর্বশেষ | Iran | Israel | Star News,2026-03-11,https://www.youtube.com/watch?v=ad1YSXF9j_M
#HumanRightsBD,তেহরানে উল্লাস: ইরানের সর্বোচ্চ নেতা হলেন মোজতাবা খামেনি | Star News,2026-03-10,https://www.youtube.com/watch?v=Zg8zUPrLauA
#HumanRightsBD,বাংলাদেশে মানবাধিকার লঙ্ঘন: আজ জেনেভায় জাতিসংঘের প্রতিবেদন উপস্থাপন | BD Human Rights Violations,2025-03-11,https://www.youtube.com/watch?v=4RRY5WzZmlU
#HumanRightsBD,'এখনো নিশ্চিত না ভারত ওই শুট্যারকে ফেরত দেবে কিনা' | Osman Hadi | Star news,2026-03-09,https://www.youtube.com/watch?v=kE7JPVVPEHs
#HumanRightsBD,বাংলাদেশের মানবাধিকার নিয়ে এবার ফ্রান্স-জার্মানির বিবৃতি | BD Human Rights | France-Germany,2024-03-11,https://www.youtube.com/watch?v=dUS4_Z0su1I
#HumanRightsBD,"হাসিনার ফাঁ'সি নিয়ে জাতিসংঘ, অ্যামেনেস্টি ইন্টারন্যাশনাল যে বিবৃতি দিল | Amnesty International",2025-12-11,https://www.youtube.com/watch?v=uk28YhDErNQ
#HumanRightsBD,Anti-India Sentiment Is New Recipe for Political Power in Bangladesh,2026-01-10,https://www.youtube.com/watch?v=DIhLWv-ndBY
#HumanRightsBD,যুদ্ধ কবে শেষ হবে তা ঠিক করবে তেহরান | Tehran | Iran | Star News,2026-03-10,https://www.youtube.com/watch?v=aVtx_KbGgxE
#HumanRightsBD,BREAKING: Another Hindu Man Killed By Shotgun In Bangladesh,2026-01-10,https://www.youtube.com/watch?v=c-nq2qd2cGg
#HumanRightsBD,এই বোনদেরকে | আপনারা অনেকেই জানতে চেয়েছেন এই বোনদের পরবর্তী  ||  Human Rights bd || Manush O Jibon,2024-03-11,https://www.youtube.com/watch?v=sNbKQPDFdPY
#HumanRightsBD,Myanmar Bangladesh zero point border Rohingya speak with 7 country-Ambassadors & Myanmar officials,2018-03-13,https://www.youtube.com/watch?v=oxNixsBcvsY
#HumanRightsBD,"ভূমি দালালদের কঠিন হুশিয়ারি,বাংলাদেশ আইন সহায়তা কেন্দ্র|Human Rights BD|Syed Rayhan",2024-03-11,https://www.youtube.com/watch?v=J9WzRtfi3Wc
#HumanRightsBD,Maheen Sultan - Women relating to the sex workers rights movement in Bangladesh,2010-03-15,https://www.youtube.com/watch?v=VIZ2atddUto
#HumanRightsBD,আন্তর্জাতিক অপরাধ ট্রাইব্যুনালে শেখ হাসিনা ও কামালের বিচার শুরু | Human Rights | Hasina | UNB,2025-08-13,https://www.youtube.com/watch?v=D_D5PEwIsGI
#HumanRightsBD,খাল কেটে কুমির নিয়ে আসা। UN human rights office in BD,2025-08-13,https://www.youtube.com/watch?v=6pqV_Pcf7aY
#HumanRightsBD,মৌলিক অধিকার ||  Fundamental Rights in Bangladesh Constitution | বাংলাদেশ সংবিধানে মৌলিক অধিকার,2021-03-12,https://www.youtube.com/watch?v=_Zb-n5q-yIo
#HumanRightsBD,বাংলাদেশ পুলিশের সহযোগিতায় স্বামী-স্ত্রীর সমস্যা সমাধান হলো | Human Rights bd | আইন সহায়তা কেন্দ্র,2024-03-11,https://www.youtube.com/watch?v=eeolBiFZ4ts
#HumanRightsBD,Maheen Sultan - Women relating to the sex workers rights movement in Bangladesh - part 2,2010-03-15,https://www.youtube.com/watch?v=9XZzjC7I4pk
#HumanRightsBD,Human Rights || Are We Aware of these Rights-1|| Unit 5: Lesson 1|| HSC English 1st || বাংলা অর্থসহ,2025-04-15,https://www.youtube.com/watch?v=O9hyAHBb_CM
#HumanRightsBD,ঢাকায় জাতিসংঘ অফিস স্থাপনের প্রতিবাদে মানববন্ধন | UN Human Rights Office | Channel 24,2025-07-14,https://www.youtube.com/watch?v=JmNwMNBdsnk
#HumanRightsBD,Look at Me with Baby DB | D Billions Kids Songs,2025-08-13,https://www.youtube.com/watch?v=VsJTWAXLHfU
#HumanRightsBD,"LIVE: India Rises Against Hindu Hate in Bangladesh | Protests, Outrage & Diplomatic Pressure",2026-01-10,https://www.youtube.com/watch?v=47JlNjeIRIg
#HumanRightsBD,জঙ্গল সলিমপুর অভিযানে বেশ কিছু অস্ত্র উদ্ধার ও আটক | Star News,2026-03-09,https://www.youtube.com/watch?v=ITjpH7utpPo
#HumanRightsBD,জাতীয় মানবাধিকার কমিশন নিয়োগ বিজ্ঞপ্তি২০২২। National Human Rights Commission Job। bd job news tv,2023-03-12,https://www.youtube.com/watch?v=ViM_MLRKhPw
#HumanRightsBD,মব ভায়োলেন্সের দিন শেষ। Mob violence।salahuddin Ahmod। Home minister। BD politics news s।,2026-02-25,https://www.youtube.com/watch?v=p9Fd_tX-Pbg
#HumanRightsBD,Hindu Killed In Bangladesh | Another Hindu Man Beaten To Death In Bangladesh: Local Reports,2026-01-10,https://www.youtube.com/watch?v=3LpV2xLZVSU
#HumanRightsBD,এবার গাজার উদ্দেশ্যে ১৫০০ জন মানবাধিকার কর্মীর গাড়িবহর | Human rights activist | March for Gaza,2025-07-14,https://www.youtube.com/watch?v=70dwYI1eTqY
#HumanRightsBD,RSF pledges to take action against fighters guilty of war crimes in Sudan,2025-11-11,https://www.youtube.com/watch?v=XyvcOQjXpYA
#HumanRightsBD,Bangladesh Lynching Case: RAB Finds No Blasphemy Evidence in Dipu Chandra Das Killing,2026-01-10,https://www.youtube.com/watch?v=_ky5BbXnh64
#HumanRightsBD,অভিযুক্ত ১৫ কর্মকর্তাকে সেনাবাহিনীর হেফাজতে নেয়া হয়েছে: সেনা সদর | Human Rights Crime | ITV,2025-10-12,https://www.youtube.com/watch?v=jCCVLjJBHII
#HumanRightsBD,Why Was Hindu Man Lynched In Bangladesh Violence | Xplained By NewsX,2026-01-10,https://www.youtube.com/watch?v=yB6eoeu4cnw
#HumanRightsBD,মানবাধিকার দিবসে বিএনপির কর্মীর হু’শি’য়ারি  | Human Rights Day | BNP | BD Election2024,2024-03-11,https://www.youtube.com/watch?v=rT7doVwK4K0
#HumanRightsBD,বাংলাদেশির সঙ্গে সৌদি মালিকের এ কেমন আচরণ! | Saudi Arabia | BD Worker | Human Rights Watch,2025-06-14,https://www.youtube.com/watch?v=mKJo9afO4lk
#HumanRightsBD,Steve Lacy - Bad Habit (Official Video),2023-03-12,https://www.youtube.com/watch?v=VF-FGf_ZZiI
#HumanRightsBD,একীভূত ৫ ব্যাংকের আমানতকারীদের বাংলাদেশ ব্যাংকের সামনে বিক্ষোভ | Bangladesh Bank | Depositor,2026-03-05,https://www.youtube.com/watch?v=NsVqC5iX_iY
#HumanRightsBD,"পটুয়াখালীতে বিরল প্রজাতির 'ব্রাউন বুবক' পাখি উদ্ধার, সুস্থ হলেই অবমুক্ত করার প্রস্তুতি | Star News",2026-03-10,https://www.youtube.com/watch?v=sYrjq7i-S0s
#HumanRightsBD,Polls close in Bangladesh in crucial first election since deadly 2024 uprising,2026-02-18,https://www.youtube.com/watch?v=mpb2wwgqC7o
#HumanRightsBD,Bangladesh  Shocker: Another Man Hindu Man Lynched Days After Dipu Chandra Das Killing,2026-01-10,https://www.youtube.com/watch?v=VyRJ9OSUvsU
#HumanRightsBD,মধ্যপ্রাচ্য যুদ্ধের প্রভাবে দেশে জ্বালানি তেলের তীব্র সংকট! | Oil | Fuel | Crisis | Star News,2026-03-09,https://www.youtube.com/watch?v=DESkTvsxWes
#HumanRightsBD,‘কমিশনের ধারাবাহিকতা থাকলে মানবাধিকার পরিস্থিতি উন্নতি করা সম্ভব’ | Human Rights | Jamuna TV,2026-03-09,https://www.youtube.com/watch?v=SiG3LGPD25Q
#HumanRightsBD,জ্বালানি সংকটে দেশজুড়ে পাম্পে যানবাহনের দীর্ঘ সারি ও হাহাকার | Star News,2026-03-08,https://www.youtube.com/watch?v=HcwjpDIQJLs
#HumanRightsBD,🇧🇩 Victims Behind the Walls | Documentary on Secret Prisons in Bangladesh,2025-03-11,https://www.youtube.com/watch?v=ethVHXmhjeM
#HumanRightsBD,"Bangladesh election at a crossroads as BNP returns, Awami League ban tests democracy",2026-02-09,https://www.youtube.com/watch?v=pgrqdVPydBk
#HumanRightsBD,Bangladesh tribunal sentences fugitive ex-PM Sheikh Hasina to death,2025-12-11,https://www.youtube.com/watch?v=3chAKMcC61k
#HumanRightsBD,নি/হ/ত আহমেদ আলীর ম/র/দে/হ সিলেট বিমানবন্দরে পৌঁছাচ্ছে আজ | Sylhet Osmani Airport | Star News,2026-03-09,https://www.youtube.com/watch?v=Tm4kOxMUF-0
#HumanRightsBD,প্রবাসীর স্ত্রীর অবশেষে কি হলো? (পর্ব-২) টাকা আদায়|||Human Rights BD|Syed Rayhan,2024-03-11,https://www.youtube.com/watch?v=DkJYTF-1K04
#HumanRightsBD,বাংলাদেশের নির্বাচন নিয়ে হিউম্যান রাইটসের ভয়াবহ বার্তা? | Human Rights Watch | BD Election 2024,2024-03-11,https://www.youtube.com/watch?v=ZOUBgzBa26g
#HumanRightsBD,Elite Bangladeshi force accused of killings - 27 Dec 08,2009-03-15,https://www.youtube.com/watch?v=HaNOV-lIGSg
#HumanRightsBD,Why Minorities Are Under Threat in Bangladesh | Violence After Osman Hadi’s Killing | Jist,2026-01-10,https://www.youtube.com/watch?v=jAuQfIz8veM
#HumanRightsBD,Osman Hadi Funeral: Bangladesh–India Relations At Lowest | Pakistan Wants Clarity On Gaza: Rubio,2026-01-10,https://www.youtube.com/watch?v=NtOCRE59N4c
#HumanRightsBD,সচিবালয়ে প্রধানমন্ত্রীর ব্যস্ত কর্মসূচি ও গুরুত্বপূর্ণ বৈঠক | Star News,2026-03-09,https://www.youtube.com/watch?v=twyJQDYlQNs
#HumanRightsBD,Desperate Rohingya refugees risk deadly sea journeys as aid cuts deepen crisis,2026-01-10,https://www.youtube.com/watch?v=dpi5KdOjKsU
#HumanRightsBD,বাংলাদেশ নিয়ে এইচআরডব্লিউর নিবন্ধ | Human Rights Watch Article | BD National Election,2024-03-11,https://www.youtube.com/watch?v=ZLVvIcwJ-Ok
#HumanRightsBD,Fighting For Bangladeshi LGBTQ Rights,2019-03-13,https://www.youtube.com/watch?v=wa1rKGRGwbE
#HumanRightsBD,Bangladesh's Hindu minority in fear as attacks rise and national election nears,2026-02-09,https://www.youtube.com/watch?v=jl1wtkTbAL8
#HumanRightsBD,🇧🇩 Bangladesh criticised for student and media crackdown | Al Jazeera English,2019-03-13,https://www.youtube.com/watch?v=D4eciI5j8hU
#HumanRightsBD,এতিম তিন মেয়েদের অধিকার ফিরিয়ে দিতে । Human Rights bd,2024-03-11,https://www.youtube.com/watch?v=KfFnS99UATw
#HumanRightsBD,স্বামীর বাড়ি থাকা হলো না সুমাইয়ার|Human Rights BD|Syed Rayhan,2024-03-11,https://www.youtube.com/watch?v=JO70eGTZ3lc
#HumanRightsBD,মানবাধিকার অফিসের সামনে মানবাধিকারের বিপক্ষে স্লোগান  | BD Human rights | BD politics |BD Elections,2024-03-11,https://www.youtube.com/watch?v=xgKePZ8Ix5Q
#HumanRightsBD,জাতিসংঘ বিশেষজ্ঞদের মন্তব্যের কড়া প্রতিবাদ বাংলাদেশের | UN Human Rights | BD Foreign Ministry,2024-03-11,https://www.youtube.com/watch?v=MlPuMzfhENk
#HumanRightsBD,LIVE: মানবতাবিরোধী অপরাধের মামলায় শেখ হাসিনার মৃত্যুদণ্ডের রায় | Sheikh Hasina | Humanity Verdict,2025-12-11,https://www.youtube.com/watch?v=St8d1hgls6E
#HumanRightsBD,মোজতবা খামেনি ইরানের নতুন সুপ্রিম লিডার নির্বাচিত | Star News,2026-03-09,https://www.youtube.com/watch?v=PM95jbCdZrM
#HumanRightsBD,VHP’s Demand for ‘Surgical Strike’ On Bangladesh Over Young Hindu Lynched In Bangladesh| India TodaY,2026-01-10,https://www.youtube.com/watch?v=dEPtfJh6JaA
#HumanRightsBD,Bangladesh Violence | 7 Arrested Over Hindu Man's Lynching In Bangladesh,2026-01-10,https://www.youtube.com/watch?v=plA2BwNGrkE
#HumanRightsBD,Myanmar / Bangladesh - Myanmar govt dismisses claims of abuse by troops in Rakhine state / Banglades,2018-03-13,https://www.youtube.com/watch?v=I86ntPW_P18
#HumanRightsBD,তেজগাঁওয়ের ফিলিং স্টেশনে তেল বিক্রির সর্বশেষ পরিস্থিতি ও গ্রাহক ভোগান্তি | Star News,2026-03-08,https://www.youtube.com/watch?v=Oua2SU85tZw
#HumanRightsBD,"সুমাইয়ার অধিকার আদায়ে,বাংলাদেশ আইন সহায়তা কেন্দ্র|Human Rights BD|Syed Rayhan",2024-03-11,https://www.youtube.com/watch?v=tw_dNak5_bc
#HumanRightsBD,মিথ্যা মামলার প্রতিবাদে উত্তরায় মানববন্ধন || Crime Patrol BD #মানববন্ধন #humanrights #humanchain,2025-07-14,https://www.youtube.com/watch?v=il7LGjSHzVA
#HumanRightsBD,International Women’s Day 2026 Theme | Rights. Justice. Action. | Give To Gain | UN Women,2026-02-09,https://www.youtube.com/watch?v=YvcdcjTeFeU
#HumanRightsBD,Body of Student Leader Sharif Osman Hadi Arrives in Bangladesh Amid Violent Protests | News18,2026-01-10,https://www.youtube.com/watch?v=jhFam__7lHg
#HumanRightsBD,UNICEF Free Online Courses | Free Online Certificates | How to Enroll?,2022-03-12,https://www.youtube.com/watch?v=eY83ffbQ618
#HumanRightsBD,ইরান ও ইসরায়েলের পাল্টাপাল্টি হামলা: তেহরানে ৫ তেল ডিপো ধ্বংস | Star News,2026-03-10,https://www.youtube.com/watch?v=AFhjlTBke18
#HumanRightsBD,Finally their family broke up || One child got divorced || Team Positive resolved the issue,2025-03-11,https://www.youtube.com/watch?v=0NfqjYSX7sI
#HumanRightsBD,Rohingya refugees face deadly gang violence in Bangladesh camps • FRANCE 24 English,2025-03-11,https://www.youtube.com/watch?v=_NkXOeqPm0U
#HumanRightsBD,বাংলাদেশের মানবাধিকার নিয়ে ৬ সংস্থার বিবৃতি প্রসঙ্গ জাতিসংঘে | UN | BD Human Rights | Kalbela,2024-03-11,https://www.youtube.com/watch?v=8uZKBY8-Tcs
#HumanRightsBD,নারী নির্যাতনের বিরুদ্ধে সাতক্ষীরায় গর্জে উঠল জনতা। Human Rights BD। Channel RA News।,2025-07-14,https://www.youtube.com/watch?v=4kUSFexX3aY
#HumanRightsBD,আগস্টের পর থেকে বাংলাদেশের মানবাধিকার পরিস্থিতি স্থিতিশীল ছিল  মার্কিন প্রতিবেদন | BD Human Rights,2025-09-12,https://www.youtube.com/watch?v=EFCPRl4HTwg
#HumanRightsBD,"বাংলাদেশিদের পক্ষে কথা বলায়, তোপের মুখে ভারতের মানবাধিকার কর্মী | Indian Human Rights Activist",2025-09-12,https://www.youtube.com/watch?v=lwfs6NWN8vY
#HumanRightsBD,"Murder, coverups and Bangladesh’s ‘death squad’ – World in Progress",2024-03-11,https://www.youtube.com/watch?v=S13ONYeZOnE
#HumanRightsBD,আইনশৃঙ্খলা বাহিনীর ৫ সদস্যের বিরুদ্ধে ১৪ গুমের অভিযোগ | Human Rights BD | Rtv News,2025-08-13,https://www.youtube.com/watch?v=Pux3Gkn1bEw
#HumanRightsBD,Mock Model United Nations for 1st MUNers,2019-03-13,https://www.youtube.com/watch?v=HnOoptJkOkA
#HumanRightsBD,"২য় স্ত্রীর অধিকার আদায়ে,বাংলাদেশ আইন সহায়তা কেন্দ্রের পরিচালক প্রশাসন|Human Rights BD|Syed Rayhan",2025-03-11,https://www.youtube.com/watch?v=bZT9zYqahoo
#HumanRightsBD,"Delhi Protest : Delhi Police Stop Bajrang Dal, VHP March to Bangladesh High Commission | India Today",2026-01-10,https://www.youtube.com/watch?v=SLsmlQhR-HA
#HumanRightsBD,Bangladesh in mourning: Funeral of slain student activist held in Dhaka,2026-01-10,https://www.youtube.com/watch?v=xjIgOsVWm5w
#HumanRightsBD,Sheikh Hasina Verdict LIVE | Bangladesh Tribunal Gives Ruling On Ousted PM | Crimes Against Humanity,2025-12-11,https://www.youtube.com/watch?v=mGeuSVVuQyk
#HumanRightsBD,Will Thursday's elections be a watershed moment for Bangladesh? | Inside Story,2026-02-18,https://www.youtube.com/watch?v=k5j0F9-Pm5Y
#HumanRightsBD,"Bangladesh Violence Continues, BJP Leader Calls SRK 'Traitor' For Buying Mustafizur Rahman for IPL",2026-01-10,https://www.youtube.com/watch?v=fzDDdw3rlZE
#HumanRightsBD,"স্বামীর বাড়িতে ফিরিয়ে দিলো,বাংলাদেশ আইন সহায়তা কেন্দ্র|Human Rights BD|Syed Rayhan",2024-03-11,https://www.youtube.com/watch?v=s0igUs_Buz0
#HumanRightsBD,I remade HISTORY using LEGO...,2024-03-11,https://www.youtube.com/watch?v=gfVY00X5Yaw
#HumanRightsBD,"অন্যায়,নির্যাতিত-নিপীরিত মানুষের পাশে আপনিও দাড়াতে পারেন|Human Rights BD|Syed Rayhan",2024-03-11,https://www.youtube.com/watch?v=XeA0w2RB7X0
#HumanRightsBD,"TURP Transurethral Resection Prostate Surgery, patient education series",2018-03-13,https://www.youtube.com/watch?v=CB7ff7QFZkQ
#HumanRightsBD,"Siliguri Protests Against Reported Attacks on Minorities in Bangladesh, Justice Demanded",2026-01-10,https://www.youtube.com/watch?v=gdR3SL-dp9c
#HumanRightsBD,Chilling Video Shows Hindu Man Dipu Dragged Away to Death by Mob in Bangladesh,2026-01-10,https://www.youtube.com/watch?v=WHy5_ed01NA
#HumanRightsBD,আপনি কেন মানবাধিকার কর্মী হবেন।#সেবা #humanrights,2025-03-11,https://www.youtube.com/watch?v=hg9KhGoeG0A
#HumanRightsBD,"সবার কাছে দোয়া চাই,এই বোনদেরকে যেন সহযোগিতা করতে পারি।  Human Rights bd",2024-03-11,https://www.youtube.com/watch?v=uajKYUpwojs
#HumanRightsBD,আওয়ামী লীগের ভোটাররা কি জামায়াতকে ভোট দেবে? | কড়া আলাপ | BD Election | Voters | Star News,2026-02-09,https://www.youtube.com/watch?v=zf0uuV0FCEI
#HumanRightsBD,"একটি পারিবারিক সমস্যা সমাধানে,বাংলাদেশ আইন সহায়তা কেন্দ্র|Human Rights BD|Syed Rayhan",2024-03-11,https://www.youtube.com/watch?v=Pjj4shg6l5o
#HumanRightsBD,Bangladesh's History Of State Sponsored Violence,2014-03-14,https://www.youtube.com/watch?v=CzMnBmmYhpY
#HumanRightsBD,1984 George Orwell Full Book Summary (Full Book in JUST 3 Minutes),2023-03-12,https://www.youtube.com/watch?v=2PArP8h1qSw
#HumanRightsBD,Bangladesh elections : BNP claims victory in first vote since 2024 uprising,2026-02-18,https://www.youtube.com/watch?v=v1pCy_Yj7Xc
#HumanRightsBD,"গার্মেন্টস দেশের উন্নতি, নাকি শ্রমিক নির্যাতনের কারখানা? Bangladesh Garments Industry Truth ",2026-01-10,https://www.youtube.com/watch?v=gNVqfnQgVVc
#HumanRightsBD,I Became GOD HUMAN in Blox Fruits Roblox,2025-03-11,https://www.youtube.com/watch?v=Ga-mtuUoYJA
#HumanRightsBD,আটক সেনা কর্মকর্তাদের নিয়ে জাতিসংঘের কড়া বার্তা | BD Army | UN human Rights,2025-11-11,https://www.youtube.com/watch?v=LY1tceTWaJ8
#HumanRightsBD,"অবশেষে মেয়েটিকে স্বামীর বাড়ি ফিরিয়ে দিলো,বাংলাদেশ আইন সহায়তা কেন্দ্র|Human Rights BD|Syed Rayhan",2024-03-11,https://www.youtube.com/watch?v=Lh27eb61Fk0
#HumanRightsBD,How to Convert AI Text to Human-like Content & Bypass AI Detection | Best AI Bypasser | BypassGPT,2025-03-11,https://www.youtube.com/watch?v=lc3Shkjo-88
#HumanRightsBD,জুলাই সনদ না মানলে মানুষ নিজস্ব পথ বেছে নেবে: শফিকুর রহমান | Star News,2026-03-09,https://www.youtube.com/watch?v=RkqJsK3oIE8
#HumanRightsBD,'We want peace': How Bangladesh's Hindus are seeing the upcoming election | BBC News India,2026-02-09,https://www.youtube.com/watch?v=sB-Y6ocBu0E
#HumanRightsBD,Bangladesh: Hindu Garage Worker Burnt Alive In Narsingdi While Asleep | Chanchal Bhowmik,2026-02-09,https://www.youtube.com/watch?v=Q-_eLyYD308
#HumanRightsBD,কে পড়াবেন নবনির্বাচিত এমপিদের শপথ? | Parliament BD 2026 | Jatiya Sangsad Bhaban | Star News,2026-02-18,https://www.youtube.com/watch?v=sKrCREV0Xhs
#HumanRightsBD,Breaking News: Pro-Bangla Group Protests Outside Bangladesh Embassy In Kolkata Over Minority Attacks,2026-01-10,https://www.youtube.com/watch?v=SqnXbazQHQk
#HumanRightsBD,জাতিসংঘের মানবাধিকার কমিশনের অফিস নিয়ে প্রতিক্রিয়া | BD | UN | Human Rights Commission | Deepto News,2025-08-13,https://www.youtube.com/watch?v=VGgsPEiQ6uA
#HumanRightsBD,Fake DB Heroes | Mega Compilation | D Billions Kids Songs,2024-03-11,https://www.youtube.com/watch?v=bzq8ImK9i_0
#HumanRightsBD,নিপীড়িত মানুষের সংখ্যা যেভাবে রূপ নিলো সমাবেশে | Human Rights | July Revolution | Human Rights,2025-03-11,https://www.youtube.com/watch?v=jrd1wFDzIUk
#HumanRightsBD,Gen Z of Bangladesh Revolts against Fascism! Tribute to Gen Z! #bangladesh #genz #julyrevolution,2026-02-18,https://www.youtube.com/watch?v=axq_biYwE00
#HumanRightsBD,ভোট নিয়ে মুখ খুললেন জাতিসংঘের মানবাধিকার প্রধান | UN | Human Rights | BD Election,2024-03-11,https://www.youtube.com/watch?v=dw7OL6nnaZg
#HumanRightsBD,শেখ হাসিনার মৃত্যুদণ্ডের রায় নিয়ে যা বলছে আন্তর্জাতিক মানবাধিকার সংস্থাগুলো | BBC Bangla,2025-12-11,https://www.youtube.com/watch?v=dWDuu18GEB0
#HumanRightsBD,Jan Møller Hansen: Transgenders in Bangladesh,2013-03-14,https://www.youtube.com/watch?v=YNfLJe4uylg
#HumanRightsBD,ব্রাহ্মণবাড়িয়ায় ভোটকেন্দ্র দখলের চেষ্টা অতঃপর... | BD Election | Brahmanbaria | Star News,2026-02-09,https://www.youtube.com/watch?v=MMdxwA8lZ5E
#HumanRightsBD,"নিজ বাড়িতে  চাচাতো ভাই এর ধারা  ধর্ষিত হয়েছেন, Human Rights bd",2024-03-11,https://www.youtube.com/watch?v=BOOIqMNVl6E
#HumanRightsBD,বাবার পৈত্রিক সম্পত্তি ও ভিটা ভাগিনা প্রতারণা করেন || Human Rights bd || আইনের চোখ,2025-03-11,https://www.youtube.com/watch?v=E2ZJQa3HA50
#HumanRightsBD,Hindu Killings Pile Up in Bangladesh: Journalist Rana Bairagi Shot Dead in Public | News18,2026-01-10,https://www.youtube.com/watch?v=xmUoPnLfeAM
#HumanRightsBD,Sheikh Hasina Verdict Today: Death Sentence or Pardon? Bangladesh on High Alert | Anjali mam,2025-12-11,https://www.youtube.com/watch?v=4kNiC0i9hWc
#HumanRightsBD,BANGLADESH at CROSSROADS - How Yunus assured the world and the nation of reform scheme | Bangladesh,2025-04-15,https://www.youtube.com/watch?v=pW85xL8XaOo
#HumanRightsBD,নজরুলের পাশে হাদির সমাধি ! বিস্মিত কবি পরিবার | Bangladesh News | Osman Hadi|Kavi Nazrul|Bd Politics,2026-01-10,https://www.youtube.com/watch?v=QIQpv69HR6Y
#HumanRightsBD,Humanize AI Text | Bypass ChatGPT Detectors for FREE!,2025-03-11,https://www.youtube.com/watch?v=GhFS8w7nlRI
#HumanRightsBD,"Pawan Kalyan, Priyanka Gandhi Condemn Lynching of Hindu Worker in Bangladesh | India Today News",2026-01-10,https://www.youtube.com/watch?v=Kz5cpid-ZpE
#HumanRightsBD,এমন ইরান কেউ দেখেনি আগে! | Iran | The Press ,2026-03-02,https://www.youtube.com/watch?v=iPMotqRwmLc
#HumanRightsBD,Fundamental Rights & History | Constitution of India,2025-07-14,https://www.youtube.com/watch?v=kspEfNAZwig
#HumanRightsBD,Bangladesh's War On Drugs May Be Covering Extrajudicial Killings (HBO),2019-03-13,https://www.youtube.com/watch?v=Pd8C_fQtr3M
#HumanRightsBD,Exclusive: জালিয়াতির জাতীয় ইমাম! | Imam | Bangladesh | Star News Investigation,2026-02-27,https://www.youtube.com/watch?v=yRwmDMQ3dgk
#HumanRightsBD,সমুদ্রপথ রক্ষায় পাকিস্তান নৌবাহিনীর ‘মোহাফিজ-উল-বাহর’ অভিযান | Star News,2026-03-11,https://www.youtube.com/watch?v=lFD8kMXHmZw
#HumanRightsBD,দৌলতদিয়া যৌনপল্লীতে নেই নির্বাচনি আমেজ: নেই প্রার্থীরাও | Daulatdia | Human Rights | DBC NEWS,2026-02-09,https://www.youtube.com/watch?v=twM8oiNgxTA
#HumanRightsBD,What is meant by human rights? | What is Human Rights in bengali | Suman Karmakar,2023-03-12,https://www.youtube.com/watch?v=uATWn1d7VvA
#HumanRightsBD,"'Lift Ban Or...': Hasina’s Son Warns Bangladesh Will Remain Unstable Without Free, Fair Election",2025-11-11,https://www.youtube.com/watch?v=pbtnb1cHPKc
#HumanRightsBD,How to MUN? | 5 things you need to get BEST DELEGATE 🏆 Model United Nations | The Sankalp Show #mun,2024-03-11,https://www.youtube.com/watch?v=9egOs2jt9vg
#HumanRightsBD,Bangladesh News : চুপসে গেল ইউনুসের ফানুস! বাংলাদেশেই ফয়সাল! | Muhammad Yunus | Faisal Karim Masud,2026-01-10,https://www.youtube.com/watch?v=H1WooOPOSgo
#HumanRightsBD,২৪’র অভ্যুত্থানে নিহতের ঘটনায় জয়ের দুঃখ প্রকাশ | Joy AP Interview | July Uprising | BD Politics,2025-11-11,https://www.youtube.com/watch?v=60C5KUjgahY
#HumanRightsBD,That's how I represent a country in MUNs to win the Best Delegate! | The Sankalp Show #mun,2025-03-11,https://www.youtube.com/watch?v=lCAnHJNCYM0
#HumanRightsBD,Bangladesh Minorities Protest Mob Lynching of Hindu Youth Dipu Chandra Das in Dhaka,2026-01-10,https://www.youtube.com/watch?v=VP-XjK5ZT-Q
#HumanRightsBD,জিতবে এবার দাঁড়িপাল্লা | Daripallahr Gan  | Bangladesh Election Song | Ali Zulfikar Zahedi ,2026-02-09,https://www.youtube.com/watch?v=kwJD9YQfbrM
#HumanRightsBD,What it Takes to Earn $1 a Day in Bangladesh? The Life of a Tea Garden Worker | DreamersEye,2025-06-14,https://www.youtube.com/watch?v=Wd-yy3rJRns
#HumanRightsBD,Human Rights bd অন্যায়ের বিরুদ্ধে প্রতিবাদ বাংলাদেশ আইন সহায়তা কেন্দ্র,2024-03-11,https://www.youtube.com/watch?v=9YmLpnDnIEY
#HumanRightsBD,জমি বিক্রি করার কথা বলে টাকা নেন || দিচ্ছেন না জমির দলিল || Human Rights bd || আইনের চোখ | Land deed,2025-03-11,https://www.youtube.com/watch?v=W8-5uAHq5mU
#HumanRightsBD,বাংলাদেশে নির্বাচন সুষ্ঠু হয়নি বলেছে হিউম্যান রাইটস ওয়াচ | Human Rights Watch | BD Election 2024,2024-03-11,https://www.youtube.com/watch?v=RLxJygFaZsw
#HumanRightsBD,All Hell Breaks Lose When DCF Shows Up To Collect Baby From Mom,2025-07-14,https://www.youtube.com/watch?v=lb3s7daUMUE
#HumanRightsBD,জমি নিয়ে দ্বন্দ (পর্ব-২)||সমাধানে বাংলাদেশ আইন সহায়তা কেন্দ্র||Human Rights BD||Syed Rayhan,2025-03-11,https://www.youtube.com/watch?v=Kxxa4D-vuFo
#HumanRightsBD,"অন্যায়ের বিরুদ্ধে প্রতিবাদ,বাংলাদেশ আইন সহায়তা কেন্দ্র|Human Rights BD|Syed Rayhan",2024-03-11,https://www.youtube.com/watch?v=KRX0uUPv0uQ
#HumanRightsBD,বাংলাদেশ পরিস্থিতি নিয়ে ৬ আন্তর্জাতিক মানবাধিকার সংগঠনের বিবৃতি | BD Situation | Human Rights,2024-03-11,https://www.youtube.com/watch?v=zLbSV-yVUfs
#HumanRightsBD,Bangladesh Violence: कौन था Deepu Chandra Das जिसे बांग्लादेश में भीड़ ने फांसी देकर जलाया! |ABPLIVE,2026-01-10,https://www.youtube.com/watch?v=4H2SOoW4isg
#HumanRightsBD,🔥The law enforcement departments & agencies in BD-14th September 2025🔥⚠️Parliament and Bar Council ,2026-02-18,https://www.youtube.com/watch?v=NP68uobKJj8
#HumanRightsBD,Bangladesh News: 'Stability In Bangladesh Important For Security In India' Owaisi's Big Statement,2026-01-10,https://www.youtube.com/watch?v=gKBA1c53SUs
#HumanRightsBD,The Westin Dhaka Death | The Terrence Jackson Conspiracy #usa #mystery #bangladesh ,2025-11-11,https://www.youtube.com/watch?v=nNRuXMRW6sw
#HumanRightsBD,বিএনপিসহ বিরোধী নেতাকর্মীদের মুক্তি চেয়েছে জাতিসংঘ | BNP | UN Human Rights | BD politics,2024-03-11,https://www.youtube.com/watch?v=jK-EH2ez5ZA
#HumanRightsBD,এবার আওয়ামী লীগের পাশে দাঁড়ালো হিউম্যান রাইটস ওয়াচ  | Human rights watch stand with Awami League,2025-03-11,https://www.youtube.com/watch?v=osAmHFG1ySI
#HumanRightsBD,Monkeys ATTACK Lawyers 🤣 Ravi Kishan & Gang’s FUNNIEST Solution | Maamla Legal Hai | Netflix India,2025-08-13,https://www.youtube.com/watch?v=xmo2kWXLePU
#HumanRightsBD,Rights groups demand the safety of female expats in Saudi Arabia || BD Handspeak news ||,2020-03-12,https://www.youtube.com/watch?v=Rx3_ZnHBdGE
#HumanRightsBD,"Situation in Bangladesh (debate) at European Parliament | 7 June, 2016",2017-03-13,https://www.youtube.com/watch?v=e1Ajpdh7Zgk
#HumanRightsBD,Bangladesh Students Protest Prison Death of Writer,2021-03-12,https://www.youtube.com/watch?v=fc9ua8TGJdA
#HumanRightsBD,Protest against injustice || Beside the victim's mother ||Human Rights bd,2025-03-11,https://www.youtube.com/watch?v=LkwSM0rOfk4
#HumanRightsBD,Very Emotional Sad Background Music Update / Sad Music No Copyright,2023-03-12,https://www.youtube.com/watch?v=qyBPG8lTiOg
#HumanRightsBD,"Kalpona Akter, Bangladesh Center for Worker Solidarity",2012-03-14,https://www.youtube.com/watch?v=CqKhuVS3GcE
#HumanRightsBD,P3 Dipu Moni | UPR 13 of Bangladesh | Mentions Labour Rights - RAB - LGBT,2014-03-14,https://www.youtube.com/watch?v=wUZHwG8Oa3A
#HumanRightsBD,3 From Ethnic Minority Groups Killed In Bangladesh During Protests Over Sexual Abuse | 4K | N18G,2025-10-12,https://www.youtube.com/watch?v=uF2egxFTvvw
#HumanRightsBD,Why human rights and for whom?,2023-03-12,https://www.youtube.com/watch?v=5weNj9eSCc8
#HumanRightsBD,রাজনৈতিক দমন চালাচ্ছে অন্তবর্তী সরকার: এইচআরডাব্লিউ | Human Rights Watch on Interim | Jamuna TV,2025-06-14,https://www.youtube.com/watch?v=ybM1m4y-Raw
#HumanRightsBD,Shahidul Alam: Bangladesh is 'an autocracy by any means' | UpFront (Special interview),2020-03-12,https://www.youtube.com/watch?v=zMPFLTAYgqg
#HumanRightsBD,সৌদিতে গিয়ে মালিক-ছেলের যৌ*ন নির্যা*তনের শিকার ডালিয়া | Overseas Workers | Women Migrant | Ekhon TV,2026-01-10,https://www.youtube.com/watch?v=a3E4ZhNvV8k
#HumanRightsBD,২৫ বছর প্রবাস থেকে সংসারের দায়িত্ব নিয়ে || আজ রাস্তা বন্ধ করে দিল আপন ভাই ||  Human Rights bd,2025-03-11,https://www.youtube.com/watch?v=WqKqjbj27AY
#HumanRightsBD,মবের সামনে রাষ্ট্র? বাংলাদেশে নতুন রাজনৈতিক বাস্তবতা | Zillur Rahman,2026-03-10,https://www.youtube.com/watch?v=mK6e-x_tq2U
#HumanRightsBD,ভূমিদস্যু থেকে জমি উদ্ধার ||  অন্যের জমি জোরপূর্বক দখল একদল ভূমিদস্যু || Human Rights bd,2024-03-11,https://www.youtube.com/watch?v=_QqULwdnG2Y
#HumanRightsBD,Study in Estonia from Bangladesh: Study in Europe 2026 for Bangladeshi Students -University of Tartu,2026-02-09,https://www.youtube.com/watch?v=Nv3bxhDkwuc
#HumanRightsBD,Bangladesh exposes secret detention centres as UN probes enforced disappearances under Hasina's rule,2025-03-11,https://www.youtube.com/watch?v=t2LK__Hi--o
#HumanRightsBD,"ইরান বলছে, ‘আর নয়’ ! | Iran | Kazem Gharibabadi | Human Rights | US Sanctions | News24",2025-04-15,https://www.youtube.com/watch?v=nFXllatrmJY
#HumanRightsBD,Who is this Dr. Nabila Idris? The reason why the whole country is in a state of uproar | Nabila I...,2025-11-11,https://www.youtube.com/watch?v=qEd1oQ1aWww
#HumanRightsBD,ওমানের ১০০ বাইসা বাংলাদেশের কত টাকা l oman 100 baisa rate in bangladesh,2025-03-11,https://www.youtube.com/watch?v=hga7LgdNXs4
#HumanRightsBD,human values and environmental studies ba bsc bcom 3rd semester | co curricular 3rd semester rmlau,2025-12-11,https://www.youtube.com/watch?v=EJoZ7IDT3Ts
#HumanRightsBD,ভাতিজির জমি দিচ্ছেন না চাচা || Human Rights BD || আইনের চোখ Amar Desh 24,2025-03-11,https://www.youtube.com/watch?v=iTmIHQU4_WU
#HumanRightsBD,মার্চেও অপরিবর্তিত থাকছে জ্বালানি তেলের দাম! | Fuel Oil Prices | Diesel | Octane | Star News,2026-03-01,https://www.youtube.com/watch?v=B6HDMzTpnrk
#HumanRightsBD,"""3 Powerful Demo Class Tips""  - Useful For Teachers/ Lecturers/ Professors",2022-03-12,https://www.youtube.com/watch?v=Wo6IhqWTC3I
#HumanRightsBD,Lawyer/ Barrister/ Advocate/ Adv. General/ Attorney General etc. By: Satya Education,2022-03-12,https://www.youtube.com/watch?v=LKxs0LPecFs
#HumanRightsBD,UN takes strong stance on detained army officers | BD Army | UN human Rights | NexBarta,2025-11-11,https://www.youtube.com/watch?v=Be_2y53AdeY
#HumanRightsBD,LIVE: Humanitarian-aid flotilla sails to Gaza,2025-10-12,https://www.youtube.com/watch?v=mM05zPzmmOI
#HumanRightsBD,Child marriages in Afghanistan: The fight against selling underage girls • FRANCE 24 English,2023-03-12,https://www.youtube.com/watch?v=aL0fvilQlfQ
#IndigenousPeoplesBD,Bangladesh government orders media ban on word ‘Indigenous’,2023-03-12,https://www.youtube.com/watch?v=_9n1eS_-Qq4
#IndigenousPeoplesBD,Indigenous/Tribal  peoples in Bangladesh(Part 1),2018-03-13,https://www.youtube.com/watch?v=tBJ4TCvR0XE
#IndigenousPeoplesBD,Indigenous people in Bangladesh,2025-09-12,https://www.youtube.com/watch?v=BrF97Jsv9N8
#IndigenousPeoplesBD,Indigenous People Bangladesh 10 August 2022,2023-03-12,https://www.youtube.com/watch?v=2AE6UWpx7D4
#IndigenousPeoplesBD,Hindou Oumarou Ibrahim: What role can the indigenous people play in combating the climate change?,2019-03-13,https://www.youtube.com/watch?v=Z8XCZFlGr3I
#IndigenousPeoplesBD,International Day of the World's Indigenous Peoples,2021-03-12,https://www.youtube.com/watch?v=MaW-R2Fb67A
#IndigenousPeoplesBD,"Chittagong Hill Tracts (CHT), Bangladesh",2018-03-13,https://www.youtube.com/watch?v=Gbzbg2U48Nk
#IndigenousPeoplesBD,Bangladesh Oblates JPIC: Saving Indigenous people's environment,2012-03-14,https://www.youtube.com/watch?v=Kz6z0UWlO_0
#IndigenousPeoplesBD,We....The Indigenous Peoples of Bangladesh,2017-03-13,https://www.youtube.com/watch?v=wWnDwLUduu0
#IndigenousPeoplesBD,Sri Lanka's Last Indigenous People - The Oldest Living Inhabitants In The Country 🇱🇰,2024-03-11,https://www.youtube.com/watch?v=rwlcIHpFs34
#IndigenousPeoplesBD,The Ancient Tribes That Settled the Americas | First Peoples | Full Episode 1 | PBS,2025-03-11,https://www.youtube.com/watch?v=rqTMNdJem00
#IndigenousPeoplesBD,Borneo Death Blow - Full Documentary,2019-03-13,https://www.youtube.com/watch?v=TiQBTesZUJQ
#IndigenousPeoplesBD,Bangladeshis mark International Indigenous Peoples' Day in Dhaka,2019-03-13,https://www.youtube.com/watch?v=G6f-VuN_WOg
#IndigenousPeoplesBD,KHYANG │ TRIBAL PEOPLE OF BANGLADESH │ বান্দরবানের খিয়াং ক্ষুদ্র নৃগোষ্ঠী,2018-03-13,https://www.youtube.com/watch?v=YYaYINCKnbE
#IndigenousPeoplesBD,Int’l Day of the World’s Indigenous Peoples celebrated in Bangladesh,2023-03-12,https://www.youtube.com/watch?v=bgh1kgZFlZg
#IndigenousPeoplesBD,Bangladesh: People Struggling to Survive in the Most Overpopulated Country in the World,2024-03-11,https://www.youtube.com/watch?v=TdWBuzfcRs8
#IndigenousPeoplesBD,Bangladesh Tribal Market in Rangamati Chittagong Hills District,2023-03-12,https://www.youtube.com/watch?v=Pu-oimZVr9Q
#IndigenousPeoplesBD,"‘জাতিগত পরিচয় আগে, এরপর আমরা বাংলাদেশি’ | Indigenous Day | Engineer Thoai Chin Mong Shak | Ekhon TV",2025-08-13,https://www.youtube.com/watch?v=8YSrBZP__2Y
#IndigenousPeoplesBD,Pradyot Debbarma Condemns Killing of 4 Indigenous People by Bangladesh Army in Khagrachari,2025-10-12,https://www.youtube.com/watch?v=y8gsHf4atl4
#IndigenousPeoplesBD,আদিবাসী দিবস INDIGENOUS DAY in Bangladesh 2012 story by Sushanta sinha.flv,2013-03-14,https://www.youtube.com/watch?v=GJhdw1EiG3A
#IndigenousPeoplesBD,"Bangladesh: Army Fires on Hindus, Buddhists Protesting Rape, Temple Attacks | India Today News",2025-10-12,https://www.youtube.com/watch?v=_rDV5XIc8ac
#IndigenousPeoplesBD,Behind the Green  A story of survival for Khasi and Garo indigenous peoples in Bangladesh  Part 2,2018-03-13,https://www.youtube.com/watch?v=B2iE_9l9RVY
#IndigenousPeoplesBD,Tanchangya Tribe - 'Made in Bangladesh' Part 3 | Travel Bandarban | Documentary,2022-03-12,https://www.youtube.com/watch?v=DfUQC4CUuAk
#IndigenousPeoplesBD,Indigenous Religions vs Indigenous People,2022-03-12,https://www.youtube.com/watch?v=kXlT9V5Ix4M
#IndigenousPeoplesBD,#IDWIP2023 Bangladesh | Message - Pinky Chiran of Int'l Movement of Catholic Students - Asia Pacific,2024-03-11,https://www.youtube.com/watch?v=lhdCpU9pvW4
#IndigenousPeoplesBD,Fulfilling Indigenous Peoples’ and Minority Rights to Culture and Language,2019-03-13,https://www.youtube.com/watch?v=qT-ilSxFtxg
#IndigenousPeoplesBD,Strengthening Traditional Justice Systems for Indigenous Peoples in Bangladesh,2018-03-13,https://www.youtube.com/watch?v=AIaLjFni3pY
#IndigenousPeoplesBD,Ethnic Diversity and Cultural Hegemony in Bangladesh - Prof. Prashanta Tripura,2016-03-13,https://www.youtube.com/watch?v=u9KgAXnn5-s
#IndigenousPeoplesBD,The Indigenous People of Bangladesh ( part 1 ),2018-03-13,https://www.youtube.com/watch?v=AmZLnTPeUmg
#IndigenousPeoplesBD,Life & Struggle of Munda Indigenous Peoples in Bangladesh,2022-03-12,https://www.youtube.com/watch?v=2kR_JqiemUE
#IndigenousPeoplesBD,Toni Chiran urges BD govt to recognize Indigenous Peoples and their right to self-determination,2025-08-13,https://www.youtube.com/watch?v=NkBpKOxhSWs
#IndigenousPeoplesBD,Realizing the rights of indigenous peoples,2018-03-13,https://www.youtube.com/watch?v=ZhcmlWp6Nzg
#IndigenousPeoplesBD,Al Jazeera-The Stream- land struggle for Bangladesh's indigenous peoples,2012-03-14,https://www.youtube.com/watch?v=_pkp1zi6KAg
#IndigenousPeoplesBD,International Day of the World's Indigenous Peoples Dhaka 2025,2025-08-13,https://www.youtube.com/watch?v=F8E8H42EYG4
#IndigenousPeoplesBD,0817 #80 Bangladesh International Day of World's Indigenous People,2009-03-15,https://www.youtube.com/watch?v=HxNQB5g5G1o
#IndigenousPeoplesBD,"2017 ECOSOC Youth Forum – Hindou Oumarou Ibrahim, representative of Indigenous Peoples",2017-03-13,https://www.youtube.com/watch?v=PCDXAdfyqT4
#IndigenousPeoplesBD,নৃত্য/ আদিবাসীদের ঐতিহ্যবাহী নৃত্য// Traditional Dances of Indigenous Peoples Dance Video BD.,2025-03-11,https://www.youtube.com/watch?v=eY3xQ4yUUdw
#IndigenousPeoplesBD,"TOP 10 Indigenous Powerful Personalities of CHT BD(Chakma, Tripura, Marma etc.?)",2018-03-13,https://www.youtube.com/watch?v=FOMkkMrTqPM
#IndigenousPeoplesBD,How do they make traditional dress? Indigenous people in Bangladesh!!,2025-03-11,https://www.youtube.com/watch?v=vq9gprMq7us
#IndigenousPeoplesBD,BUKLOD: Biodiversity Corridor Project,2022-03-12,https://www.youtube.com/watch?v=7t7-h6BFwRg
#IndigenousPeoplesBD,Indigenous People Khagrachari District Bangladesh Solar,2015-03-14,https://www.youtube.com/watch?v=YslLT43wHUI
#IndigenousPeoplesBD,The progress for indigenous peoples under the 2030 Agenda - Press Conference (13 July 2017),2018-03-13,https://www.youtube.com/watch?v=2sv2LeMoCdI
#IndigenousPeoplesBD,F minor Live show || Pinky Patracia chiran || Female Band of Indigenous People || Bd female band||,2020-03-12,https://www.youtube.com/watch?v=XnzFN9OeIM8
#IndigenousPeoplesBD,A Brief History of Alaska,2025-03-11,https://www.youtube.com/watch?v=ky4gRdub7cQ
#IndigenousPeoplesBD,indigenous people of the Buddhist community of Bangladesh  and the Bengalis attacked the Buddhists.,2021-03-12,https://www.youtube.com/watch?v=TOJEXRfiNIM
#IndigenousPeoplesBD,Discussion on North East India and Bangladesh Judicial System held in Shillong,2023-03-12,https://www.youtube.com/watch?v=GuWIHIU6H9k
#IndigenousPeoplesBD,Experiment on Contemporary Mime Style for Indigenous Children in Bangladesh.,2016-03-13,https://www.youtube.com/watch?v=cb79M3no0Vw
#IndigenousPeoplesBD,"Reng Young Mro, indigenous activist from Bandarban",2024-03-11,https://www.youtube.com/watch?v=JqEieQ-cNC4
#IndigenousPeoplesBD,"Jhum Ghar the traditional hut of indigenous people in Bandarban, Bangladesh. Stock Footage",2023-03-12,https://www.youtube.com/watch?v=_jybODvQhvQ
#IndigenousPeoplesBD,Indigenous Peoples' Day - Mexica,2019-03-13,https://www.youtube.com/watch?v=Z1Gn-rcH3oI
#IndigenousPeoplesBD,CHT - Documentary of Tripura Indigenous People,2017-03-13,https://www.youtube.com/watch?v=OctotkaLfG8
#IndigenousPeoplesBD,"Education project for children of ethnic minorities in Bandarban district, Bangladesh",2022-03-12,https://www.youtube.com/watch?v=9TAD62mazFU
#IndigenousPeoplesBD,I AM INDIGENOUS || A SHORT VIDEO || INDIGENOUS DAY SPECIAL || BD GARO PRODUCTION|| GARO NEW VIDEO ||,2021-03-12,https://www.youtube.com/watch?v=Af-J8-_lpug
#IndigenousPeoplesBD,Ancient DNA and the Mississippian Culture: Uncovering Ancestral Links Across the American South,2025-05-15,https://www.youtube.com/watch?v=HsBij6I6vSo
#IndigenousPeoplesBD,Existence of indigenous people in Bangladesh under threat says indigenous leader Santu Larma,2017-03-13,https://www.youtube.com/watch?v=Rw2LQHPL0R0
#IndigenousPeoplesBD,"Indigenous Dance cht, Indigenous peoples Day",2020-03-12,https://www.youtube.com/watch?v=B7pyQlE99Yg
#IndigenousPeoplesBD,RaulHerrera Decolonizing Sport Culture,2021-03-12,https://www.youtube.com/watch?v=BD-Lu-45r70
#IndigenousPeoplesBD,BANGLADESH: Life of indigenous Santals after attack and eviction,2017-03-13,https://www.youtube.com/watch?v=LOdrluz7igE
#IndigenousPeoplesBD,উন্নয়ন সবার কাছে সমানভাবে পৌঁছাচ্ছে না || Indigenous People | Liberation,2023-03-12,https://www.youtube.com/watch?v=w0ARP3Ym0Tk
#IndigenousPeoplesBD,Ethnic Groups in Bangladesh - Md. Saidur Rahman - International Seminar - World Social Work Day 2021,2022-03-12,https://www.youtube.com/watch?v=Uo78qYi4y6I
#IndigenousPeoplesBD,Diné Architect Leads “Reimagining Columbus” Project in Ohio,2025-03-11,https://www.youtube.com/watch?v=JlcJqkTLvvg
#IndigenousPeoplesBD,"World Elephant Day 2018 in Rohingya Refugee Settlement, Cox’s Bazar, Bangladesh.",2019-03-13,https://www.youtube.com/watch?v=hu85lRyyrXI
#IndigenousPeoplesBD,Seminar: Bridging Divides / Bâir des passerelles - 2 Solitudes in BD Canadienne - CSSC/SCEBD 2021,2022-03-12,https://www.youtube.com/watch?v=bSGC-V4jusY
#IndigenousPeoplesBD,Bangladesh indigenous people’s,2020-03-12,https://www.youtube.com/watch?v=vO1eFLX37Go
#IndigenousPeoplesBD,International Day of the world's indigenous peoples 2023 in Bangladesh !!  performed by KSU,2024-03-11,https://www.youtube.com/watch?v=K1PPbIdqES0
#IndigenousPeoplesBD,Thousand Candles for Indigenous Peoples,2021-03-12,https://www.youtube.com/watch?v=NK4uBslyXRs
#IndigenousPeoplesBD,Wants recognition as indigenous people in the Constitution (09-08-2018),2019-03-13,https://www.youtube.com/watch?v=6rNOjcExp1c
#IndigenousPeoplesBD,Orange Shirt Day | Sept 30th Brought Plenty Artworks Design | Indigenous Peoples' Day & November,2022-03-12,https://www.youtube.com/watch?v=DSKRZM65Ryk
#IndigenousPeoplesBD,Improved Educational Services for Children of Indigenous Groups in the Chittagong Hill Tracts,2017-03-13,https://www.youtube.com/watch?v=Ny5xx_skn3s
#IndigenousPeoplesBD,Bangladesh | No Indigenous People & Minorities in Constitution Reform Commission | DD India | Debate,2025-03-11,https://www.youtube.com/watch?v=Vm5godnyUN8
#IndigenousPeoplesBD,উদযাপিত হলো আন্তর্জাতিক আদিবাসী দিবস ২০২৩ | International Indigenous Peoples Day | Somoy National,2024-03-11,https://www.youtube.com/watch?v=zsCkNIOWSJo
#IndigenousPeoplesBD,"Chakma, Indigenous peoples of Bangladesh",2017-03-13,https://www.youtube.com/watch?v=PcdzToYUN3A
#IndigenousPeoplesBD,"National Indigenous Peoples Day June 21, 2022",2023-03-12,https://www.youtube.com/watch?v=CxhSzRACiq4
#IndigenousPeoplesBD,Remember & Recognize BD genocide,2023-03-12,https://www.youtube.com/watch?v=8FxdkoV_nPI
#IndigenousPeoplesBD,City in Protest | Melbourne Street Photography | Sony A7IV,2024-03-11,https://www.youtube.com/watch?v=fwEttgbExps
#IndigenousPeoplesBD,"The Story of Hajong Community (Origin, Population, Religion and Culture)",2025-04-15,https://www.youtube.com/watch?v=Fr-riHsr3yU
#IndigenousPeoplesBD,Garo/Achik indigenous of Bangladesh enjoying with traditional dance at Wangala festival.,2020-03-12,https://www.youtube.com/watch?v=wR_92kQYNrs
#IndigenousPeoplesBD,Unsettling the Past: Colonialism and Indigenous Cultures of the World,2025-03-11,https://www.youtube.com/watch?v=zMhup22rLtA
#IndigenousPeoplesBD,Lango Sub Region's First Indigenous Seed & Food Fair 2023.,2024-03-11,https://www.youtube.com/watch?v=OgXJF3O-MvE
#IndigenousPeoplesBD,ODIC2017 Top 12 - Uhlaching Marma from Bangladesh,2018-03-13,https://www.youtube.com/watch?v=6sdJZ7z87Ww
#IndigenousPeoplesBD,"Shohel Hajong 11th EMRIP 2018, UN Geneva",2019-03-13,https://www.youtube.com/watch?v=9iLpswHO44w
#IndigenousPeoplesBD,Achieving sustainable tourism by reducing plastic pollution in Bangladesh indigenous areas,2021-03-12,https://www.youtube.com/watch?v=9deUrdAg3fI
#IndigenousPeoplesBD,Dr. Jessica Discusses Revival of Indigenous Knowledges with Dr. Mahboob and Dr. Beckett.,2021-03-12,https://www.youtube.com/watch?v=XqXDaGFCujk
#IndigenousPeoplesBD,State govt to safeguard interests of the indigenous people: Manipur CM N Biren Singh,2019-03-13,https://www.youtube.com/watch?v=lwV1WdyyAAw
#IndigenousPeoplesBD,State Sponsored Atrocities on the Indigenous People of Chittagong Hill Tracts,2018-03-13,https://www.youtube.com/watch?v=KB0NXIQUX8U
#IndigenousPeoplesBD,All Nations LSAMP Bride to Doctorate Program at the University of Idaho,2024-03-11,https://www.youtube.com/watch?v=rMzh9i8Vnn8
#IndigenousPeoplesBD,Rengpor Mro: Protector of Bangladesh’s community forests,2022-03-12,https://www.youtube.com/watch?v=-R2_5Xyqj3U
#IndigenousPeoplesBD,What Is A Yupik Parka? - Polar Regions Uncovered,2025-07-14,https://www.youtube.com/watch?v=Bd-cQwefpFY
#IndigenousPeoplesBD,yellow bd,2010-03-15,https://www.youtube.com/watch?v=K-I5LHMcW7E
#IndigenousPeoplesBD,আদিবাসী গণসমাবেশ । Indigenous Procession | Dhaka Bangladesh,2025-03-11,https://www.youtube.com/watch?v=QO4oGia4zd0
#IndigenousPeoplesBD,"Shohel Hajong's 2nd Statement on item 7 EMRIP 2018, UN Geneva",2019-03-13,https://www.youtube.com/watch?v=UABPG3EVjiE
#IndigenousPeoplesBD,Guatemala BD LD INDIGENOUS Chicabal,2011-03-15,https://www.youtube.com/watch?v=AlxWBjChdBM
#IndigenousPeoplesBD,Traditional Santali Dasai dance Competition in Bangladesh.,2019-03-13,https://www.youtube.com/watch?v=OsDDyX9rQKw
#IndigenousPeoplesBD,Gender Geopolitics: The Women’s Empowerment Movement of the Indo-Pacific | BoBC 2023,2024-03-11,https://www.youtube.com/watch?v=k35agnzfiLk
#IndigenousPeoplesBD,Webinar on International Day of the World's Indigenous People (Part-3),2022-03-12,https://www.youtube.com/watch?v=nwwY84Ku1Ks
#IndigenousPeoplesBD,Heli Chakma: Message from an Indigenous Woman Human Rights Defender from Bangladesh,2018-03-13,https://www.youtube.com/watch?v=pXIV3piQK5A
#IndigenousPeoplesBD,Chakma Food Tales - চাকমা স্বাদের গল্প - শুভ্র জ্যোতি চাকমা - Indigenous Food Bangladesh,2024-03-11,https://www.youtube.com/watch?v=ZcL01ylrjeE
#IndigenousPeoplesBD,Urao Traditional Song of Bangladesh at Int. Indigenous Day Observation 2018,2019-03-13,https://www.youtube.com/watch?v=TZ87Dt58aPU
#IndigenousPeoplesBD,"Vibrational Memory: Indigenous Healing, PTSD, and the Power of Sound",2025-06-14,https://www.youtube.com/watch?v=wtvoBP2xjgg
#IndigenousPeoplesBD,Tripura dance | Rag day | Asa University bd indigenous student,2020-03-12,https://www.youtube.com/watch?v=CGobw9V2ncQ
#IndigenousPeoplesBD,TOP 10 Indigenous Powerful Personalities of CHT BD in 2018. New Era Began in CHT.,2019-03-13,https://www.youtube.com/watch?v=LbHJpPQHgbE
#IndigenousPeoplesBD,indigenous people's.song & dance bangladesh.,2020-03-12,https://www.youtube.com/watch?v=aJlbWqYcloI
#IndigenousPeoplesBD,Marma Traditional Game oily Bamboo Climbing Competition | Chittagong Hill Tracts Bangladesh,2018-03-13,https://www.youtube.com/watch?v=R_0ZNF3jXF4
#IndigenousPeoplesBD,Machine Guns & Mountain Spirits: Dreaming as Survival in the Guatemalan Highlands,2026-02-25,https://www.youtube.com/watch?v=bd-jz-uabFA
#IndigenousPeoplesBD,Medical team from Brazil's Armed Forces assists isolated Amazon indigenous peoples,2021-03-12,https://www.youtube.com/watch?v=rUsMqppU2hM
#IndigenousPeoplesBD,Garo dance performed by CHT Indigenous Participants at Bangladesh Shilpakola Academy,2020-03-12,https://www.youtube.com/watch?v=XeIWycryoZg
#IndigenousPeoplesBD,"Officel Song Indigenous  Day in Rangamati, Bangladesh",2019-03-13,https://www.youtube.com/watch?v=EvPMxuf-u50
#IndigenousPeoplesBD,First Nations Awareness Strategy for the National Housing Strategy 2020,2021-03-12,https://www.youtube.com/watch?v=iNVr-_mlKeg
#IndigenousPeoplesBD,"New garo song of  Bangladesh performed by students of  Union Digital Center  supported by a2i,",2016-03-13,https://www.youtube.com/watch?v=YfaSR4OVLh8
#IndigenousPeoplesBD,Bangladesh Elections 2026: Women & Minorities Face Rising Risks Before Polls,2026-02-09,https://www.youtube.com/watch?v=LA95tIEkBGM
#IndigenousPeoplesBD,Bangladesh Mro Indigenous People,2020-03-12,https://www.youtube.com/watch?v=A6HHRfluDVU
#IndigenousPeoplesBD,Indigenous Food And Crops Fair. / Cultural,2025-12-11,https://www.youtube.com/watch?v=WKde5JN7HWI
#IndigenousPeoplesBD,Lies of History About Ancient Indians - Aryan Migration Theory DNA Analysis - FutureIQ,2025-03-11,https://www.youtube.com/watch?v=9AxXwYGgWK4
#IndigenousPeoplesBD,Bangladesh Ideal / Mong Marma. / Indigenous Food And Crops Fair,2025-12-11,https://www.youtube.com/watch?v=uW9e5MLI8DI
#IndigenousPeoplesBD,"#SPaRC Break the Chain: First OBR Flash mob, Rangamati, CHT, Bangladesh",2017-03-13,https://www.youtube.com/watch?v=1L11m5ovkNc
#IndigenousPeoplesBD,Cultural show by Garo Indigenous peoples of Bangladesh | WID 2018,2019-03-13,https://www.youtube.com/watch?v=tnXkr5uhQiU
#IndigenousPeoplesBD,DIALOGUE ON INDIGENOUS ISSUES IN BANGLADESH - MODERATOR: JAMIL AHMED,2015-03-14,https://www.youtube.com/watch?v=hSkSV28_7x4
#IndigenousPeoplesBD,Aboriginal Textile Design part 4 Actual IELTS listening (22.11.25),2025-12-11,https://www.youtube.com/watch?v=SOxV_NpYDnU
#IndigenousPeoplesBD,"Profile Picture of Indigenous Koch Community in Gazipur, Bangladesh. Prepared by Mosharaf Hossan",2021-03-12,https://www.youtube.com/watch?v=0NdzsK5W6sE
#IndigenousPeoplesBD,Indigenous Language and it's Practice  Bangladesh   ।।Voice   EP 77   YouTube,2019-03-13,https://www.youtube.com/watch?v=Mgd3L79Eam8
#IndigenousPeoplesBD,Mizo Bamboo Dance II Indigenous Food & Crops Fair 2024,2025-03-11,https://www.youtube.com/watch?v=jTClXYA2z-g
#IndigenousPeoplesBD,pat dance/ indigenous culture of Bangladesh,2024-03-11,https://www.youtube.com/watch?v=t0nV_1zm0es
#IndigenousPeoplesBD,Adivasi Dance | World's Indigenous Peoples Day Celebrations at Vizag | HMTV,2018-03-13,https://www.youtube.com/watch?v=Hg501W3eOT4
#IndigenousPeoplesBD,ANGELA DE MONTIGNY / Fashion Designer / FIB Chats,2019-03-13,https://www.youtube.com/watch?v=DQnV3QR2uT4
#IndigenousPeoplesBD,World Indigenous People's Day,2014-03-14,https://www.youtube.com/watch?v=hJb60E4y7Sg
#IndigenousPeoplesBD,Justice for the Black Diggers,2017-03-13,https://www.youtube.com/watch?v=ZJKIF1nOtLc
#IndigenousPeoplesBD,"Urban Indians, Teresa Bradskey Video 3",2013-03-14,https://www.youtube.com/watch?v=Bd-DtyZ1SKU
#IndigenousPeoplesBD,Our Unity Is  Our Power  Mighty Indigdineous  Melanin Black Family,2023-03-12,https://www.youtube.com/watch?v=BD-SL_SVyPM
#IndigenousPeoplesBD,SESSION ON INDIGENOUS TECHNOLOGIES IN Arunachal Pradesh,2022-03-12,https://www.youtube.com/watch?v=lganHFeMyEc
#IndigenousPeoplesBD,Cambodia Indigenous youth association solidarity food videos | CIYA youth Solidarity videos,2018-03-13,https://www.youtube.com/watch?v=2PkhcQSDFD0
#IndigenousPeoplesBD,"International day of the World's Indigenous Peoples,the themes from  2005 to 2019",2020-03-12,https://www.youtube.com/watch?v=dPkGTHZBfCY
#IndigenousPeoplesBD,BD Native Peoples Mind Blowing Funny Ideas | Pakistani Funny Reaction,2021-03-12,https://www.youtube.com/watch?v=ExQq-Xnj29A
#IndigenousPeoplesBD,Hindou Ibrahim: Paris Agreement on Climate Change Signing,2017-03-13,https://www.youtube.com/watch?v=3zr1uJktMPg
#IndigenousPeoplesBD,Native Scholars in Progress: AIBL National Conference Interviewing Ms. Kaylynn Bahe April 2016,2017-03-13,https://www.youtube.com/watch?v=BoRNuIbfVWU
#IndigenousPeoplesBD,Bangladesh Indigenous Peoples Dance and Song,2023-03-12,https://www.youtube.com/watch?v=hbkzL9bEZbc
#IndigenousPeoplesBD,Spanish as a Second Language for the Indigenous Peoples of Panama,2024-03-11,https://www.youtube.com/watch?v=pWYalNef-w0
#IndigenousPeoplesBD,South Africa_LD_BD_INDIGENOUS_KwaNibela.wmv,2011-03-15,https://www.youtube.com/watch?v=0gst0Rxbpa8
#IndigenousPeoplesBD,"Part 2/3 | Bangladesh: Who, When, Why and How | Native Tareekh | Afshan Masab |",2021-03-12,https://www.youtube.com/watch?v=ygl594VUPUc
#IndigenousPeoplesBD,Covid-19 & Indigenous People of BD- Voice of Community (Day 37),2021-03-12,https://www.youtube.com/watch?v=9mWTzyZhu78
#IndigenousPeoplesBD,university#Survey of Barriers  on Education of Indigenous people of bangladesh#Class,2020-03-12,https://www.youtube.com/watch?v=YyAHJ6lZugQ
#IndigenousPeoplesBD,Peresani | Chakmar Dugo hwdaa | Painful story of Indigenous Peoples of CHT Bangladesh in Chakma,2022-03-12,https://www.youtube.com/watch?v=Ofw91jfHWuE
#IndigenousPeoplesBD,Behind the Green: A story of survival for Khasi and Garo indigenous peoples in Bangladesh. Part 1,2012-03-14,https://www.youtube.com/watch?v=lj-Og2NktTQ
#IndigenousPeoplesBD,Anching Achik Jat / Garo New Song 2021 /  F minor/BD Indigenous females band.,2022-03-12,https://www.youtube.com/watch?v=982X3cEsGHw
#IndigenousPeoplesBD,DAS 2018 Critical Writing Ensembles: Sovereign Words - Prashanta Tripura,2019-03-13,https://www.youtube.com/watch?v=_4_vBaKjePI
#IndigenousPeoplesBD,BD Helping Building Healthy Communities™,2016-03-13,https://www.youtube.com/watch?v=3TYKqbWarxk
#IndigenousPeoplesBD,ORIGIN OF RAJPUTS | MEDIEVAL INDIAN HISTORY | THEORIES | B.D CHATTOPADHYAY RESEARCH | DU SOL HISTORY,2025-07-14,https://www.youtube.com/watch?v=qWceQmGeyUQ
#IndigenousPeoplesBD,"Native American (Navajo) Story of Survival... When the ""Blue Coats"" Came",2025-03-11,https://www.youtube.com/watch?v=uecGR41_JjY
#IndigenousPeoplesBD,The art within the tribe - Bangladesh Tribal Project Vlogs [DAY 9],2016-03-13,https://www.youtube.com/watch?v=qwohOmh1xHg
#IndigenousPeoplesBD,Rally to protect Liangmai Konsakhul&Manipur. save Indigenous People,2024-03-11,https://www.youtube.com/watch?v=Wsi0ar5uLq8
#IndigenousPeoplesBD,International Indigenous Day 2022 | Bangladesh Khasi Student Union | Authonis Pohleng,2023-03-12,https://www.youtube.com/watch?v=z_6mt8ybxMQ
#IndigenousPeoplesBD,Indigenous people of Himalayas,2023-03-12,https://www.youtube.com/watch?v=PHEpZtWC8KM
#IndigenousPeoplesBD,A Documentary on Ethnic Land Rights By UNDP,2018-03-13,https://www.youtube.com/watch?v=Up7ajZFCg1k
#IndigenousPeoplesBD,Cooline Chakma / Indigenous Food And Crops Fair,2025-12-11,https://www.youtube.com/watch?v=Z__PPbZ8mNI
#IndigenousPeoplesBD,"Changing Lives: Empowering Ethnic Hilly Women in Bandarban, Bangladesh । BNKS",2025-12-11,https://www.youtube.com/watch?v=MXlsf-ospNg
#IndigenousPeoplesBD,"Shohel Hajong's Statement item 4 EMRIP 2018, UN Geneva",2019-03-13,https://www.youtube.com/watch?v=okJ5QflnTF4
#IndigenousPeoplesBD,Bottle Dance || Tibal Traditional Dance || Amazing Performance Tripura in Bangladesh,2018-03-13,https://www.youtube.com/watch?v=uf3UahLbzCg
#IndigenousPeoplesBD,Violent Clashes in Bangladesh: Over 100 Homes of Indigenous Chakma Community Set Ablaze | News9,2025-03-11,https://www.youtube.com/watch?v=S224VFoNFfk
#IndigenousPeoplesBD,"Live Cree, Be Cree",2020-03-12,https://www.youtube.com/watch?v=Bd-Pa1LQ9kM
#IndigenousPeoplesBD,9th August on the occasion of World Indigenous Peoples Day 2022 || New Cover song Slow motion video😍,2023-03-12,https://www.youtube.com/watch?v=Me92QSi5vzg
#IndigenousPeoplesBD,"Real life story of Shopna Rani Sinha, Indigenous Women Entrepreneur",2017-03-13,https://www.youtube.com/watch?v=LUAv9XhOspw
#IndigenousPeoplesBD,Combining Science & Traditional Knowledge to Combat Climate Change - Hindou Oumarou Ibrahim,2017-03-13,https://www.youtube.com/watch?v=UQLTa4sU1Ow
#IndigenousPeoplesBD,Why The World’s Shortest Tribe In Uganda Is Facing Extinction!(Pygmies Of Uganda )@harrietanabo97,2024-03-11,https://www.youtube.com/watch?v=qcor5U2EJzk
#IndigenousPeoplesBD,TRADITIONAL SANTALI DONG ENCE|| INDIGENOUS CULTURAL DANCE || ETHINCE PEOPLE CULTURAL DANCE || 2021,2021-03-12,https://www.youtube.com/watch?v=lWiP52c0ppo
#IndigenousPeoplesBD,Indigenous Peoples and the Sustainable Development Goals (SDGs),2019-03-13,https://www.youtube.com/watch?v=LfyguYT90Bw
#IndigenousPeoplesBD,most DANGEROUS isolated 60K y/o tribe *North Sentinel Island*,2022-03-12,https://www.youtube.com/watch?v=MPN1N56Kevc
#IndigenousPeoplesBD,Celebrating Indigenous Voices Through Comic Art,2025-12-11,https://www.youtube.com/watch?v=SVQfn2U6QCE
#IndigenousPeoplesBD,Annual Policy Conference on 'Present Context of  SSNPs and recommendations Indigenous People’,2019-03-13,https://www.youtube.com/watch?v=_g0foPKmQ3g
#IndigenousPeoplesBD,MNT-English-06-08-2023- Indigenous Youth as Agents of Change for Self-determination’,2024-03-11,https://www.youtube.com/watch?v=VP7wpZ5lZGc
#IndigenousPeoplesBD,13 INDIGENOUS PEOPLE ARE HERE | BANDARBAN STADIUM 🇧🇩,2023-03-12,https://www.youtube.com/watch?v=yk_8wphjOJM
#IndigenousPeoplesBD,Cooline Chakma   / Indigenous Food And Crops Fair 🌹,2025-12-11,https://www.youtube.com/watch?v=7XvJqHEWmko
#IndigenousPeoplesBD,UN Paris Climate Agreement Signing Ceremony - Hindou Oumarou Ibrahim,2017-03-13,https://www.youtube.com/watch?v=hUOCgeXee80
#IndigenousPeoplesBD,North American Indigenous Games Cultural Village,2015-03-14,https://www.youtube.com/watch?v=wzzGNag6GAA
#IndigenousPeoplesBD,Demonstrators Rohingyas in Cox's Bazaar Bangladesh Justice For Rohingyas,2019-03-13,https://www.youtube.com/watch?v=NqJsq2tcLPk
#IndigenousPeoplesBD,Indigenous TVC Bangladesh,2016-03-13,https://www.youtube.com/watch?v=z1P_0IbYrkU
#IndigenousPeoplesBD,"AMAR BANGLADESH -MUNDA,ABORIGINAL",2019-03-13,https://www.youtube.com/watch?v=nX4uqTiD_rE
#IndigenousPeoplesBD,Khasi The Ethnic tribe in Bangladesh((khasi bd official)),2020-03-12,https://www.youtube.com/watch?v=T3hfnuVTMjQ
#IndigenousPeoplesBD,Street Newz 7th BD Party 2011,2012-03-14,https://www.youtube.com/watch?v=Evy5HpDC6n8
#IndigenousPeoplesBD,Ministry in Mru Villages - April 2012.m4v,2013-03-14,https://www.youtube.com/watch?v=710_PI9RsoY
#IndigenousPeoplesBD,adivasi kurukh dandi 2024// traibal festival adivasi culture dance song BD..indigenous people dance.,2024-03-11,https://www.youtube.com/watch?v=lGN_22-GTow
#IndigenousPeoplesBD,Urao Dance of Bangladeshi Girls,2019-03-13,https://www.youtube.com/watch?v=MJ23jhS7TPo
#IndigenousPeoplesBD,"International Day Of The World's Indigenous People ||9 August, 2018",2019-03-13,https://www.youtube.com/watch?v=cjhMf95c33o
#IndigenousPeoplesBD,Indigenous women in CHT Face BD Army in the Backdrop of Bengali Muslim Settler Killing 4,2025-03-11,https://www.youtube.com/watch?v=glqHBHdcjd4
#IndigenousPeoplesBD,WonderWoman Chief NativeAmerican Struggle,2021-03-12,https://www.youtube.com/watch?v=oxwxf_Pdg-k
#IndigenousPeoplesBD,WORLD INDIGENOUS DAY CELEBRATED IN DHAKA 🇧🇩,2023-03-12,https://www.youtube.com/watch?v=_Vt2J23KpxU
#IndigenousPeoplesBD,#P2BI Sulov Chakma on Indigenous People’s Day...,2020-03-12,https://www.youtube.com/watch?v=GbPV9RMaOTw
#IndigenousPeoplesBD,Garo Dance | Internatonal Indigenous People's Day 2019 | Garo Dance,2020-03-12,https://www.youtube.com/watch?v=tQb9mcSkAs8
#IndigenousPeoplesBD,The Influence of Socialization on Self-Concept Across Different Cultural Contexts - Video Essay,2025-03-11,https://www.youtube.com/watch?v=G5AS8vylYMs
#IndigenousPeoplesBD,Wonderful Garo Wedding Dance Performance || Bangladesh Garo Wedding Cultural Program -2020,2020-03-12,https://www.youtube.com/watch?v=Zj0lSyd_XVA
#IndigenousPeoplesBD,Village life of Indigenous people in Bangladesh -(বাংলাদেশের আদিবাসীদের গ্রামীণ জীবন),2020-03-12,https://www.youtube.com/watch?v=7XDzSKFrukU
#IndigenousPeoplesBD,"Bangladesh traditional festival, Karam Utshab.",2020-03-12,https://www.youtube.com/watch?v=-9POxTiR5sY
#IndigenousPeoplesBD,"Peyote Songs - Wakan Waci Blindman & Adam B.D: Tohatchi, N.M - Part 4",2023-03-12,https://www.youtube.com/watch?v=aFlnUROMhgM
#IndigenousPeoplesBD,indigenous Jhummo People  Street Food Bamboo Chicken In CHT Bangladesh   How to Make Bamboo Chicken,2021-03-12,https://www.youtube.com/watch?v=y0_c_kMYWoE
#IndigenousPeoplesBD,Amazing Garo Dance | On International Indigenous People’s Day 2023 | World Adivasi Day 2023 |,2024-03-11,https://www.youtube.com/watch?v=NyX48rqYjrQ
#IndigenousPeoplesBD,Visiting the Tribe that EATS HUMANS (Cannibal Island),2025-04-15,https://www.youtube.com/watch?v=SICC1aUkQD0
#IndigenousPeoplesBD,'Develop sustainable management for protecting indigenous fishes' | DBC NEWS,2025-09-12,https://www.youtube.com/watch?v=K8oodn9h2i8
#IndigenousPeoplesBD,The Deadliest Comanche Ambush in Texas History (True 1830s Story),2025-12-11,https://www.youtube.com/watch?v=H2G89FtK0SM
#IndigenousPeoplesBD,King of Tripura on Bangladesh's Dark Intentions & Northeast's Sad Reality Ft. Pradyot Manikya,2025-08-13,https://www.youtube.com/watch?v=c9sWx22-hA0
#IndigenousPeoplesBD,Communal Attack to the Jummo's - Indigenous of CHT,2013-03-14,https://www.youtube.com/watch?v=dNE5kWF69JY
#IndigenousPeoplesBD,World's indigenous day ! 9 August 2023 #santalivideo #santalivlog #santal #newsantalivideo,2024-03-11,https://www.youtube.com/watch?v=zSrp2j65QiQ
#IndigenousPeoplesBD,"Poor Clares Sisters and Father William McIntire, Bangladesh",2021-03-12,https://www.youtube.com/watch?v=HpdwZhitLO4
#IndigenousPeoplesBD,New garo indigenous women harvesting video  in bangladesh 2017,2018-03-13,https://www.youtube.com/watch?v=k-3NLArk9iQ
#IndigenousPeoplesBD,Speech On Indigenous Day 2019 | Sanjeeb Drong | SuNiLvlog,2020-03-12,https://www.youtube.com/watch?v=QGnhJsLkg2s
#IndigenousPeoplesBD,Chittagong hill track military army kill on indigenous people.,2018-03-13,https://www.youtube.com/watch?v=pPdYCZlhfPc
#IndigenousPeoplesBD,Journalism in Bangladesh: Murder of an Indigenous-Christian leader & justice,2011-03-15,https://www.youtube.com/watch?v=a1Ylv282P_k
#IndigenousPeoplesBD,FELAJIYE (neglected) || story of an indigenous child worker at CHT in BD|| a film by tamal chakma,2023-03-12,https://www.youtube.com/watch?v=kjdGOzYKcyc
#IndigenousPeoplesBD,"Aug 11,20 Bangladeshni Indigenous aro A.chik manderang da.o mae Obosthao dongenga  uni gimin golpoa.",2021-03-12,https://www.youtube.com/watch?v=cWsCtYzFf3A
#IndigenousPeoplesBD,Garo Dance of Bangladesh Garo Indigenous.,2024-03-11,https://www.youtube.com/watch?v=AoK06adyGz8
#IndigenousPeoplesBD,Garo Dance | মান্দী নৃত‍্য ও সংগীত - A Tribal Performing Art of Mandi Adivasi in Bangladesh.,2021-03-12,https://www.youtube.com/watch?v=_6dV8eY-kwQ
#IndigenousPeoplesBD,Marc Cary Presents Indigenous People featuring Youngman Lee & GoGo Mickey,2016-03-13,https://www.youtube.com/watch?v=5RXToLW7iR8
#IndigenousPeoplesBD,Traditional Dance of Garo in Bangladesh,2019-03-13,https://www.youtube.com/watch?v=l9caYg6Q8Mo
#IndigenousPeoplesBD,Hajong Jakhamara Dance BD,2021-03-12,https://www.youtube.com/watch?v=z1K-RQbs8a0
#IndigenousPeoplesBD,Indigenous People are the first freedom fighters of India/Bengali/Bankura University /Dr.B.Barman,2024-03-11,https://www.youtube.com/watch?v=CqxRjt3tAuQ
#IndigenousPeoplesBD,"Hunt to Survive | Hadza Tribe (Unchanged for 50,000 years)",2025-03-11,https://www.youtube.com/watch?v=QwbK1GUWN30
#IndigenousPeoplesBD,Amazing Indigenous Culture,2024-03-11,https://www.youtube.com/watch?v=Jomug61KkAg
#IndigenousPeoplesBD,Bangladesh Oraon indigenous girls  villages Song,2022-03-12,https://www.youtube.com/watch?v=uHF_DPh4EiU
#IndigenousPeoplesBD,World  Indigenous  peoples  Day 2019 in   A'bima    A'chik   a song   madhupur   Bangladesh (Brazil),2020-03-12,https://www.youtube.com/watch?v=bCrB8YWH_6c
#IndigenousPeoplesBD,Speech of Fr. Homrich on Indigenous day-2013,2014-03-14,https://www.youtube.com/watch?v=rORopabpXvU
#IndigenousPeoplesBD,Bangladesh Adibasi Cultural Forum Performing....Part 1,2015-03-14,https://www.youtube.com/watch?v=gzfNkOOIfm4
#IndigenousPeoplesBD,Oraon Jitiya Puja 2021 (Bangladesh),2022-03-12,https://www.youtube.com/watch?v=VRbEBEaGsu8
#IndigenousPeoplesBD,National Indigenous Peoples Day.,2022-03-12,https://www.youtube.com/watch?v=HDL_MwX6NBU
#IndigenousPeoplesBD,"Adivasi Budget Speech 2019, Shohel Hajong & Khokon Murmu",2020-03-12,https://www.youtube.com/watch?v=Y4ziHN6R-Ns
#IndigenousPeoplesBD,রাঙামাটিতে আন্তর্জাতিক আদিবাসী দিবস পালিত | International Day of the World's Indigenous Peoples,2024-03-11,https://www.youtube.com/watch?v=Cpp9a2QV_40
#IndigenousPeoplesBD,New Chakma Video||2017||Chakma Latest Video||Chakma Tradition Dress||Chittagong Hitt Tracts||,2017-03-13,https://www.youtube.com/watch?v=9anL4R6maEk
#IndigenousPeoplesBD,"New Santali Video, Joto Giku mena Adiwasi Khijur Official BD Santali Video",2025-09-12,https://www.youtube.com/watch?v=7V0TZitcnXs
#IndigenousPeoplesBD,Garo Dance।। International Indigenous Day 2023,2023-03-12,https://www.youtube.com/watch?v=Gw2xdtQL1Sw
#IndigenousPeoplesBD,INDIGENOUS SCHOOL BANGLADESH,2012-03-14,https://www.youtube.com/watch?v=rxhKlsUE4zo
#IndigenousPeoplesBD,Ven  Prajnananda Mahathera speaking in Indigenous Food & Crops Fair 2024,2025-03-11,https://www.youtube.com/watch?v=_e4XOeQYgPc
#IndigenousPeoplesBD,HOW TAIWAN’S INDIGENOUS PEOPLE LOST THEIR LAND - 台灣原住民失去土地的故事 (中文字幕),2025-07-14,https://www.youtube.com/watch?v=_9uffmhBzh4
#IndigenousPeoplesBD,Bangladesh: The Mizo People in Bangladesh,2021-03-12,https://www.youtube.com/watch?v=Bin04Qg38ps
#IndigenousPeoplesBD,"Chattishgariya dance by BD 2nd Year students,At Gossner theological college ,Occasion Of Adivasi day",2025-03-11,https://www.youtube.com/watch?v=Tq-BeoeBSEI
#IndigenousPeoplesBD,【🍔KBZ Life- Street Food】 Indigenous people slate BBQ 🍻🍽️TAIWAN TAINAN night market,2020-03-12,https://www.youtube.com/watch?v=k_DLyXjv0IU
#IndigenousPeoplesBD,Santali Traditional Enej: A Journey Through Bangladesh's Indigenous Heritage,2025-04-15,https://www.youtube.com/watch?v=lbshXA2GqC8
#IndigenousPeoplesBD,নৃত্য- একটি অসাধারণ আদিবাসী নৃত্য| A wonderful tribal dance. Dance Video BD.,2024-03-11,https://www.youtube.com/watch?v=GllB09wXVwU
#IndigenousPeoplesBD,Bangladesh indigenous about,2019-03-13,https://www.youtube.com/watch?v=IN76PVlCnG8
#IndigenousPeoplesBD,Adivasi oraon culture short video ❤️❤️❤️ subscribe brother.Oraon bd.,2022-03-12,https://www.youtube.com/watch?v=aAC7OA_V60A
#IndigenousPeoplesBD,Bangladesh Mro indigenous cultural stories,2022-03-12,https://www.youtube.com/watch?v=A_bJiAe7p-I
#IndigenousPeoplesBD,#chakma #tradition #o_bargi                   Bargi song|| chakma gaan|| chakma song|| BD Indigenous,2017-03-13,https://www.youtube.com/watch?v=ldsWojeMG1Y
#IndigenousPeoplesBD,CHT Cultural Different Moments of  Indigenous Pepoles,2018-03-13,https://www.youtube.com/watch?v=8jRJwQFaf70
#IndigenousPeoplesBD,Exclusive  Bangladesh Santal tribe fighting government authorities in a land dispute,2017-03-13,https://www.youtube.com/watch?v=NR8NJh-8gUo
#IndigenousPeoplesBD,Ethnic Minority in Bangladesh,2025-03-11,https://www.youtube.com/watch?v=6OJpgOBsR9c
#IndigenousPeoplesBD,Oraon Adivasi conference program new dance 2020💃👯💏 oraon BD.,2020-03-12,https://www.youtube.com/watch?v=iRhHmts8JC4
#IndigenousPeoplesBD,Land Crisis of Bangladesh Garo Indigenous people,2022-03-12,https://www.youtube.com/watch?v=4WqQtKmyaVM
#IndigenousPeoplesBD,World's indigenous day ! 9 August 2023 #santalivideo #santalivlog #santal #newsantalivideo,2024-03-11,https://www.youtube.com/watch?v=Q0-ASmUepgs
#IndigenousPeoplesBD,Khasi Cover Dance in Dhaka Shahid Minar,2025-09-12,https://www.youtube.com/watch?v=OcdiFonsWcY
#IndigenousPeoplesBD,Bangladeshi indigenous Biya Bari-2023 @Kurukh_BD @NagpuriHits @sadripopcorn,2024-03-11,https://www.youtube.com/watch?v=J0mn6esbDK0
#IndigenousPeoplesBD,#new adivasi culture// stage program #kurukhdandi 2024 indigenous culture dance festival BD,2024-03-11,https://www.youtube.com/watch?v=PRkWZ8tbyhQ
#IndigenousPeoplesBD,Hindou Oumarou Ibrahim at the High-level Signature Ceremony for the Paris Agreement,2017-03-13,https://www.youtube.com/watch?v=inG9QeNMPwA
#IndigenousPeoplesBD,Sajek Valley: A Tranquil Escape into Nature's Embrace,2025-05-15,https://www.youtube.com/watch?v=5LIMbIhYSQM
#IndigenousPeoplesBD,"Protest  Rally Against  Communal & Arson Attacks on Indigenous Peoples in CHT, Bangladesh",2018-03-13,https://www.youtube.com/watch?v=wu1RvS5MiDM
#IndigenousPeoplesBD,Unseen Bangladesh | A glimpse of Beautiful Hill Tracts | Bandarban Bangladesh | Ghuri Firi,2020-03-12,https://www.youtube.com/watch?v=VApQtr9cAGU
#IndigenousPeoplesBD,Pani Bhekuliye Assamese Bihu Dance By Bd 1st year Students  on Occasion of Adivasi diwas.,2025-03-11,https://www.youtube.com/watch?v=DoTPEWyOzXs
#IndigenousPeoplesBD,A BEAUTIFUL 'BAWM' COMMUNITY VILLAGE IN BANGLADESH🇧🇩,2023-03-12,https://www.youtube.com/watch?v=9QSbsbIxZZs
#IndigenousPeoplesBD,Bangladesh tea workers fear losing homes,2017-03-13,https://www.youtube.com/watch?v=as1y7OnI7aQ
#IndigenousPeoplesBD,আদিবাসী দিবসে পার্বত্য চট্টগ্রাম শান্তিচুক্তি বাস্তবায়নের দাবি | Indigenous Peoples Day,2025-08-13,https://www.youtube.com/watch?v=wzTy9h3qf7A
#IndigenousPeoplesBD,নিজ দেশেই যেভাবে দ্বিতীয় শ্রেণির নাগরিক আমেরিকার আদি বাসিন্দারা | American Natives | Jamuna TV,2025-09-12,https://www.youtube.com/watch?v=fDVjqZmoK6w
#IndigenousPeoplesBD,Glimpse of santhal traditional/indigenous people day special/santhal te,2021-03-12,https://www.youtube.com/watch?v=qP4GfyQh9Io
#IndigenousPeoplesBD,Banai indigenous people (বানাই আদিবাসী জনগোষ্ঠী),2017-03-13,https://www.youtube.com/watch?v=btql5liikEM
#IndigenousPeoplesBD,#kurukhdandi #adivasi dance 2024$ oraon samaje jadde.. indigenous song bd.. adivasi festival...,2024-03-11,https://www.youtube.com/watch?v=diGppOIu7mA
#IndigenousPeoplesBD,"Online Class 2020, Class   Eight, Chapter  11, Bangladesh Small Ethnic Group",2021-03-12,https://www.youtube.com/watch?v=oTcuHKP5kfo
#IndigenousPeoplesBD,95% Munda Indigenous peoples lost his Mundari languages & culture endanger,2020-03-12,https://www.youtube.com/watch?v=W1uPLi0ZfnM
#IndigenousPeoplesBD,Bangladesh marma Indigenous song 2020,2021-03-12,https://www.youtube.com/watch?v=oGY8kN0vWXU
#IndigenousPeoplesBD,International Indigenous Day 2022 Bangladesh Indigenous Rally,2023-03-12,https://www.youtube.com/watch?v=S-jk8BqejGw
#IndigenousPeoplesBD,Life and Culture of Santal/ A Documentary film by KNCA Rajshahi,2023-03-12,https://www.youtube.com/watch?v=RSJTOjypsTA
#IndigenousPeoplesBD,New footballer Interviews with indigenous Lakra's Sadri and Bangla language⚽ subscribe & like chenel,2020-03-12,https://www.youtube.com/watch?v=DrgKLX8WclU
#IndigenousPeoplesBD,#kurukhdandi #adivasi #cultural #song_dance bd 2023#practice #time #adivasisong .#sharul_song.....,2024-03-11,https://www.youtube.com/watch?v=A1For3YV5ps
#IndigenousPeoplesBD,Rajshahi misson para Bapla ene siring Shopify Netflix indigenous peoples culture video all word,2023-03-12,https://www.youtube.com/watch?v=YrhF8S1uZ9Y
#IndigenousPeoplesBD,CLS Story 4,2015-03-14,https://www.youtube.com/watch?v=WHcpWriBt4M
#IndigenousPeoplesBD,Indigenous villages on the hilly border | Garo life | Travel Lengura | Tribe video | Tribe lifestyle,2022-03-12,https://www.youtube.com/watch?v=clQJ0yjq-wg
#IndigenousPeoplesBD,Remote Tribe Got Internet and Things Got Crazy,2025-03-11,https://www.youtube.com/watch?v=SCK3O525L0M
#IndigenousPeoplesBD,How Garo People Celebrate Christmas in Bangladesh | Cultural Food & Traditions,2025-03-11,https://www.youtube.com/watch?v=3TYJvNeNMV8
#IndigenousPeoplesBD,সাংবিধানিক স্বীকৃতি চান শেরপুরের সংখ্যালঘু জাতিসত্তার মানুষ | Indigenous Peoples,2024-03-11,https://www.youtube.com/watch?v=8auM9dfgtLE
#IndigenousPeoplesBD,Chakma Raja Addresses his people part-1,2018-03-13,https://www.youtube.com/watch?v=ae_b8w6XxXY
#IndigenousPeoplesBD,Bee house is an indigenous home in Bangladesh.watch it otherwise you will miss it,2017-03-13,https://www.youtube.com/watch?v=6wXdRjPkHp4
#IndigenousPeoplesBD,Indigenous Cultural Songs & Dance || Trible Cultural Videos|| New Santali Videos||2021,2022-03-12,https://www.youtube.com/watch?v=6le1F4Pvy7c
#IndigenousPeoplesBD,No Peace at Bangladesh,2018-03-13,https://www.youtube.com/watch?v=XXnBrgDElTg
#IndigenousPeoplesBD,Exploring Indigenous Tribes and Cultures with Chinese Teacher | Intermediate,2023-03-12,https://www.youtube.com/watch?v=WDyIEBnz1SI
#IndigenousPeoplesBD,Tripura TTAADC Land Controversy | Demand to Exclude Tribal Land from Bishramganj Nagar Panchayat,2026-01-10,https://www.youtube.com/watch?v=bd-rE-lPyjM
#IndigenousPeoplesBD,83 years old man bd karki  speaks about limbuwan,2017-03-13,https://www.youtube.com/watch?v=i1XGBKIvzws
#IndigenousPeoplesBD,In a Mesh,2015-03-14,https://www.youtube.com/watch?v=dSxoGEsvaZs
#IndigenousPeoplesBD,আদিবাসীদের একটি অসাধারণ নৃত্য। A remarkable dance of the tribals.Dance Video BD.,2023-03-12,https://www.youtube.com/watch?v=a_axPP_k0RM
#IndigenousPeoplesBD,An indigenous song and dance,2018-03-13,https://www.youtube.com/watch?v=X5EuUPFOu8c
#IndigenousPeoplesBD,Combat for native language | Achik short film,2022-03-12,https://www.youtube.com/watch?v=PzBmd9k2DD0
#IndigenousPeoplesBD,Khasi Wedding in Bangladesh | Indigenous Wedding Ceremony 🎂💍,2026-02-09,https://www.youtube.com/watch?v=eLsN4qXZFNY
#IndigenousPeoplesBD,Problem of Garo People and other Indigenous people?,2025-03-11,https://www.youtube.com/watch?v=rA1pQPWaByY
#IndigenousPeoplesBD,Hamar_Gawn_Me____Hot----Nwe_Nagpuri_Songs___Silpi akka__Indigenous Culture bd__Shadi__video,2025-03-11,https://www.youtube.com/watch?v=JeoVMdUvNQM
#IndigenousPeoplesBD,Garos are Indigenous Tribe of Bangladesh.,2021-03-12,https://www.youtube.com/watch?v=uj3rcW1Erf4
#IndigenousPeoplesBD,Bangladesh | Stand With Mro Buddhists and Indigenous Community | Say No To 5 Star Hotel | Save Mro |,2021-03-12,https://www.youtube.com/watch?v=sgw5-o-UQpw
#IndigenousPeoplesBD,Popular Garo Dance ( Indigenous Song),2024-03-11,https://www.youtube.com/watch?v=eqdPxapnwhw
#IndigenousPeoplesBD,Wangala Wangala -Garo Song |International Indigenous Day -2022 (9th August),2024-03-11,https://www.youtube.com/watch?v=cGHgG6WijUc
#IndigenousPeoplesBD,"Indigenous Culture BD, Adivasi Cultural Showdown 2024, Garo Kirton, #garo",2025-03-11,https://www.youtube.com/watch?v=N6kyWfeepOg
#IndigenousPeoplesBD,অ্যামাজন জঙ্গলের ৪০০ টিরও বেশি আদিবাসী রয়েছে Amazon forest indigenous peoples SR Science BD,2025-03-11,https://www.youtube.com/watch?v=_VZnj0Vgsck
#IndigenousPeoplesBD,"Bagaihat Attack, CHT Bangladesh- 02",2019-03-13,https://www.youtube.com/watch?v=uV2qrsFguwM
#IndigenousPeoplesBD,"Rani | রানী | Queen, Garo Dance, #dhakawangala2025 ",2026-01-10,https://www.youtube.com/watch?v=DExvMMlbfCk
#IndigenousPeoplesBD,Daughter Marry Father in Bangladesh Mandi Tribe,2020-03-12,https://www.youtube.com/watch?v=xdPhrBvDzis
#IndigenousPeoplesBD,Hajong Lewatana Dance II Lioyatana Culture Team.bd,2023-03-12,https://www.youtube.com/watch?v=G6j1Yzv61-0
#IndigenousPeoplesBD,Garo Tribe of Tripura,2020-03-12,https://www.youtube.com/watch?v=VjLvBdQYMsQ
#IndigenousPeoplesBD,World Refugee Day20 June,2023-03-12,https://www.youtube.com/watch?v=FpyqhwN6SHU
#IndigenousPeoplesBD,পার্বত্য শান্তি চুক্তির ২৬ বছর পার হলেও স্বীকৃত পায়নি আদিবাসীরা |Indigenous people | Channel S News,2025-03-11,https://www.youtube.com/watch?v=g0NzuN1HMBs
#IndigenousPeoplesBD,পাহাড়ি জনপদের উন্নয়নে সেনাবাহিনীর উদ্যোগ | Indigenous Day | Khagrachari News | Bangladesh Army,2025-08-13,https://www.youtube.com/watch?v=eqtW0A3br4s
#IndigenousPeoplesBD,জল-মাটির জীবন: সাতক্ষীরার মুন্ডাদের গল্প। Munda Indigenous Peoples Struggling with Climate Crises.,2026-01-10,https://www.youtube.com/watch?v=SQ5jkgJjufw
#IndigenousPeoplesBD,MAHA RAAS 2k19 -Festival of Raas Leela Madhobpur,2020-03-12,https://www.youtube.com/watch?v=PR8yNIYHiBw
#IndigenousPeoplesBD,Life and struggle of indigenous people in Chittagong Hill Tracts,2019-03-13,https://www.youtube.com/watch?v=95vaen5lCJ4
#IndigenousPeoplesBD,Pygmy People: পৃথিবীর সবচেয়ে খাটো মানব জাতি! 🌍 হারিয়ে যেতে বসেছে এক আদিম সম্প্রদায় | Max Shamim BD,2025-08-13,https://www.youtube.com/watch?v=6ndmhMlZdx0
#IndigenousPeoplesBD,Australia’s Epic History that You Won’t Believe !,2025-08-13,https://www.youtube.com/watch?v=96MfthhPhgY
#IndigenousPeoplesBD,Indian adivasi santali ঘরবাড়ি আগুনে সব কিছু পরে ছাই 2025,2025-04-15,https://www.youtube.com/watch?v=NcZH-QwvVQ8
#IndigenousPeoplesBD,Alikodom amtoly mro village dance!dance group!cholo Bangladesh.,2024-03-11,https://www.youtube.com/watch?v=wGh0jTWboSQ
#IndigenousPeoplesBD,"Adivasi Oraon marriage culture song,, Govind Nagar. Thakurga sadar. Bangladesh....",2025-03-11,https://www.youtube.com/watch?v=L7lYSx3u5Ko
#IndigenousPeoplesBD,"Adibashi people stage demo at Nadda, Baridhara",2019-03-13,https://www.youtube.com/watch?v=elNSex8OzK0
#IndigenousPeoplesBD,Bangladesh indigenous Garo dance. An'ching Achik Jat। F Minor। Cover Dance.,2023-03-12,https://www.youtube.com/watch?v=TAeIC2XFPpk
#IndigenousPeoplesBD,BD NI GIPIN JATRANG || INDIGENOUS DAY 2023 || BD GARO PRODUCTION,2024-03-11,https://www.youtube.com/watch?v=A2aC9c1bp4o
#IndigenousPeoplesBD,Asali aadivasi bhil,2019-03-13,https://www.youtube.com/watch?v=SHfcyQ4bdko
#IndigenousPeoplesBD,Bangladesh's Indigenous People: Beyond the Hills | কেমন আছেন আমাদের পাহাড়ের মানুষেরা | Part-1,2025-03-11,https://www.youtube.com/watch?v=oaGLvXWhFIM
#IndigenousPeoplesBD,stage performance nini kok ani kok at world Indigenous people day at takarjala,2022-03-12,https://www.youtube.com/watch?v=ZZ-92YoGkDE
#IndigenousPeoplesBD,INSIDE OF BIRISIRI GIRLS HOSTEL || GARO BAPTIST CONVENTION || BD GARO PRODUCTION || VILLAGE LIFE,2025-04-15,https://www.youtube.com/watch?v=Ar1vKsfrCjo
#IndigenousPeoplesBD,Summary of the tiger tribe #bd #school #animatedmovie #video #education #english #haveitoldyoula,2026-02-25,https://www.youtube.com/watch?v=64F-BHKbJTQ
#IndigenousPeoplesBD,"সরকারি চাকুরিতে আদিবাসী কোটা বহালের দাবি,Indigenous Quota in BD",2020-03-12,https://www.youtube.com/watch?v=WvapZQXsztA
#IndigenousPeoplesBD,Wnagala dance of Bangladeshi Garo | The meaning of wangala dance | Harvest festival celebrated,2024-03-11,https://www.youtube.com/watch?v=O0kzalZeCA0
#IndigenousPeoplesBD,Wangala Wangala Songs | Dhaka Wangala 2021 | Garo Indigenous Traditional Dance Video Songs,2022-03-12,https://www.youtube.com/watch?v=XxDQ3M1o2RM
#IndigenousPeoplesBD,God from Different Countries | Web Data BD | World Creator 4 |,2024-03-11,https://www.youtube.com/watch?v=zkACZt7TRno
#IndigenousPeoplesBD,INDIA ADIBASI MANUS  SIDU KANU  BIRSA MUNDASADU RAMCHAN MURMU KE NEW SANTALI VIDEO,2025-03-11,https://www.youtube.com/watch?v=tb1TY3C_vzw
#IndigenousPeoplesBD,Crisis in Bangladesh,2025-11-11,https://www.youtube.com/watch?v=8_arXr6s_Pc
#IndigenousPeoplesBD,Hindus in Bangladesh need your help | Durga puja violence in Bangladesh | Abhi and Niyu,2022-03-12,https://www.youtube.com/watch?v=hx3dsSlpbKk
#IndigenousPeoplesBD,new adivasi culture dance #adivasi #kurukhdandi bd 2024 indigenous festival...,2024-03-11,https://www.youtube.com/watch?v=SjLPB008Xq8
#IndigenousPeoplesBD,indigenous people karam puja Bangladesh || আদিবাসী কারাম উৎসব,2024-03-11,https://www.youtube.com/watch?v=57Vdkv8pbfE
#IndigenousPeoplesBD,আদিবাসীদের অতিথি আপ্যায়ন || Hospitality of indigenous people || AB Vlogs 2025,2025-08-13,https://www.youtube.com/watch?v=uVxnmw1b5ik
#IndigenousPeoplesBD,"Peyote Songs - Wakan Waci Blindman & Adam B.D: Tohatchi, N.M. - Midnight Water Call",2023-03-12,https://www.youtube.com/watch?v=wIBaPpE7CYo
#IndigenousPeoplesBD,Our ethnic friends | class eight,2026-02-09,https://www.youtube.com/watch?v=BXpMOR5EDVU
#IndigenousPeoplesBD,"Indigenous, ""Garo Kirton"" Dhorati Parish, COB, Edilpur Borosova 2023, BD. #carol",2024-03-11,https://www.youtube.com/watch?v=hracZwWVctk
#IndigenousPeoplesBD,"History of Ancient England (40,000 BC - 410 AD)",2025-04-15,https://www.youtube.com/watch?v=OcF3sAZ7P0M
#IndigenousPeoplesBD,Manipuri Tribal Wedding in Bangladesh: Cultural Journey,2025-05-15,https://www.youtube.com/watch?v=Yot8B2DK8FY
#IndigenousPeoplesBD,BD Santali Drummer Performance || BD Santal Dom Music #santali #santalidance #santalitraditional,2025-03-11,https://www.youtube.com/watch?v=ecK64z6RDLQ
#IndigenousPeoplesBD,LILIU BD with Noa Helela,2012-03-14,https://www.youtube.com/watch?v=GDM0LDL048M
#IndigenousPeoplesBD,TRUE Origins of Civilization - a viewpoint from B.D. Bourbourg (Part 3),2024-03-11,https://www.youtube.com/watch?v=o304eaaYF0c
#IndigenousPeoplesBD,#new #adivasi #karam festival 2023 indigenous culture Karam puja Bangladesh #bd2023 ..,2024-03-11,https://www.youtube.com/watch?v=rU2J1pmRF1w
#IndigenousPeoplesBD,Indigenous culture Bd team. #adivasi,2025-03-11,https://www.youtube.com/watch?v=OFJPuOSYhYM
#IndigenousPeoplesBD,"real good one from EeoN; copper color correcting the song, how the Cherokee nation has been wronged",2025-05-15,https://www.youtube.com/watch?v=1-2zjo9A3yM
#IndigenousPeoplesBD,Dhaka Wangala celebrations 2020 [Garo Dance ] Garo Song,2021-03-12,https://www.youtube.com/watch?v=e6z4Dnhh9tQ
#IndigenousPeoplesBD,Chini Tongthok Buisu 2025 – Traditional Tiprasa Festival by BD Tiprasa,2025-05-15,https://www.youtube.com/watch?v=2wdtoHDZ91o
#IndigenousPeoplesBD,আদিবাসী পল্লীতে----বাংলাদিসাম।। Adibashy pollyte----Bangladisam...,2025-03-11,https://www.youtube.com/watch?v=cQs2zmQM_n4
#IndigenousPeoplesBD,10 Unknown Facts about the United States. only info Bd.,2024-03-11,https://www.youtube.com/watch?v=bbAfh-9eArc
#IndigenousPeoplesBD,Ridoye Amar Bangladesh shopno amar Bangladesh | desher gaan | Mishkat,2020-03-12,https://www.youtube.com/watch?v=hsAq3we3tTg
#IndigenousPeoplesBD,Khagrachari Tribal Religious ceremony,2022-03-12,https://www.youtube.com/watch?v=CQ58e8OQBpk
#IndigenousPeoplesBD,F Minor || Kadong jachim Song || Wangala 2018 || Indigenous Female band || Bd Garo production||,2019-03-13,https://www.youtube.com/watch?v=lX4hUPbqFSI
#IndigenousPeoplesBD,বাংলাদেশী আদিবাসী সংস্কৃতি।।Bangladashy adibashy shngskrity......,2025-03-11,https://www.youtube.com/watch?v=EYFbHT--xSA
#IndigenousPeoplesBD,Salute to Matgrik and Guest in Garo Traditional dance,2025-03-11,https://www.youtube.com/watch?v=mg3IHMrXhjw
#IndigenousPeoplesBD,News update: ওপারে আক্রান্ত জনজাতিরা।প্রতিবাদের ঢেও এপারে।#tri #bd#indigenous# people#jm24,2025-03-11,https://www.youtube.com/watch?v=8zA19_CWCVw
#IndigenousPeoplesBD,নৃত্য / আদিবাসী নৃত্য / Indigenous Dance / অসাধারণ নৃত্য/ A wonderful tribal dance. Dance Video BD.,2025-03-11,https://www.youtube.com/watch?v=W8e-CUsiS1Y
#IndigenousPeoplesBD,Indigenous Peacock Dance II Indigenous Food & Crops Fair 2024,2025-03-11,https://www.youtube.com/watch?v=qPwOlZ2umtU
#IndigenousPeoplesBD,Dalu indigenous people ( ডালু আদিবাসী জনগোষ্ঠী ),2017-03-13,https://www.youtube.com/watch?v=r5VeLVuwgsw
#IndigenousPeoplesBD,hodi indigenous people (হদি আদিবাসী জনগোষ্ঠী),2017-03-13,https://www.youtube.com/watch?v=FlcxVqSKBPk
#IndigenousPeoplesBD,Jowash Marak |  Dhaka Wangala 2023 | Garo Indigenous Video Songs,2024-03-11,https://www.youtube.com/watch?v=7x3vkBr6YUI
#IndigenousPeoplesBD,Adivasi Talk about social development🏹Be sure to subscribe to get new videos//,2020-03-12,https://www.youtube.com/watch?v=rxVN7Q9aRMI
#IndigenousPeoplesBD,Wangala Festival in Dhaka  Bangladesh | Awesome Performance by the Garo Tribal Girls,2019-03-13,https://www.youtube.com/watch?v=IgPwSzzXysg
#IndigenousPeoplesBD,Nithujok Nithujok Nangko II Dhaka Garo Oithjyobahi Wangala 2025,2025-10-12,https://www.youtube.com/watch?v=qcvRXFuhRnk
#IndigenousPeoplesBD,Lusai Girls Bamboo Dance II World Tourism Day 2025 Dhaka,2025-10-12,https://www.youtube.com/watch?v=4bg6yVpZYtI
#IndigenousPeoplesBD,F-minor Team || Vlog with F-minor|| Bangladesh ni michik Band || Garo Vlog ||,2020-03-12,https://www.youtube.com/watch?v=De2FT_eK9FQ
#IndigenousPeoplesBD,F Minor Live Concert at Indigenous Food & Crops Fair 2024,2025-03-11,https://www.youtube.com/watch?v=pCr-bzvyaZM
#IndigenousPeoplesBD,Serajing I Garo Documentary Short Film (Official Video 2022),2023-03-12,https://www.youtube.com/watch?v=1Xe3qia9nBM
#IndigenousPeoplesBD,Achik Jatni Song Cover Dance I Dhaka Wangala 2024,2025-03-11,https://www.youtube.com/watch?v=otGQFHIr2Zo
#IndigenousPeoplesBD,Mandai indigenous people (মান্দাই আদিবাসী জনগোষ্ঠী),2017-03-13,https://www.youtube.com/watch?v=axK9I64oRQ8
#IndigenousPeoplesBD,"MRO romantic love song || Favorite song || Bandarban Chimbok, BD || EIDER RYM",2023-03-12,https://www.youtube.com/watch?v=V8DhbxpORIM
#IndigenousPeoplesBD,Nanggorere Goserong ||  Garo Folk Songs Dance. ||  Missra Chisim ||  Maynus Rongdi,2025-03-11,https://www.youtube.com/watch?v=yUfVQUdO7Sc
#IndigenousPeoplesBD,হামলাকারীরা গ্রে-প্তা-র না হলে যমুনা ঘেরাওয়ের হুঁশিয়ারী | Jamuna | Police | Indigenous | ATN News,2025-03-11,https://www.youtube.com/watch?v=vQHi1G36Kts
#IndigenousPeoplesBD,Garo Paharot Cover Dance I Dhaka Wangala 2024 I Garo Culture and Traditions,2025-03-11,https://www.youtube.com/watch?v=sn82cO9qMAQ
#IndigenousPeoplesBD,Ganna Gichak Garo Cover Dance   Dhaka Wangala 2024,2025-03-11,https://www.youtube.com/watch?v=ojRZB_hTjhg
#IndigenousPeoplesBD,Beautiful Garo dance on world indigenous peoples day | world indigenous day celebration 2023 |,2024-03-11,https://www.youtube.com/watch?v=0_BEvQGYV40
#IndigenousPeoplesBD,India adibasi traditional culture 2025,2025-03-11,https://www.youtube.com/watch?v=8lWudnj_U8M
#IndigenousPeoplesBD,Garo Traditional Music & Dance II Dhaka Wangala 2024,2025-03-11,https://www.youtube.com/watch?v=oIp3oS6xK1w
#IndigenousPeoplesBD,See how Adivasi people of Bangladesh🇧🇩 plant rice // ওঁরাও জাতিসত্তা আউশ ধান রোপণ করছে// ধান রোপণ//,2025-07-14,https://www.youtube.com/watch?v=a9ksl4XB4XY
#IndigenousPeoplesBD,Karam Festival in Bangladesh. #Oraon #adibash #karam # festival,2023-03-12,https://www.youtube.com/watch?v=I2kv79yVq5Q
#IndigenousPeoplesBD,World Indigenous Peoples Day || 9th August 2025|| Garo cover dance|| Toju's Vlog||,2025-08-13,https://www.youtube.com/watch?v=5ecg4ZcLpWM
#IndigenousPeoplesBD,Asanango Wangalo Garo Girls Cover Dance in Dhaka Wangala 2024,2025-03-11,https://www.youtube.com/watch?v=ecXbyUAkvm4
#IndigenousPeoplesBD,Marma Sangrai Dance । Colors of Hills,2025-03-11,https://www.youtube.com/watch?v=iJ3Rt6Rc27Y
#IndigenousPeoplesBD,Deyni dey Kney Kongong Hlare | Thui nai Prue | Bandarban marma Song | Indigenous of BD | ETC ZONE,2023-03-12,https://www.youtube.com/watch?v=KvUUMIm9vuk
#IndigenousPeoplesBD,Santali bapla anek siring traditional video 2025 wedding video,2025-04-15,https://www.youtube.com/watch?v=_7udmUneua4
#IndigenousPeoplesBD,"RERE, Do'doka (Traditional Wedding song of Garos), Aloki",2025-07-14,https://www.youtube.com/watch?v=cY2bHeVYLjM
#IndigenousPeoplesBD,Achikrangni History Song II Dhaka Wangala 2024,2025-03-11,https://www.youtube.com/watch?v=KdMq4BW5Frg
#IndigenousPeoplesBD,CRAZY FLOATING markets of BANGLADESH,2022-03-12,https://www.youtube.com/watch?v=5Z6EwfjcON8
#IndigenousPeoplesBD,World Indigenous Peoples Day || বিশ্ব আদিবাসী দিবস || विश्व मूलनिवासी दिवस || Thehinj Bisho Adibasi,2024-03-11,https://www.youtube.com/watch?v=hW1NA0SI5LA
#IndigenousPeoplesBD,santali Karam UT sob santali Karam dance 2025,2025-03-11,https://www.youtube.com/watch?v=48va78dC5U8
#IndigenousPeoplesBD,AKHRA ME KARAM KHELE JABEY || NEW SADRI ALBUM 2023|| SINGER : UZZAL EKKA || HORISHWAR & BITHI |,2024-03-11,https://www.youtube.com/watch?v=O5eQuchnri8
#IndigenousPeoplesBD,Cha Ooksay Hrima | Chaw thui Phru | Bandarban marma Song | Indigenous of BD | ETC ZONE,2023-03-12,https://www.youtube.com/watch?v=5OCTZKP67Bo
#IndigenousPeoplesBD,"Sindu Para, Mro is Kramma Religious festival video, People of Bangladesh 01/02/2020",2020-03-12,https://www.youtube.com/watch?v=HgiRFh3Ho5c
#IndigenousPeoplesBD,F-MINOR STAGE PERFORMANCE HI MO BABA RIGENOK,2020-03-12,https://www.youtube.com/watch?v=0lqPzFOkl5A
#IndigenousPeoplesBD,23 August 2025,2025-09-12,https://www.youtube.com/watch?v=CXpDuplWBVA
#IndigenousPeoplesBD,Who are the real natives of Bangladesh? - Wildology Bangla,2025-03-11,https://www.youtube.com/watch?v=qYqz-JLej3o
#IndigenousPeoplesBD,Swalok ko kyame kyame | U Ching Mong | Bandarban marma Song | Indigenous of BD | ETC ZONE,2023-03-12,https://www.youtube.com/watch?v=5aPDYrrokGw
#IndigenousPeoplesBD,"Latest garo dance 2023, Panihata Mission, BD. #youtube #youtubevideo #entertainment ,",2023-03-12,https://www.youtube.com/watch?v=admKyc5KZe8
#IndigenousPeoplesBD,Kalash New Collage 10,2022-03-12,https://www.youtube.com/watch?v=ofs5qynCRrM
#IndigenousPeoplesBD,New karma 🌱 dance & song🇧🇩 Bangladesh 🌱💃💓🎯,2021-03-12,https://www.youtube.com/watch?v=CREgWYXeZ4I
#IndigenousPeoplesBD,Santali baha prorob  Santali culture 2025,2025-05-15,https://www.youtube.com/watch?v=A4lh8qvqA-w
#IndigenousPeoplesBD,Khasi girl took me to her home | Khasi Village Lifestyle in Bangladesh,2025-09-12,https://www.youtube.com/watch?v=s0koyGxO64Q
#IndigenousPeoplesBD,Augustina calls for halt of BD Army deployment in peacekeeping missions until all camps withdrawn,2025-08-13,https://www.youtube.com/watch?v=yl4cETjyWDQ
#IndigenousPeoplesBD,আদিবাসীরা সরকারের কাছে নিজেদের স্বীকৃতি চান | Indigenous Recognition | Government Acknowledgment,2025-08-13,https://www.youtube.com/watch?v=AnY7NvbDIHA
#IndigenousPeoplesBD,Orginal Traditional KARAM Song and Dance 2024 of Bangladesh.,2025-03-11,https://www.youtube.com/watch?v=6UXbVL6KwbU
#IndigenousPeoplesBD,Garo Traditional Foods & Dress Fair Dhaka Wangala 2024,2025-03-11,https://www.youtube.com/watch?v=HoM8b3Vg0Ac
#IndigenousPeoplesBD,"#new_kurukh_vlog ,,baikkabeell,, Parking,, adivasi kurukh language #vlogger #2023_2024.বাইক্কা বিল,।",2024-03-11,https://www.youtube.com/watch?v=w8m9lyDjsJs
#IndigenousPeoplesBD,Regay Khyong Ma Rhi | Abu shing | Bandarban marma Song | Indigenous of BD | ETC ZONE,2023-03-12,https://www.youtube.com/watch?v=Wm9NcUQHWi4
#IndigenousPeoplesBD,Indigenous Knowledge | Biopiracy   | IGNOU MSO 003,2024-03-11,https://www.youtube.com/watch?v=Hs6ZdMyMdW4
#IndigenousPeoplesBD,Mr. Sujju Uddin has delivered a wonderful speech at UN Stakeholder dialogue on Rohingya crisis in BD,2025-09-12,https://www.youtube.com/watch?v=33LAV7XJ0vk
#IndigenousPeoplesBD,How to Make Traditional Clay House in the Villages in Bangladesh,2023-03-12,https://www.youtube.com/watch?v=Z0QIXcvRVV0
#IndigenousPeoplesBD,আদিবাসীদের অস্তিত্ব সংরক্ষণ ও মৌলিক অধিকার প্রতিষ্ঠার দাবি | Indigenous Peoples Day| Independent TV,2025-03-11,https://www.youtube.com/watch?v=anYDH7tae3s
#IndigenousPeoplesBD,Santali bapola dance 2024,2025-03-11,https://www.youtube.com/watch?v=YpJtEJuVa7s
#IndigenousPeoplesBD,Mizoram Chakma Protest On Bangladesh Army 🇧🇩🪖 | Yunus | #alleyesonbangladesh save Indigenous Chakma,2025-03-11,https://www.youtube.com/watch?v=AtcADONlmQ8
#IndigenousPeoplesBD,Shorts Speech Regarding National Award 2024 | Selected  Aronno Chiran | Due To Human Service,2025-03-11,https://www.youtube.com/watch?v=kXKZkySkAuM
#IndigenousPeoplesBD,saginj disom manot pera//atan daram video 🚩Boddbati Kirtana#santalivideo #santalivlog #santali,2024-03-11,https://www.youtube.com/watch?v=lyOsagDEUZo
#IndigenousPeoplesBD,Khyoisu Monggo Boiroh | Marma Song | Traditional Indigenous song | ETC ZONE,2023-03-12,https://www.youtube.com/watch?v=ILj1QTAViUU
#IndigenousPeoplesBD,Mymensingh Wangala 2023 | Garo Indigenous Traditional Dance,2024-03-11,https://www.youtube.com/watch?v=b5s5z1WRl7U
#IndigenousPeoplesBD,Carol Competition Garampara Circuit Bangladesh.,2023-03-12,https://www.youtube.com/watch?v=ACDn27w94VE
#IndigenousPeoplesBD,Pinaki is RIGHT and WRONG on this !! | Indigenous People | Pinaki Bhattacharya | TAHSIN Reacts,2025-03-11,https://www.youtube.com/watch?v=fArBpDFMP0Y
#IndigenousPeoplesBD,Bangladesh adivasi Milan Mela বাংলাদেশ আদিবাসী মিলন মেলা বিয়ের মেলা 2024,2025-03-11,https://www.youtube.com/watch?v=XD0ZNRIYOwQ
#IndigenousPeoplesBD,"#viral#Under police guard, Chhatra League goons attacked the students with indigenous weapons",2025-03-11,https://www.youtube.com/watch?v=uwL2kCbKT8g
#IndigenousPeoplesBD,Wangala festival in Dhaka Bangladesh |Traditional Festival Of Garo,2022-03-12,https://www.youtube.com/watch?v=F3syk3nXCbw
#IndigenousPeoplesBD,Bangladesh-Ritual Mouth-Organs Of The Murung,2022-03-12,https://www.youtube.com/watch?v=ak9kvejNUzA
#IndigenousPeoplesBD,"police brutalities in khagrachari, Chittagong Hill Tracts(CHT). Bangladesh.",2013-03-14,https://www.youtube.com/watch?v=kfh3OQhPv5Y
#MinorityRightsBD,"Human Rights Report From Bangladesh Says 116 Minority Citizens Killed In 7 Months, Flags Violence",2026-02-09,https://www.youtube.com/watch?v=0xOshIEqQVI
#MinorityRightsBD,People Protest In Siliguri Against Attacks On Minorities In Bangladesh | Bangladesh News | 4K,2026-01-10,https://www.youtube.com/watch?v=q6i98Nz7oxM
#MinorityRightsBD,BREAKING: Hindu’s Death in Bangladesh Sparks Global Condemnation | Rights Groups Warn of Pattern,2026-01-10,https://www.youtube.com/watch?v=JNBGfPWn1GM
#MinorityRightsBD,Shocking: Hindu Factory Owner Shot Dead in Bangladesh | Minority Safety Under Threat | N18G,2026-01-10,https://www.youtube.com/watch?v=6dSDTR5dneE
#MinorityRightsBD,Bangladesh: Thousands Protest Against Minority Ahmadiya Muslims in Dhaka | Firstpost | N18G,2025-12-11,https://www.youtube.com/watch?v=R3ZusyDWaXA
#MinorityRightsBD,"Bangladesh Elections 2026 | Jamaat Candidate Speaks To NDTV On Women, Minorities, & Change",2026-02-09,https://www.youtube.com/watch?v=vrwzpOEkfnk
#MinorityRightsBD,Bangladesh Elections 2026: Women & Minorities Face Rising Risks Before Polls,2026-02-09,https://www.youtube.com/watch?v=LA95tIEkBGM
#MinorityRightsBD,Bangladesh News: কীভাবে ধরা পড়ল হাদি ঘাতক ফয়সল ও আলমগীর? | Osman Hadi | Bangladesh Politics,2026-03-09,https://www.youtube.com/watch?v=nrIM5e_d_wA
#MinorityRightsBD,Bangladesh Burning: Hindu Man Killed in Dhaka Violence | Selective Outrage on Human Rights?,2026-01-10,https://www.youtube.com/watch?v=xXonZyqkkFw
#MinorityRightsBD,Bangladesh News: India-Bangladesh Tensions Rise After Hindu Lynching | Bangladesh Violence,2026-01-10,https://www.youtube.com/watch?v=9zGNPx3_8dc
#MinorityRightsBD,"Bangladesh Air Chief Visits Pakistan, Defence Ties Deepen Amid Minority Rights Concerns | NewsX",2026-01-10,https://www.youtube.com/watch?v=pp0KRm0sqqw
#MinorityRightsBD,Why Is India Worried About Minority Violence In Bangladesh? Latest Updates | NewsX,2026-01-10,https://www.youtube.com/watch?v=plReLKMsV90
#MinorityRightsBD,BJP Gheraos Bangladesh High Commission in Kolkata Over Attacks on Minorities,2026-01-10,https://www.youtube.com/watch?v=l8BXu3JrPuw
#MinorityRightsBD,Bangladesh Elections | Jamaat Calls Exclusion of Non-Muslims From Parliament | Hindus In Bangladesh,2026-02-09,https://www.youtube.com/watch?v=ioub-sH_900
#MinorityRightsBD,Bangladesh Crisis: 5th Hindu Killed; India Today Reports On Lawlessness Ahead Of Feb Elections,2026-01-10,https://www.youtube.com/watch?v=e8EKHKrSNQM
#MinorityRightsBD,Bangladesh Protest: Protest in Dhaka Against Mob Lynching of Hindu Youth Dipu Chandra Das | NewsX,2026-01-10,https://www.youtube.com/watch?v=qcR8U26P_9g
#MinorityRightsBD,Bangladesh Protests: Anger Over Killing Of Hindu Man in Bangladesh | WION News,2026-01-10,https://www.youtube.com/watch?v=t2RiJz7tCkU
#MinorityRightsBD,Bangladesh News Today | Unrest In Bangladesh Continues; US DOJ Responds To Removed Epstein Files,2026-01-10,https://www.youtube.com/watch?v=z17c0WkkUp8
#MinorityRightsBD,Bangladesh Erupts: Hindu Man Killed After Blasphemy Accusation As Mob Violence Spreads | Osman Hadi,2026-01-10,https://www.youtube.com/watch?v=-IRh5MZA2Ps
#MinorityRightsBD,Khalistanis Disrupt London Protest by Hindus Over Minority Killings in Bangladesh | News18,2026-01-10,https://www.youtube.com/watch?v=iJbzz1QZ8AQ
#MinorityRightsBD,Why Was Hindu Man Lynched In Bangladesh Violence | Xplained By NewsX,2026-01-10,https://www.youtube.com/watch?v=yB6eoeu4cnw
#MinorityRightsBD,Hindu Woman Raped in Bangladesh | Who Are The Accused In The Horrific Gang Rape Case In  Bangladesh?,2026-01-10,https://www.youtube.com/watch?v=TKUMB5MpiP0
#MinorityRightsBD,"Bangladesh Chaos: Hindu Worker Tied, Beaten & Burned Alive Amid Pakistan-Backed Unrest | N18G",2026-01-10,https://www.youtube.com/watch?v=iCt7aPHhLXM
#MinorityRightsBD,"Bangladesh Elections 2026: Security, Minority Concerns ahead of voting | DD India",2026-02-09,https://www.youtube.com/watch?v=GsCeJ2R0UXk
#MinorityRightsBD,BREAKING: Hindu Youth Brutally Killed By A Mob In Bangladesh Amid Anti-india Protests | News18,2026-01-10,https://www.youtube.com/watch?v=--7xyQVqqic
#MinorityRightsBD,Bangladesh - Dawn of Islamism | DW Documentary,2019-03-13,https://www.youtube.com/watch?v=J6DxXI6wD8U
#MinorityRightsBD,#ActForEqual: Advocating for Women's Property Rights in Bangladesh,2022-03-12,https://www.youtube.com/watch?v=tOTds0yUKJU
#MinorityRightsBD,MEA Clarifies Protest Outside Bangladesh High Commission in New Delhi,2026-01-10,https://www.youtube.com/watch?v=rvDyS9ZkCM0
#MinorityRightsBD,Efforts to Secure Social Justice in Bangladesh: Surging Sentiments and Shrinking Spaces,2018-03-13,https://www.youtube.com/watch?v=f7KZPHr4SH8
#MinorityRightsBD,India First Debate: Hindus Unsafe In Bangladesh Under Md Yunus Govt? | Hindu Killings In Bangladesh,2026-01-10,https://www.youtube.com/watch?v=1qTIMqXEOXY
#MinorityRightsBD,Fulfilling Indigenous Peoples’ and Minority Rights to Culture and Language,2019-03-13,https://www.youtube.com/watch?v=qT-ilSxFtxg
#MinorityRightsBD,"Bangladesh Crisis: Journalist Muktadir Rashid Claims 'Secular Lynching' Of Hindu Man, Denies",2026-01-10,https://www.youtube.com/watch?v=E6oM08rVzoQ
#MinorityRightsBD,Bangladesh Election Results: BNP Leads as India Watches Impact on Bilateral Ties and Minority Safety,2026-02-18,https://www.youtube.com/watch?v=yftAEk8WWYc
#MinorityRightsBD,Bangladesh On Boil After Hindu Man Lynched; War On Streets Of Dhaka | ‘No Mercy…’,2026-01-10,https://www.youtube.com/watch?v=CxwJ4VjY-eI
#MinorityRightsBD,HDR DV WCG ANALYSIS ( Minority Report 2002 ) 4K UHD Blu Ray REVIEW vs 1080p BD SDR 100nits,2026-01-10,https://www.youtube.com/watch?v=Bg8mBQOh2d0
#MinorityRightsBD,"Hindu Minorities in Bangladesh Face Crisis, Says Canadian MP Melissa Lantsman",2026-01-10,https://www.youtube.com/watch?v=tIhVdLpNSBc
#MinorityRightsBD,"Bangladesh Unrest: Hindu Man Lynched By Mob Over Blasphemy Allegations; BJP Hits Out, Says.. | Watch",2026-01-10,https://www.youtube.com/watch?v=1Er9TquV91o
#MinorityRightsBD,American Muslim Leaders on Bangladesh Human Rights Violations,2011-03-15,https://www.youtube.com/watch?v=GCM6QyiUhic
#MinorityRightsBD,"Siliguri Protests Against Reported Attacks on Minorities in Bangladesh, Justice Demanded",2026-01-10,https://www.youtube.com/watch?v=gdR3SL-dp9c
#MinorityRightsBD,HINDU Dipu Chandra Das Lynching: Truth Behind Bangladesh Mob Violence | Hindu in Bangladesh,2026-01-10,https://www.youtube.com/watch?v=lc01aSN24G0
#MinorityRightsBD,Bangladesh elections: The resurgence of Jamaat-e-Islami | Sreenivasan Jain & Shafiqur Rahman,2026-02-09,https://www.youtube.com/watch?v=VggA8Fsnpmk
#MinorityRightsBD,"Bangladesh Unrest | No End To Bangladesh Crisis, Minorities Targeted Again",2026-01-10,https://www.youtube.com/watch?v=_UGi_hhaDzk
#MinorityRightsBD,Hindu Man Burnt Alive: Bangladesh Violent Protests Target India | Osman Hadi Killing & Funeral ,2026-01-10,https://www.youtube.com/watch?v=V8oAF7RjZkw
#MinorityRightsBD,Breaking News: Pro-Bangla Group Protests Outside Bangladesh Embassy In Kolkata Over Minority Attacks,2026-01-10,https://www.youtube.com/watch?v=SqnXbazQHQk
#MinorityRightsBD,"Bangladesh Interim Govt Issues Statement, 'Condemn The Lynching Of Hindu Man In Mymensingh' | News18",2026-01-10,https://www.youtube.com/watch?v=FewpMiOgw-s
#MinorityRightsBD,Bangladesh's Hindu minority in fear as attacks rise and national election nears,2026-02-09,https://www.youtube.com/watch?v=jl1wtkTbAL8
#MinorityRightsBD,"Bangladesh News Today | Hindu Auto Driver, 28, Beaten To Death In Bangladesh",2026-02-09,https://www.youtube.com/watch?v=hWmEYxeuG-E
#MinorityRightsBD,Bangladesh: A conference in the European Parliament discussed Human Rights Violations in the country,2023-03-12,https://www.youtube.com/watch?v=lGSQQmk2jsE
#MinorityRightsBD,Gaurav Sawant Hosts Debate In Bangladesh Election: What Does Tarique Rahman's Win Mean For India?,2026-02-18,https://www.youtube.com/watch?v=Kx1H4rWkYbo
#MinorityRightsBD,"Bangladesh, High Level Segment   5th Meeting, 46th Regular Session Human Rights Council",2021-03-12,https://www.youtube.com/watch?v=V6mmagB0ht4
#MinorityRightsBD,Tiny Catholic community in Dhaka prepares to welcome pope,2022-03-12,https://www.youtube.com/watch?v=UnYaQWny_GY
#MinorityRightsBD,Breaking: India Condemns Bangladeshi Media’s ‘Misleading Propaganda’ Amid Unrest | N18G,2026-01-10,https://www.youtube.com/watch?v=GX5Rc-hVkSc
#MinorityRightsBD,3 From Ethnic Minority Groups Killed In Bangladesh During Protests Over Sexual Abuse | 4K | N18G,2025-10-12,https://www.youtube.com/watch?v=uF2egxFTvvw
#MinorityRightsBD,"Bangladesh: Army Fires on Hindus, Buddhists Protesting Rape, Temple Attacks | India Today News",2025-10-12,https://www.youtube.com/watch?v=_rDV5XIc8ac
#MinorityRightsBD,"UN: Rohingya exodus to Bangladesh exceeds 400,000",2018-03-13,https://www.youtube.com/watch?v=2GKnQebX8-M
#MinorityRightsBD,"Hindus Killed, Temples Burned As UK MP Flags Bangladesh Crisis Ahead Of Controversial Elections",2026-02-09,https://www.youtube.com/watch?v=15-g9KDC0aE
#MinorityRightsBD,"Pawan Kalyan, Priyanka Gandhi Condemn Lynching of Hindu Worker in Bangladesh | India Today News",2026-01-10,https://www.youtube.com/watch?v=Kz5cpid-ZpE
#MinorityRightsBD,BNP Landslide in Bangladesh Polls: How Will Tarique Rahman Redefine Foreign Policy? Explained,2026-02-18,https://www.youtube.com/watch?v=HoXwApPlQe4
#MinorityRightsBD,জামাত নেতার সাক্ষাৎকার - অপ্রিয় সত্য - The Echo Room - Jamaat Leader Interview trailer,2026-02-09,https://www.youtube.com/watch?v=Ib2Ly6c6NX0
#MinorityRightsBD,"Bangladesh Burns After Hadi Death: Newsrooms Attacked, Hindu Lynched, India Targeted | 4K | N18G",2026-01-10,https://www.youtube.com/watch?v=X2p2XpFpgYs
#MinorityRightsBD,"Bangladesh before the elections: Faith, Youth and Freedom | DW Reporter",2026-02-09,https://www.youtube.com/watch?v=EKJAowRL58o
#MinorityRightsBD,Ethnic Minority in Bangladesh,2025-03-11,https://www.youtube.com/watch?v=6OJpgOBsR9c
#MinorityRightsBD,Hindu Saints Lead Protest In Nepal Over Dipu Chandra Das' Lynching In Bangladesh Violence,2026-01-10,https://www.youtube.com/watch?v=wOqBvyf9P2A
#MinorityRightsBD,Bangladesh Hindus Attacked: Why It Is Right Time For Indian Muslims To Stand Up And Protest | N18G,2025-03-11,https://www.youtube.com/watch?v=yJlygvAxRXQ
#MinorityRightsBD,"Bangladesh News: খেলা জমে গেছে, খলিলুর ছুটলেন আমেরিকায় | Khalilur Rahman | BD Politics | US Visit",2026-01-10,https://www.youtube.com/watch?v=MtRJ5lLFIVc
#MinorityRightsBD,Bangladesh News: Hindu Home Torched in Chittagong; Resident Alleges 'Burqa Coercion' | India Today,2026-01-10,https://www.youtube.com/watch?v=v3J3HRmTwVg
#MinorityRightsBD,BNP or Jamaat-E-Islami: Who Will Win Bangladesh’s Crucial 2026 Election? | India Today Global,2026-02-18,https://www.youtube.com/watch?v=kJ1xvVsd6vo
#MinorityRightsBD,"Bangladesh News: বাংলাদেশ সফরে ট্রাম্পের দূত, এবার কী ঘটবে?... | Donald Trump | Muhammad Yunus",2025-12-11,https://www.youtube.com/watch?v=wJ7gcqdCgA0
#MinorityRightsBD,Priest Discusses Refugee Crisis in Bangladesh,2018-03-13,https://www.youtube.com/watch?v=zFgMWZ5RBko
#MinorityRightsBD,How safe are minorities in Bangladesh?,2023-03-12,https://www.youtube.com/watch?v=tEpLqsWFtPA
#MinorityRightsBD,Bangladesh News: তারেককে কেন ধমক দিলেন ট্রাম্প? | BNP | Tarique rahman | Donald Trump | BD Politics,2026-02-25,https://www.youtube.com/watch?v=ON-xgTOwibk
#MinorityRightsBD,"Bangladesh: Another Hindu Man Lynched, Yunus Denies  Communal Angle | Firstpost Live | N18G",2026-01-10,https://www.youtube.com/watch?v=Ag_H9r_SbaE
#MinorityRightsBD,রাস্তায় বের হলেই 'চুং চাং' বলে হে/ন/স্তা: হেমা চাকমা | Hema Chakma | Minority Rights | Kaler Kantho,2026-02-25,https://www.youtube.com/watch?v=1-jcJLW8tbM
#MinorityRightsBD,'We want peace': How Bangladesh's Hindus are seeing the upcoming election | BBC News India,2026-02-09,https://www.youtube.com/watch?v=sB-Y6ocBu0E
#MinorityRightsBD,Another Hindu Man Beaten to Death in Bangladesh | Vantage with Palki Sharma | N18G,2026-01-10,https://www.youtube.com/watch?v=ySGin-aY3jg
#MinorityRightsBD,Bangladesh Minorities Protest Mob Lynching of Hindu Youth Dipu Chandra Das in Dhaka,2026-01-10,https://www.youtube.com/watch?v=VP-XjK5ZT-Q
#MinorityRightsBD,"""Chief Justice Removal Must Be Stopped"" — Inside the Minority’s Emotional Plea to Mahama | BD",2025-05-15,https://www.youtube.com/watch?v=3xnhmCDERAA
#MinorityRightsBD,Rohingyas flee through fields into Bangladesh,2018-03-13,https://www.youtube.com/watch?v=EPUG_WY5oPo
#MinorityRightsBD,"Bangladesh News :পুলিশ হ*ত্যার বিচার,সিঁটিয়ে হাসনাত-সারজিসরা |Nahid Islam | Sarjis Alam |BD Politics",2026-03-06,https://www.youtube.com/watch?v=GGg6pe1srcc
#MinorityRightsBD,BREAKING: Hindu Youth Brutally Killed By A Mob In Bangladesh Amid Anti-india Protests | News18,2026-01-10,https://www.youtube.com/watch?v=O68w2Bo1H5U
#MinorityRightsBD,Hindu Killings Pile Up in Bangladesh: Journalist Rana Bairagi Shot Dead in Public | News18,2026-01-10,https://www.youtube.com/watch?v=xmUoPnLfeAM
#MinorityRightsBD,Another Hindu Attacked In Bangladesh; Khokon Chandra Das Critical After Mob Assault | Watch,2026-01-10,https://www.youtube.com/watch?v=xseP7lqXZvY
#MinorityRightsBD,More Rohingya refugees moved to remote Bangladesh island,2021-03-12,https://www.youtube.com/watch?v=rbTydXi6Vxk
#MinorityRightsBD,Is Bangladesh Still Safe for Hindus? | All Eyes on Bangladesh Hindus | Dipu Chandra Das,2026-01-10,https://www.youtube.com/watch?v=ccT2AewSpoY
#MinorityRightsBD,ICHRRF Hearing on Human Rights violations in Bangladesh | Diya TV,2022-03-12,https://www.youtube.com/watch?v=ZLaXzmLhdwc
#MinorityRightsBD,"Bangladesh Hindu Attack News: 2,200 Cases Of Voilence Against Hindus In Bangladesh | India Today",2025-03-11,https://www.youtube.com/watch?v=Ri45_0hPN1E
#MinorityRightsBD,ভারতে চলমান সংখ্যালঘুদের ওপর হামলায় বাংলাদেশের নিন্দা ও উদ্বেগ | BD Protest on India | Jamuna TV,2026-01-10,https://www.youtube.com/watch?v=gURBFG_738s
#MinorityRightsBD,Transgender people to gain inheritance rights in Bangladesh: Law Minister,2021-03-12,https://www.youtube.com/watch?v=5gOkqQx81K8
#MinorityRightsBD,Hindu Durga Temple Demolished in Bangladesh's Capital Dhaka | Bangladesh Protest | India Today,2025-07-14,https://www.youtube.com/watch?v=dt1VMpDPQs8
#MinorityRightsBD,Hindu Man Lynched In Bangladesh | No Justice For Dipu Das? | NewsX,2026-01-10,https://www.youtube.com/watch?v=f6jnyni6Ypo
#MinorityRightsBD,"Aroma Dutta MP,  Dialogue on ensuring minority rights",2022-03-12,https://www.youtube.com/watch?v=5cHYG0JiD2M
#MinorityRightsBD,Pt.8 - The Stunning Silence Of Modi Govt. As Hindus Come Under Fire in Bangladesh | Akash Banerjee,2026-01-10,https://www.youtube.com/watch?v=emUaV1B2wyw
#MinorityRightsBD,"Plight of Rohingya, The most Persecuted Ethnic Minority",2019-03-13,https://www.youtube.com/watch?v=ekuege0I86I
#MinorityRightsBD,"LIVE: India Rises Against Hindu Hate in Bangladesh | Protests, Outrage & Diplomatic Pressure",2026-01-10,https://www.youtube.com/watch?v=47JlNjeIRIg
#MinorityRightsBD,Bangladesh News: পুলিশ হ*ত্যার তদন্ত! আতঙ্কে নাহিদ-সারজিসরা! | Nahid Islam Sarjis Alam BD Politics,2026-03-01,https://www.youtube.com/watch?v=zww6ZQrhPgo
#MinorityRightsBD,Bangladesh  Shocker: Another Man Hindu Man Lynched Days After Dipu Chandra Das Killing,2026-01-10,https://www.youtube.com/watch?v=VyRJ9OSUvsU
#MinorityRightsBD,"Islamist Mob Attacks Rock Concert in Bangladesh, Injuring 20 at School Anniversary Event",2026-01-10,https://www.youtube.com/watch?v=BDwKVVRuVpk
#MinorityRightsBD,"Rohingya Refugee Crisis - Cox'sbazar, Bangladesh - Susuaville - Making Change Happen",2020-03-12,https://www.youtube.com/watch?v=4brDGJvRC48
#MinorityRightsBD,Bangladesh | No Indigenous People & Minorities in Constitution Reform Commission | DD India | Debate,2025-03-11,https://www.youtube.com/watch?v=Vm5godnyUN8
#MinorityRightsBD,Bangladesh Protests Explained | Why Anti-India Slogans Are Being Raised? | Osman Hadi | StudyIQ IAS,2026-01-10,https://www.youtube.com/watch?v=F7YwYTbZjf8
#MinorityRightsBD,Bangladesh government orders media ban on word ‘Indigenous’,2023-03-12,https://www.youtube.com/watch?v=_9n1eS_-Qq4
#MinorityRightsBD,Bangladesh News: ভোটে কারচুপির ছক কষছেন ইউনুস! Muhammad Yunus | Sheikh Hasina | Bangladesh Politics,2025-11-11,https://www.youtube.com/watch?v=KgvAtrpHSHU
#MinorityRightsBD,"Bangladesh Unrest: Hindu Groups Hold Protest In Kishtwar Over Attacks On Community, Call For Bandh",2026-01-10,https://www.youtube.com/watch?v=qKPne_LDUFI
#MinorityRightsBD,Can Bangladesh Eurofighters infiltrate India's mighty Air Defence Wall 'Sudarshan Chakra'? | WION,2026-01-10,https://www.youtube.com/watch?v=jY5SaOhrp7E
#MinorityRightsBD,Bangladesh News : বাংলাদেশের নয়া রাজনীতি কি করবেন তারেক ? |Bangladesh |Tarique Rahaman | BD Politics,2026-03-09,https://www.youtube.com/watch?v=NYqp7ZFrnfA
#MinorityRightsBD,Bangladesh News : হাসিনাকে দেশে ফেরাতে মরিয়া ইউনুস | Muhammad Yunus | Sheikh Hasina | Bd Politics,2025-12-11,https://www.youtube.com/watch?v=sNWTtujwOEw
#MinorityRightsBD,Bangladesh News: সুবিধা নিয়ে বেইমানি! মিরজাফর কে?|Muhammad Yunus| Sheikh Hasina |Nahid | BD Politics,2025-11-11,https://www.youtube.com/watch?v=KMbqdanbrHY
#MinorityRightsBD,"Bangladesh News : এনসিপিতে ফের ভাঙন, দল ছাড়লেন আরও ৭ | NCP Party | BD Politics | Bd News | Bd Live",2026-03-06,https://www.youtube.com/watch?v=ws_IPYoVsgQ
#MinorityRightsBD,Bangladesh Election 2026:ডোভালের চালে কাত ওয়াকার ! |Waker uz Zaman| Ajit Doval | Bangladesh Politics,2026-01-10,https://www.youtube.com/watch?v=BBQCUazza2w
#MinorityRightsBD,Bangladesh News : সোমবার উত্তাল হতে চলেছে বাংলাদেশ ! | Muhammad Yunus| Sheikh Hasina | BD Politcs,2025-11-11,https://www.youtube.com/watch?v=4Lk-p6j3sNI
#MinorityRightsBD,Bangladesh News : এবার বজেন্দ্র বিশ্বাস  হিন্দু মা*রতে খুব মজা! | Muhammad Yunus | Bangladeshi Hindu,2026-01-10,https://www.youtube.com/watch?v=YiJIDFKTQJ4
#MinorityRightsBD,Bangladesh News : তারেকের হাতেই সেনা সংস্কার | Bangladesh | Tarique Rahaman | BD Army | BD Politics,2026-02-25,https://www.youtube.com/watch?v=sPbPzEK8p1s
#MinorityRightsBD,Bangladesh News: আওয়ামী লীগে নিষেধাজ্ঞা চান না তারেক | sheikh hasina | Awami League | Tarique Rahman,2026-02-09,https://www.youtube.com/watch?v=c8DX63vAR28
#MinorityRightsBD,"HinduPost interviews Shri Rabindra Ghosh, President of Bangladesh Minority Watch",2019-03-13,https://www.youtube.com/watch?v=_A-LAjzo-MU
#MinorityRightsBD,Bangladesh News : তারেক-জয়শঙ্কর গোপন বৈঠক | Jayshankar | Tarique Rahman | India Bangladesh Relation,2026-01-10,https://www.youtube.com/watch?v=X5yaJd-xAho
#MinorityRightsBD,Mobocracy against Minorities in Yunus’ First Year,2025-11-11,https://www.youtube.com/watch?v=nrOmAuh5Kqk
#MinorityRightsBD,Bangladesh News: মন্ত্রী হচ্ছেন রুমিন? | Tarique Rahman | Sheikh Hasina | BD Politics | Bd Election,2026-02-09,https://www.youtube.com/watch?v=tRU-4be-mYQ
#MinorityRightsBD,Bangladesh News : জেলে মৃ*ত্যু হাসিনার বাঙালি মন্ত্রীর! বিপাকে ইউনুস | BD Politics | Sheikh Hasina,2026-02-09,https://www.youtube.com/watch?v=NSG43QlfFK0
#MinorityRightsBD,Seminar by Bangladesh Minority Watch In Paris,2012-03-14,https://www.youtube.com/watch?v=Ui1LErJ9JfA
#MinorityRightsBD,Hindu Businessman Shot Dead In Bangladesh’s Jessore Amid Rising Attacks | News9,2026-01-10,https://www.youtube.com/watch?v=niM50MVaV74
#MinorityRightsBD,'Hindus have equal rights': Bangladesh PM Sheikh Hasina's message on Janmashtami,2023-03-12,https://www.youtube.com/watch?v=93_zqrmiGYo
#MinorityRightsBD,Policy Dialogue on Electoral Commitments to Inclusive Democracy and Minority Rights,2026-01-10,https://www.youtube.com/watch?v=DWJzt5Up0n4
#MinorityRightsBD,The Biharis fight for recognition in Bangladesh's refugee camps,2020-03-12,https://www.youtube.com/watch?v=Wquha5rZuBo
#MinorityRightsBD,"Bangladesh Election 2026 : Yunus-কে কটাক্ষ, ভোটের আগে এ কী বললেন Sajeeb Wazed Joy ! | BD Politics",2026-02-09,https://www.youtube.com/watch?v=8_UlUgn7Qe8
#MinorityRightsBD,Bangladesh News: পরবর্তী রাষ্ট্রপতি! তারেক কাকে চান? | BNP | Tarique rahman | Bangladesh President,2026-02-25,https://www.youtube.com/watch?v=BhqjorfWFr4
#MinorityRightsBD,Bangladesh News : ভারতের কোন শর্তে ফিরেছেন তারেক ? |Tarique Rahaman| Bnp |Muhammad Yunus|Bd Politics,2026-01-10,https://www.youtube.com/watch?v=pf3l0a4nhHo
#MinorityRightsBD,"Afghanistan, Pakistan, Bangladesh failed to protect minorities, Shah in Rajya Sabha",2020-03-12,https://www.youtube.com/watch?v=2gfKlhjt35g
#MinorityRightsBD,Bangladesh News : ইউনুসকে যোগ্য জবাব বাংলাদেশের জন্য বন্ধ ভারতের দরজা! |Muhammad Yunus | Bd Politics,2026-01-10,https://www.youtube.com/watch?v=--ALGDcqXbI
#MinorityRightsBD,"Bangladesh Election 2026 : বিএনপিতে ৭০০ যোগদান, ভাঙছে কারা?...| Tarique Rahman | BNP | BD Politics",2026-02-09,https://www.youtube.com/watch?v=wNjw4P1A4Ps
#MinorityRightsBD,Bangladesh News : নিষিদ্ধ ধর্মপ্রচারককেই লাল কার্পেট ইউনুসের !|Muhammad Yunus |Sheikh Hasina|Modi,2025-11-11,https://www.youtube.com/watch?v=4Iu8Vqu4DKo
#MinorityRightsBD,Bangladesh News : ইউনুসকে কেন পাত্তা দিলেন না জয়শঙ্কর ? | Muhammad Yunus | India Bangladesh Relation,2026-01-10,https://www.youtube.com/watch?v=eK9BUQ29PbE
#MinorityRightsBD,Anti-India Sentiment Is New Recipe for Political Power in Bangladesh,2026-01-10,https://www.youtube.com/watch?v=DIhLWv-ndBY
#MinorityRightsBD,Bangladesh News:ইউনুসই হাদির খু*নী! প্রকাশ্যে চাঞ্চল্যকর প্রমাণ|Osman Hadi | Muhammad Yunus |BD News,2026-01-10,https://www.youtube.com/watch?v=rgIhgoJnS1s
#MinorityRightsBD,Bangladesh Election:বাংলাদেশের পরবর্তী প্রধানমন্ত্রী জামায়াত আমির ?   | Jamat E Islami | Bd Politics,2026-02-09,https://www.youtube.com/watch?v=q5hsC8VXOcs
#MinorityRightsBD,Bangladesh News : CIA doctrine প্রকাশ্যে ! | Pakistan | JF-17 Jet | Muhammad Yunus | Bd Politics,2026-01-10,https://www.youtube.com/watch?v=a-1UeQVnnLI
#MinorityRightsBD,Bangladesh News : আওয়ামী লীগ প্রধানমন্ত্রী করছে তারেক রহমানকে | Tarique rahman | Awami League,2026-02-09,https://www.youtube.com/watch?v=Pw3bpt5GWGE
#MinorityRightsBD,Saraswati Puja 2026: A Festive Celebration of Religious Harmony in Bangladesh,2026-02-09,https://www.youtube.com/watch?v=B8Ku4lrHifA
#MinorityRightsBD,Bangladesh News : এবার লড়াই হাসিনা বনাম ইউনুসের | Sheikh Hasina | Muhammad Yunus | BD Politics,2025-12-11,https://www.youtube.com/watch?v=in1OqnK5WcQ
#MinorityRightsBD,Bangladesh Election Results: Islamist Surge In The Country? | The Hard Facts | News18,2026-02-18,https://www.youtube.com/watch?v=UWVAJc8JuvI
#MinorityRightsBD,Bangladesh News: Reset Button pressed! ফিরছে হাসিনা কাঁপছে ইউনুস ! Muhammad Yunus Sheikh Hasina,2025-11-11,https://www.youtube.com/watch?v=ou_Rv8FEfXc
#MinorityRightsBD,Bangladesh Election: সামনে নির্বাচন! কে হবেন বাংলাদেশের প্রধানমন্ত্রী? | Bangladesh Politics,2026-02-09,https://www.youtube.com/watch?v=AXU3E-tfDXc
#MinorityRightsBD,Bangladesh News : প্রধানমন্ত্রীত্বে কেন অনীহা ইউনুসের?|Muhammad Yunus | Sheikh Hasina | Bd Politics,2025-12-11,https://www.youtube.com/watch?v=WtLSGD4TVqY
#MinorityRightsBD,"Bangladesh News: গুলশানে বৈঠক তারেকের, রুমিনের হুঙ্কার | Tarique Rahman | BD Politics Rumeen Farhana",2026-02-09,https://www.youtube.com/watch?v=moA08jbGImY
#MinorityRightsBD,Bangladesh News: হাসিনাকে দেশছাড়া করায় পুরস্কার ওয়াকারকে ! Sheikh Hasina|Muhammad Yunus|Bd Politics,2025-12-11,https://www.youtube.com/watch?v=7hLdspL7sAM
#MinorityRightsBD,Bangladesh News: হাসিনার পর কে প্রধানমন্ত্রী? | Sheikh Hasina | BNP | Tarique Rahman | Awami League,2026-02-18,https://www.youtube.com/watch?v=lkA5AJnzOdk
#MinorityRightsBD,"Bangladesh News: হাসিনার জয় নিশ্চিত, কাঁটা বিছোতে ব্যস্ত ইউনুস ? | Muhammad Yunus | Sheikh Hasina",2025-11-11,https://www.youtube.com/watch?v=bEoRSVUel9Y
#MinorityRightsBD,Bangladesh News:ইউনুসের খবরদারি! চুপ কেন সংবাদ মাধ্যম ?|Muhammad Yunus | Sheikh Hasina |BD Politics,2025-12-11,https://www.youtube.com/watch?v=bKQGEkCsR1U
#MinorityRightsBD,Bangladesh News: একগুচ্ছ ঋণ! বাংলাদেশকে ডোবালেন ইউনুস | Bangladesh Politics | Muhammad Yunus BD Loan,2026-02-09,https://www.youtube.com/watch?v=Yf3Thl3BS-U
#MinorityRightsBD,সংসদে ৬০টি' সংরক্ষিত আসন চায় সংখ্যালঘুরা | Minority | Bangladesh | The Financial Express,2025-03-11,https://www.youtube.com/watch?v=168kTK31rSg
#MinorityRightsBD,"Bangladesh News : টাকা সরাচ্ছেন ইউনুস, প্রমাণ দিলেন জয় |Muhammad Yunus|Sajeeb Wajed Joy |Bd Politics",2026-01-10,https://www.youtube.com/watch?v=R82LhiGeBNI
#MinorityRightsBD,"Dr. Tharoor, Before You Judge Bangladesh, Have You Looked in the Mirror? (আমাদের জবাব)",2025-10-12,https://www.youtube.com/watch?v=YZnnzUXEj4w
#MinorityRightsBD,Bangladesh News : ভারতের জাকির-বার্তা! চুপসে গেলেন ইউনুস | Muhammad Yunus | Dr. Zakir Nayek | INDIA,2025-11-11,https://www.youtube.com/watch?v=gaoDv7Eo_Y8
#MinorityRightsBD,Bangladesh News :লকডাউন সফল ইউনুস গেলেন সেনা কার্যালয়ে |Muhammad Yunus | Sheikh Hasina |Bd Politics,2025-12-11,https://www.youtube.com/watch?v=VFCrn4FO_kA
#MinorityRightsBD,"Bangladesh Election 2026: BNP & Jamaat Vie For Power After Hasina's Exit, Hindus In Fear | Spotlight",2026-02-09,https://www.youtube.com/watch?v=WxMdbU5x6fQ
#savehindus,"“Modi Ji, Save Hindus”: Protestors Seek PM Modi’s Intervention Over Hindus in Bangladesh",2026-01-10,https://www.youtube.com/watch?v=PAkFNAS3-i4
#savehindus,SAVE HINDUS,2026-01-10,https://www.youtube.com/watch?v=Ff5laC2xRNU
#savehindus,‘Save Hindus in Bangladesh!’ Massive Outrage Over Hindu Youth Lynching in Bangladesh |Protests Erupt,2026-01-10,https://www.youtube.com/watch?v=30upz2iO1So
#savehindus,Please Save Hinduism From Hindus || Podcast #114,2025-11-11,https://www.youtube.com/watch?v=VoGEu9GxXCU
#savehindus,"'Modi Ji, Save Hindus' Protesters in Delhi Demand PM Modi To Act Against Bangladesh Violence | N18G",2026-01-10,https://www.youtube.com/watch?v=IidAyzTh0q0
#savehindus,UK Hindus Fight To Save Temple In Court | Indian Abroad | UK News,2026-03-09,https://www.youtube.com/watch?v=eMqaw2GqBos
#savehindus,Save Hindus in Bangladesh : What India can do?,2026-01-10,https://www.youtube.com/watch?v=Ujz1Twu9Dj4
#savehindus,What Can Hindus Do to Save Hinduism? | Hinduism News,2019-03-13,https://www.youtube.com/watch?v=GFBVls95U08
#savehindus,Explained: Can Tarique Rahman Save Bangladesh’s Hindus?,2026-02-18,https://www.youtube.com/watch?v=bHznqEVSDvA
#savehindus,Save Hindu and hindu temple,2022-03-12,https://www.youtube.com/watch?v=bt1OXF7q4eU
#savehindus,Save Hindus of Bangladesh | Shocking Ground Reality | Human Rights Crisis,2026-01-10,https://www.youtube.com/watch?v=lsRhAKkD7mU
#savehindus,Cornerstone - S2 - E03 - Only Jesus Can Save Hindus,2021-03-12,https://www.youtube.com/watch?v=E2GmCFbjBN4
#savehindus,Col Ajay Raina & Aadi Can India save all Hindus from Bangladesh? TRINETRA 18,2026-01-10,https://www.youtube.com/watch?v=24xCxwpSmi0
#savehindus,Bangladesh Unrest Latest News: 'Save Hindus' Chorus Grows Radharaman Das Exclusive,2025-03-11,https://www.youtube.com/watch?v=hH9Y2FGeb-Y
#savehindus,Save Hindus jai sri ram 🚩🚩#shorts #youtubeshorts #viral #hindu ,2026-01-10,https://www.youtube.com/watch?v=e2nqfiSSinI
#savehindus,Save hindus save indians #mrpapuniart #video #drawing #art,2025-05-15,https://www.youtube.com/watch?v=pb6k1QhxMEU
#savehindus,‘Save Hindus in Bangladesh!’ Massive Outrage Over Hindu Youth Lynching | Protests Erupt Across India,2026-01-10,https://www.youtube.com/watch?v=7wbfij4TjuA
#savehindus,Should India Support and Save Bangladesh Hindus?,2025-03-11,https://www.youtube.com/watch?v=x8Vx5d_VQVs
#savehindus,Delhi riots: Muslim neighbours brave mob wrath to save Hindus in minority-dominated area,2020-03-12,https://www.youtube.com/watch?v=3_erjUvdqs0
#savehindus,Save Hindus 🕉 🙏,2023-03-12,https://www.youtube.com/watch?v=POhggZDJxdI
#savehindus,All Eyes On Bangladesh Hindus | Hindi Song | Save Bangladesh Hindus | Motivation Song | #bangladesh,2026-01-10,https://www.youtube.com/watch?v=0cJE7-1Ab4g
#savehindus,Powerful Hindu Shloka to CURE YOUR ILLNESS  - Sudarshana Ashtakam -  1 hr | Mantras for healing,2016-03-13,https://www.youtube.com/watch?v=6DxNOBnCOFA
#savehindus,"Save Bangladeshi Hindus: Hindu Man Khokon Das Attacked, Set on Fire in Shariatpur | NewsX",2026-01-10,https://www.youtube.com/watch?v=F63M3mbyVXI
#savehindus,"JUSTICE FOR HINDUS, SAVE HINDUS",2025-05-15,https://www.youtube.com/watch?v=jKlG8n2zbsI
#savehindus,Save Bangladesh Hindus: Yunus Silent | Will Paragons Of Freedom Intervene?,2025-03-11,https://www.youtube.com/watch?v=y2arnvwVVBk
#savehindus,American Protest Procession for save Hindus|Go ahead,2022-03-12,https://www.youtube.com/watch?v=QNpBuZJe_Sk
#savehindus,"save Hindus,Save Indians",2025-03-11,https://www.youtube.com/watch?v=qTXyx2VH4jg
#savehindus,Save World's Hindus Girls & Love Jihad New Video upload,2025-03-11,https://www.youtube.com/watch?v=JSwMBT3LVZY
#savehindus,Hindus Died Fighting Invaders to Save This Temple | save temples from Government,2022-03-12,https://www.youtube.com/watch?v=4rqhb2aPwyQ
#savehindus,How Lord Ganesha got his Elephant Head? | Mythological Stories from Mocomi Kids,2013-03-14,https://www.youtube.com/watch?v=g5E8dVk4XGM
#savehindus,Save Hindus from converting to Islam - My dear Hindus - Pls take 5 mts to listen and spread.,2022-03-12,https://www.youtube.com/watch?v=U12NxgFi2P8
#savehindus,How can Hindus save their heritage? Role of overseas Hindus in protecting Sanatan Dharma! Ep. 3,2023-03-12,https://www.youtube.com/watch?v=MrM9LOw3kIc
#savehindus,Adi Shankaracharya : How Lord SHIVA'S Incarnation Saved HINDUISM Forever,2025-03-11,https://www.youtube.com/watch?v=IYvC_coIOms
#savehindus,Save Hindus,2025-05-15,https://www.youtube.com/watch?v=eDLmZGxMHCs
#savehindus,Watch: ‘Save us Modiji’; Bangladeshi Hindus requests PM Modi,2022-03-12,https://www.youtube.com/watch?v=_vAdzTLCda4
#savehindus,Pt.8 - The Stunning Silence Of Modi Govt. As Hindus Come Under Fire in Bangladesh | Akash Banerjee,2026-01-10,https://www.youtube.com/watch?v=emUaV1B2wyw
#savehindus,Save Hindus girls 😥😭😭😭,2023-03-12,https://www.youtube.com/watch?v=DlD8M4E30xk
#savehindus,Sckon Temple Attack. Save Hindus.,2025-03-11,https://www.youtube.com/watch?v=G3NACDkSOnY
#savehindus,"Women Protestor speaking to iAsianews at Silent Protest ""Save Hindus in Bangladesh"" in Dallas,Texas.",2022-03-12,https://www.youtube.com/watch?v=OzRSKadqmfY
#savehindus,All Eyes on Bangladesh | A Call for Humanity | Save Hindus,2026-01-10,https://www.youtube.com/watch?v=tQ76kEnPIq0
#savehindus,"please save Hindus, islamic (jihadi) terrorist is very dangerous to society and the world, very care",2017-03-13,https://www.youtube.com/watch?v=M46If7p1bd0
#savehindus,"Student Protestor speaking at Silent Protest ""Save Hindus in Bangladesh"" in San Diego, California.",2022-03-12,https://www.youtube.com/watch?v=d7ciOi6h73k
#savehindus,"Women Protestors speaking to iAsianews at Silent Protest ""Save Hindus in Bangladesh""in Dallas,Texas.",2022-03-12,https://www.youtube.com/watch?v=zrPiu2OpvD8
#savehindus,"“Modi Ji, save Hindus”, Hindu protestor demands PM Modi to intervene to safeguard Hindus in B’desh",2026-01-10,https://www.youtube.com/watch?v=X6sjhO8WknA
#savehindus,Save Hindus save World 🙏🙏,2022-03-12,https://www.youtube.com/watch?v=uO_gqn5QsVY
#savehindus,Support Hinduism to save Hindus,2023-03-12,https://www.youtube.com/watch?v=jICUtvfP0eY
#savehindus,"HSS DFW members speaking to iAsianews at Silent Protest ""Save Hindus in Bangladesh"" in Dallas,Texas",2022-03-12,https://www.youtube.com/watch?v=v9jPZbhqT1A
#savehindus,Only Indian Hindus can save us from WAR - Hasan Reacts MEME,2025-03-11,https://www.youtube.com/watch?v=Jje-TJrMT9I
#savehindus,"This SAVED MY LIFE ! Shiva Parvati Mantra For Healing all Sufferings, Pain and Depression",2024-03-11,https://www.youtube.com/watch?v=ciQElHyzvX4
#savehindus,save hindus dharm culture,2024-03-11,https://www.youtube.com/watch?v=JrGsOT_6jZs
#savehindus,Muslim Save Hindus and Hindu Temple In Foreign // Etertainer Rohit,2018-03-13,https://www.youtube.com/watch?v=u07uZ0jHQ38
#savehindus,where is Human rights and humanity for Hindus? | Save Hindus | Pratyakshbw,2022-03-12,https://www.youtube.com/watch?v=G_QOOD2U0fk
#savehindus,Another Hindu Man Lynched In Bangladesh | How To Save Bangladeshi Hindus? | NewsX,2026-01-10,https://www.youtube.com/watch?v=GDf6wCuC6ZI
#savehindus,Save Bangladesh Hindus Episode 1,2025-03-11,https://www.youtube.com/watch?v=SQ83uCRnmbw
#savehindus,Save bhangladesh HINDUS,2025-03-11,https://www.youtube.com/watch?v=qBSjtGiFgMQ
#savehindus,OSHO- Save Hindus 🔥#osho ,2026-02-09,https://www.youtube.com/watch?v=Q5-Pwz48I2w
#savehindus,Isha He Hona Chaiye #savehindus #subscribe #savegirls #comment #astrology #vastu #sambidhan #support,2025-03-11,https://www.youtube.com/watch?v=OpbHopyGBgM
#savehindus,HAPPY DIWALI  || SAVE CULTURE || SAVE FESTIVAL ||SAVE HINDUS ALL OVER WORLD || SAVE HINDU FESTIVALS,2023-03-12,https://www.youtube.com/watch?v=5x_w3zKpcaA
#savehindus,Conditions of Bengali Hindus at Bangladesh //Save Hindus//100 to 28 to 9 % By Converted Hindus of BD,2022-03-12,https://www.youtube.com/watch?v=fg2wn0PgH3c
#savehindus,"Prodip Saha from Rhythm speaking to iAsianews at Silent Protest"" Save Hindus in Bangladesh""in Dallas",2022-03-12,https://www.youtube.com/watch?v=9mgBFOoZkXo
